rule_id,卡族,文件名,当前路径,目标路径,角色,缺rule_id,碎片标记
(缺失),AY,R-AY-096-….md,03-连接/概念页/R-AY-096-….md,06-沉淀/案由路由卡族/R-AY-096-….md,概念页指针,是,
(缺失),AY,R-AY-309-389单案由路由卡.md,03-连接/概念页/R-AY-309-389单案由路由卡.md,06-沉淀/案由路由卡族/R-AY-309-389单案由路由卡.md,概念页指针,是,
(缺失),AY,R-AY-0xx-技术合同纠纷单案由路由卡.md,03-连接/概念页/R-AY-0xx-技术合同纠纷单案由路由卡.md,06-沉淀/案由路由卡族/R-AY-0xx-技术合同纠纷单案由路由卡.md,概念页指针,是,
(缺失),AY,R-AY-097-….md,03-连接/概念页/R-AY-097-….md,06-沉淀/案由路由卡族/R-AY-097-….md,概念页指针,是,
(缺失),AY,R-AY-320-400单案由路由卡.md,03-连接/概念页/R-AY-320-400单案由路由卡.md,06-沉淀/案由路由卡族/R-AY-320-400单案由路由卡.md,概念页指针,是,
(缺失),AY,R-AY-096~097-著作权商标权权属侵权.md,03-连接/概念页/R-AY-096~097-著作权商标权权属侵权.md,06-沉淀/案由路由卡族/R-AY-096~097-著作权商标权权属侵权.md,概念页指针,是,
(缺失),AY,R-AY-321-401单案由路由卡.md,03-连接/概念页/R-AY-321-401单案由路由卡.md,06-沉淀/案由路由卡族/R-AY-321-401单案由路由卡.md,概念页指针,是,
(缺失),AY,R-AY-018-一般人格权纠纷单案由路由卡.md,03-连接/概念页/R-AY-018-一般人格权纠纷单案由路由卡.md,06-沉淀/案由路由卡族/R-AY-018-一般人格权纠纷单案由路由卡.md,概念页指针,是,
(缺失),AY,R-AY-302-保险纠纷全族单案由路由卡.md,03-连接/概念页/R-AY-302-保险纠纷全族单案由路由卡.md,06-沉淀/案由路由卡族/R-AY-302-保险纠纷全族单案由路由卡.md,概念页指针,是,
(缺失),AY,R-AY-013.md,03-连接/概念页/R-AY-013.md,06-沉淀/案由路由卡族/R-AY-013.md,概念页指针,是,
(缺失),AY,R-AY-315-395单案由路由卡.md,03-连接/概念页/R-AY-315-395单案由路由卡.md,06-沉淀/案由路由卡族/R-AY-315-395单案由路由卡.md,概念页指针,是,
(缺失),AY,R-AY-318-398单案由路由卡.md,03-连接/概念页/R-AY-318-398单案由路由卡.md,06-沉淀/案由路由卡族/R-AY-318-398单案由路由卡.md,概念页指针,是,
(缺失),AY,R-AY-003.md,03-连接/概念页/R-AY-003.md,06-沉淀/案由路由卡族/R-AY-003.md,概念页指针,是,
(缺失),AY,R-AY-017.md,03-连接/概念页/R-AY-017.md,06-沉淀/案由路由卡族/R-AY-017.md,概念页指针,是,
(缺失),AY,R-AY-311-391单案由路由卡.md,03-连接/概念页/R-AY-311-391单案由路由卡.md,06-沉淀/案由路由卡族/R-AY-311-391单案由路由卡.md,概念页指针,是,
(缺失),AY,R-AY-319-399单案由路由卡.md,03-连接/概念页/R-AY-319-399单案由路由卡.md,06-沉淀/案由路由卡族/R-AY-319-399单案由路由卡.md,概念页指针,是,
(缺失),AY,R-AY-314-394单案由路由卡.md,03-连接/概念页/R-AY-314-394单案由路由卡.md,06-沉淀/案由路由卡族/R-AY-314-394单案由路由卡.md,概念页指针,是,
(缺失),AY,R-AY-006.md,03-连接/概念页/R-AY-006.md,06-沉淀/案由路由卡族/R-AY-006.md,概念页指针,是,
(缺失),AY,R-AY-310-390单案由路由卡.md,03-连接/概念页/R-AY-310-390单案由路由卡.md,06-沉淀/案由路由卡族/R-AY-310-390单案由路由卡.md,概念页指针,是,
(缺失),AY,R-AY-313-393单案由路由卡.md,03-连接/概念页/R-AY-313-393单案由路由卡.md,06-沉淀/案由路由卡族/R-AY-313-393单案由路由卡.md,概念页指针,是,
(缺失),AY,R-AY-317-397单案由路由卡.md,03-连接/概念页/R-AY-317-397单案由路由卡.md,06-沉淀/案由路由卡族/R-AY-317-397单案由路由卡.md,概念页指针,是,
(缺失),AY,R-AY-039.md,03-连接/概念页/R-AY-039.md,06-沉淀/案由路由卡族/R-AY-039.md,概念页指针,是,
(缺失),AY,R-AY-165-医疗损害责任vs医疗服务合同定性分野卡.md,03-连接/概念页/R-AY-165-医疗损害责任vs医疗服务合同定性分野卡.md,06-沉淀/案由路由卡族/R-AY-165-医疗损害责任vs医疗服务合同定性分野卡.md,概念页指针,是,
(缺失),AY,R-AY-312-392单案由路由卡.md,03-连接/概念页/R-AY-312-392单案由路由卡.md,06-沉淀/案由路由卡族/R-AY-312-392单案由路由卡.md,概念页指针,是,
(缺失),AY,R-AY-008.md,03-连接/概念页/R-AY-008.md,06-沉淀/案由路由卡族/R-AY-008.md,概念页指针,是,
(缺失),AY,R-AY-316-396单案由路由卡.md,03-连接/概念页/R-AY-316-396单案由路由卡.md,06-沉淀/案由路由卡族/R-AY-316-396单案由路由卡.md,概念页指针,是,
R-AY-001,AY,R-AY-001-买卖合同承揽合同装饰装修合同定性分野.md,06-沉淀/裁判规则库/案由路由/R-AY-001-买卖合同承揽合同装饰装修合同定性分野.md,06-沉淀/案由路由卡族/R-AY-001-买卖合同承揽合同装饰装修合同定性分野.md,主卡,,
R-AY-002,AY,R-AY-002-保证合同纠纷定性边界与保证方式推定.md,06-沉淀/裁判规则库/案由路由/R-AY-002-保证合同纠纷定性边界与保证方式推定.md,06-沉淀/案由路由卡族/R-AY-002-保证合同纠纷定性边界与保证方式推定.md,主卡,,
R-AY-003,AY,R-AY-003-赠与合同与公益事业捐赠定性边界.md,06-沉淀/裁判规则库/案由路由/R-AY-003-赠与合同与公益事业捐赠定性边界.md,06-沉淀/案由路由卡族/R-AY-003-赠与合同与公益事业捐赠定性边界.md,主卡,,
R-AY-004,AY,R-AY-004-建设工程合同全族定性与专属管辖.md,06-沉淀/裁判规则库/案由路由/R-AY-004-建设工程合同全族定性与专属管辖.md,06-沉淀/案由路由卡族/R-AY-004-建设工程合同全族定性与专属管辖.md,主卡,,
R-AY-005,AY,R-AY-005-医疗服务合同与医疗损害责任定性分野.md,06-沉淀/裁判规则库/案由路由/R-AY-005-医疗服务合同与医疗损害责任定性分野.md,06-沉淀/案由路由卡族/R-AY-005-医疗服务合同与医疗损害责任定性分野.md,主卡,,
R-AY-006,AY,R-AY-006-服务合同承揽合同委托合同定性分野.md,06-沉淀/裁判规则库/案由路由/R-AY-006-服务合同承揽合同委托合同定性分野.md,06-沉淀/案由路由卡族/R-AY-006-服务合同承揽合同委托合同定性分野.md,主卡,,
R-AY-007,AY,R-AY-007-买卖合同全族与检验期间质量异议.md,06-沉淀/裁判规则库/案由路由/R-AY-007-买卖合同全族与检验期间质量异议.md,06-沉淀/案由路由卡族/R-AY-007-买卖合同全族与检验期间质量异议.md,主卡,,
R-AY-008,AY,R-AY-008-名誉权荣誉权定性分野.md,06-沉淀/裁判规则库/案由路由/R-AY-008-名誉权荣誉权定性分野.md,06-沉淀/案由路由卡族/R-AY-008-名誉权荣誉权定性分野.md,主卡,,
R-AY-009,AY,R-AY-009-隐私权个人信息保护定性分野.md,06-沉淀/裁判规则库/案由路由/R-AY-009-隐私权个人信息保护定性分野.md,06-沉淀/案由路由卡族/R-AY-009-隐私权个人信息保护定性分野.md,主卡,,
R-AY-010,AY,R-AY-010-姓名权名称权定性分野.md,06-沉淀/裁判规则库/案由路由/R-AY-010-姓名权名称权定性分野.md,06-沉淀/案由路由卡族/R-AY-010-姓名权名称权定性分野.md,主卡,,
R-AY-011,AY,R-AY-011-声音保护肖像权定性分野.md,06-沉淀/裁判规则库/案由路由/R-AY-011-声音保护肖像权定性分野.md,06-沉淀/案由路由卡族/R-AY-011-声音保护肖像权定性分野.md,主卡,,
R-AY-012,AY,R-AY-012-生命权身体权健康权纠纷单案由路由卡.md,06-沉淀/裁判规则库/案由路由/R-AY-012-生命权身体权健康权纠纷单案由路由卡.md,06-沉淀/案由路由卡族/R-AY-012-生命权身体权健康权纠纷单案由路由卡.md,主卡,,
R-AY-013,AY,R-AY-013-名誉权纠纷单案由路由卡.md,06-沉淀/裁判规则库/案由路由/R-AY-013-名誉权纠纷单案由路由卡.md,06-沉淀/案由路由卡族/R-AY-013-名誉权纠纷单案由路由卡.md,主卡,,
R-AY-014,AY,R-AY-014-隐私权个人信息保护纠纷单案由路由卡.md,06-沉淀/裁判规则库/案由路由/R-AY-014-隐私权个人信息保护纠纷单案由路由卡.md,06-沉淀/案由路由卡族/R-AY-014-隐私权个人信息保护纠纷单案由路由卡.md,主卡,,
R-AY-015,AY,R-AY-015-肖像权纠纷单案由路由卡.md,06-沉淀/裁判规则库/案由路由/R-AY-015-肖像权纠纷单案由路由卡.md,06-沉淀/案由路由卡族/R-AY-015-肖像权纠纷单案由路由卡.md,主卡,,
R-AY-016,AY,R-AY-016-姓名权名称权纠纷单案由路由卡.md,06-沉淀/裁判规则库/案由路由/R-AY-016-姓名权名称权纠纷单案由路由卡.md,06-沉淀/案由路由卡族/R-AY-016-姓名权名称权纠纷单案由路由卡.md,主卡,,
R-AY-017,AY,R-AY-017-荣誉权纠纷单案由路由卡.md,06-沉淀/裁判规则库/案由路由/R-AY-017-荣誉权纠纷单案由路由卡.md,06-沉淀/案由路由卡族/R-AY-017-荣誉权纠纷单案由路由卡.md,主卡,,
R-AY-018,AY,R-AY-018-一般人格权纠纷平等就业权单案由路由卡.md,06-沉淀/裁判规则库/案由路由/R-AY-018-一般人格权纠纷平等就业权单案由路由卡.md,06-沉淀/案由路由卡族/R-AY-018-一般人格权纠纷平等就业权单案由路由卡.md,主卡,,
R-AY-019,AY,R-AY-019-人身自由权纠纷单案由路由卡.md,06-沉淀/裁判规则库/案由路由/R-AY-019-人身自由权纠纷单案由路由卡.md,06-沉淀/案由路由卡族/R-AY-019-人身自由权纠纷单案由路由卡.md,主卡,,
R-AY-020,AY,R-AY-020-婚姻自主权纠纷单案由路由卡.md,06-沉淀/裁判规则库/案由路由/R-AY-020-婚姻自主权纠纷单案由路由卡.md,06-沉淀/案由路由卡族/R-AY-020-婚姻自主权纠纷单案由路由卡.md,主卡,,
R-AY-021,AY,R-AY-021-声音保护纠纷单案由路由卡.md,06-沉淀/裁判规则库/案由路由/R-AY-021-声音保护纠纷单案由路由卡.md,06-沉淀/案由路由卡族/R-AY-021-声音保护纠纷单案由路由卡.md,主卡,,
R-AY-022,AY,R-AY-022-担保物权三类型抵押权质权留置权定性分野.md,06-沉淀/裁判规则库/案由路由/R-AY-022-担保物权三类型抵押权质权留置权定性分野.md,06-沉淀/案由路由卡族/R-AY-022-担保物权三类型抵押权质权留置权定性分野.md,主卡,,
R-AY-023,AY,R-AY-023-申请实现担保物权非讼vs担保物权纠纷诉讼程序定性分野.md,06-沉淀/裁判规则库/案由路由/R-AY-023-申请实现担保物权非讼vs担保物权纠纷诉讼程序定性分野.md,06-沉淀/案由路由卡族/R-AY-023-申请实现担保物权非讼vs担保物权纠纷诉讼程序定性分野.md,主卡,,
R-AY-024,AY,R-AY-024-抵押权纠纷单案由路由卡.md,06-沉淀/裁判规则库/案由路由/R-AY-024-抵押权纠纷单案由路由卡.md,06-沉淀/案由路由卡族/R-AY-024-抵押权纠纷单案由路由卡.md,主卡,,
R-AY-025,AY,R-AY-025-质权纠纷单案由路由卡.md,06-沉淀/裁判规则库/案由路由/R-AY-025-质权纠纷单案由路由卡.md,06-沉淀/案由路由卡族/R-AY-025-质权纠纷单案由路由卡.md,主卡,,
R-AY-026,AY,R-AY-026-留置权纠纷单案由路由卡.md,06-沉淀/裁判规则库/案由路由/R-AY-026-留置权纠纷单案由路由卡.md,06-沉淀/案由路由卡族/R-AY-026-留置权纠纷单案由路由卡.md,主卡,,
R-AY-027,AY,R-AY-027-最高额抵押权纠纷单案由路由卡.md,06-沉淀/裁判规则库/案由路由/R-AY-027-最高额抵押权纠纷单案由路由卡.md,06-沉淀/案由路由卡族/R-AY-027-最高额抵押权纠纷单案由路由卡.md,主卡,,
R-AY-028,AY,R-AY-028-动产浮动抵押纠纷单案由路由卡.md,06-沉淀/裁判规则库/案由路由/R-AY-028-动产浮动抵押纠纷单案由路由卡.md,06-沉淀/案由路由卡族/R-AY-028-动产浮动抵押纠纷单案由路由卡.md,主卡,,
R-AY-029,AY,R-AY-029-在建建筑物抵押权纠纷单案由路由卡.md,06-沉淀/裁判规则库/案由路由/R-AY-029-在建建筑物抵押权纠纷单案由路由卡.md,06-沉淀/案由路由卡族/R-AY-029-在建建筑物抵押权纠纷单案由路由卡.md,主卡,,
R-AY-030,AY,R-AY-030-权利质权纠纷单案由路由卡.md,06-沉淀/裁判规则库/案由路由/R-AY-030-权利质权纠纷单案由路由卡.md,06-沉淀/案由路由卡族/R-AY-030-权利质权纠纷单案由路由卡.md,主卡,,
R-AY-031,AY,R-AY-031-申请实现担保物权单案由路由卡.md,06-沉淀/裁判规则库/案由路由/R-AY-031-申请实现担保物权单案由路由卡.md,06-沉淀/案由路由卡族/R-AY-031-申请实现担保物权单案由路由卡.md,主卡,,
R-AY-032,AY,R-AY-032-劳动合同vs劳务合同定性分野.md,06-沉淀/裁判规则库/案由路由/R-AY-032-劳动合同vs劳务合同定性分野.md,06-沉淀/案由路由卡族/R-AY-032-劳动合同vs劳务合同定性分野.md,主卡,,
R-AY-033,AY,R-AY-033-工伤保险待遇工伤基金赔付vs普通人身损害雇主责任定性分野.md,06-沉淀/裁判规则库/案由路由/R-AY-033-工伤保险待遇工伤基金赔付vs普通人身损害雇主责任定性分野.md,06-沉淀/案由路由卡族/R-AY-033-工伤保险待遇工伤基金赔付vs普通人身损害雇主责任定性分野.md,主卡,,
R-AY-034,AY,R-AY-034-劳动合同纠纷全族单案由路由卡.md,06-沉淀/裁判规则库/案由路由/R-AY-034-劳动合同纠纷全族单案由路由卡.md,06-沉淀/案由路由卡族/R-AY-034-劳动合同纠纷全族单案由路由卡.md,主卡,,
R-AY-035,AY,R-AY-035-劳务合同纠纷单案由路由卡.md,06-沉淀/裁判规则库/案由路由/R-AY-035-劳务合同纠纷单案由路由卡.md,06-沉淀/案由路由卡族/R-AY-035-劳务合同纠纷单案由路由卡.md,主卡,,
R-AY-036,AY,R-AY-036-竞业限制纠纷单案由路由卡.md,06-沉淀/裁判规则库/案由路由/R-AY-036-竞业限制纠纷单案由路由卡.md,06-沉淀/案由路由卡族/R-AY-036-竞业限制纠纷单案由路由卡.md,主卡,,
R-AY-037,AY,R-AY-037-人事争议单案由路由卡.md,06-沉淀/裁判规则库/案由路由/R-AY-037-人事争议单案由路由卡.md,06-沉淀/案由路由卡族/R-AY-037-人事争议单案由路由卡.md,主卡,,
R-AY-038,AY,R-AY-038-工伤保险待遇纠纷单案由路由卡.md,06-沉淀/裁判规则库/案由路由/R-AY-038-工伤保险待遇纠纷单案由路由卡.md,06-沉淀/案由路由卡族/R-AY-038-工伤保险待遇纠纷单案由路由卡.md,主卡,,
R-AY-039,AY,R-AY-039-保管合同物资保管单案由路由卡.md,06-沉淀/裁判规则库/案由路由/R-AY-039-保管合同物资保管单案由路由卡.md,06-沉淀/案由路由卡族/R-AY-039-保管合同物资保管单案由路由卡.md,主卡,,
R-AY-040,AY,R-AY-040-基金会视角慈善服务合同族串联卡.md,06-沉淀/裁判规则库/案由路由/R-AY-040-基金会视角慈善服务合同族串联卡.md,06-沉淀/案由路由卡族/R-AY-040-基金会视角慈善服务合同族串联卡.md,主卡,,
R-AY-041,AY,R-AY-041-定金合同纠纷单案由路由卡.md,06-沉淀/裁判规则库/案由路由/R-AY-041-定金合同纠纷单案由路由卡.md,06-沉淀/案由路由卡族/R-AY-041-定金合同纠纷单案由路由卡.md,主卡,,
R-AY-042,AY,R-AY-042-借款合同纠纷单案由路由卡.md,06-沉淀/裁判规则库/案由路由/R-AY-042-借款合同纠纷单案由路由卡.md,06-沉淀/案由路由卡族/R-AY-042-借款合同纠纷单案由路由卡.md,主卡,,
R-AY-043,AY,R-AY-043-租赁合同房屋租赁单案由路由卡.md,06-沉淀/裁判规则库/案由路由/R-AY-043-租赁合同房屋租赁单案由路由卡.md,06-沉淀/案由路由卡族/R-AY-043-租赁合同房屋租赁单案由路由卡.md,主卡,,
R-AY-044,AY,R-AY-044-合伙合同纠纷单案由路由卡.md,06-沉淀/裁判规则库/案由路由/R-AY-044-合伙合同纠纷单案由路由卡.md,06-沉淀/案由路由卡族/R-AY-044-合伙合同纠纷单案由路由卡.md,主卡,,
R-AY-045,AY,R-AY-045-委托行纪中介三角定性分野.md,06-沉淀/裁判规则库/案由路由/R-AY-045-委托行纪中介三角定性分野.md,06-沉淀/案由路由卡族/R-AY-045-委托行纪中介三角定性分野.md,主卡,,
R-AY-046,AY,R-AY-046-运输合同纠纷全族单案由路由卡.md,06-沉淀/裁判规则库/案由路由/R-AY-046-运输合同纠纷全族单案由路由卡.md,06-沉淀/案由路由卡族/R-AY-046-运输合同纠纷全族单案由路由卡.md,主卡,,
R-AY-047,AY,R-AY-047-仓储合同纠纷单案由路由卡.md,06-沉淀/裁判规则库/案由路由/R-AY-047-仓储合同纠纷单案由路由卡.md,06-沉淀/案由路由卡族/R-AY-047-仓储合同纠纷单案由路由卡.md,主卡,,
R-AY-048,AY,R-AY-048-缔约过失预约确认合同效力三案由路由卡.md,06-沉淀/裁判规则库/案由路由/R-AY-048-缔约过失预约确认合同效力三案由路由卡.md,06-沉淀/案由路由卡族/R-AY-048-缔约过失预约确认合同效力三案由路由卡.md,主卡,,
R-AY-049,AY,R-AY-049-债的保全与转移六案由路由卡.md,06-沉淀/裁判规则库/案由路由/R-AY-049-债的保全与转移六案由路由卡.md,06-沉淀/案由路由卡族/R-AY-049-债的保全与转移六案由路由卡.md,主卡,,
R-AY-050,AY,R-AY-050-融资租赁保理合同纠纷路由卡.md,06-沉淀/裁判规则库/案由路由/R-AY-050-融资租赁保理合同纠纷路由卡.md,06-沉淀/案由路由卡族/R-AY-050-融资租赁保理合同纠纷路由卡.md,主卡,,
R-AY-051,AY,R-AY-051-抚养扶养赡养三费定性分野.md,06-沉淀/裁判规则库/案由路由/R-AY-051-抚养扶养赡养三费定性分野.md,06-沉淀/案由路由卡族/R-AY-051-抚养扶养赡养三费定性分野.md,主卡,,
R-AY-052,AY,R-AY-052-继承方式定性分野.md,06-沉淀/裁判规则库/案由路由/R-AY-052-继承方式定性分野.md,06-沉淀/案由路由卡族/R-AY-052-继承方式定性分野.md,主卡,,
R-AY-053,AY,R-AY-053-离婚纠纷全族单案由路由卡.md,06-沉淀/裁判规则库/案由路由/R-AY-053-离婚纠纷全族单案由路由卡.md,06-沉淀/案由路由卡族/R-AY-053-离婚纠纷全族单案由路由卡.md,主卡,,
R-AY-054,AY,R-AY-054-法定继承纠纷全族单案由路由卡.md,06-沉淀/裁判规则库/案由路由/R-AY-054-法定继承纠纷全族单案由路由卡.md,06-沉淀/案由路由卡族/R-AY-054-法定继承纠纷全族单案由路由卡.md,主卡,,
R-AY-055,AY,R-AY-055-离婚婚姻无效撤销婚姻效力定性分野.md,06-沉淀/裁判规则库/案由路由/R-AY-055-离婚婚姻无效撤销婚姻效力定性分野.md,06-沉淀/案由路由卡族/R-AY-055-离婚婚姻无效撤销婚姻效力定性分野.md,主卡,,
R-AY-056,AY,R-AY-056-婚约财产婚内财产分割同居析产分家析产定性分野.md,06-沉淀/裁判规则库/案由路由/R-AY-056-婚约财产婚内财产分割同居析产分家析产定性分野.md,06-沉淀/案由路由卡族/R-AY-056-婚约财产婚内财产分割同居析产分家析产定性分野.md,主卡,,
R-AY-057,AY,R-AY-057-婚约财产纠纷单案由路由卡.md,06-沉淀/裁判规则库/案由路由/R-AY-057-婚约财产纠纷单案由路由卡.md,06-沉淀/案由路由卡族/R-AY-057-婚约财产纠纷单案由路由卡.md,主卡,,
R-AY-058,AY,R-AY-058-婚内夫妻财产分割纠纷单案由路由卡.md,06-沉淀/裁判规则库/案由路由/R-AY-058-婚内夫妻财产分割纠纷单案由路由卡.md,06-沉淀/案由路由卡族/R-AY-058-婚内夫妻财产分割纠纷单案由路由卡.md,主卡,,
R-AY-059,AY,R-AY-059-离婚后财产纠纷单案由路由卡.md,06-沉淀/裁判规则库/案由路由/R-AY-059-离婚后财产纠纷单案由路由卡.md,06-沉淀/案由路由卡族/R-AY-059-离婚后财产纠纷单案由路由卡.md,主卡,,
R-AY-060,AY,R-AY-060-离婚后损害责任纠纷单案由路由卡.md,06-沉淀/裁判规则库/案由路由/R-AY-060-离婚后损害责任纠纷单案由路由卡.md,06-沉淀/案由路由卡族/R-AY-060-离婚后损害责任纠纷单案由路由卡.md,主卡,,
R-AY-061,AY,R-AY-061-婚姻无效纠纷单案由路由卡.md,06-沉淀/裁判规则库/案由路由/R-AY-061-婚姻无效纠纷单案由路由卡.md,06-沉淀/案由路由卡族/R-AY-061-婚姻无效纠纷单案由路由卡.md,主卡,,
R-AY-062,AY,R-AY-062-撤销婚姻纠纷单案由路由卡.md,06-沉淀/裁判规则库/案由路由/R-AY-062-撤销婚姻纠纷单案由路由卡.md,06-沉淀/案由路由卡族/R-AY-062-撤销婚姻纠纷单案由路由卡.md,主卡,,
R-AY-063,AY,R-AY-063-夫妻财产约定纠纷单案由路由卡.md,06-沉淀/裁判规则库/案由路由/R-AY-063-夫妻财产约定纠纷单案由路由卡.md,06-沉淀/案由路由卡族/R-AY-063-夫妻财产约定纠纷单案由路由卡.md,主卡,,
R-AY-064,AY,R-AY-064-同居关系纠纷全族单案由路由卡.md,06-沉淀/裁判规则库/案由路由/R-AY-064-同居关系纠纷全族单案由路由卡.md,06-沉淀/案由路由卡族/R-AY-064-同居关系纠纷全族单案由路由卡.md,主卡,,
R-AY-065,AY,R-AY-065-亲子关系纠纷单案由路由卡.md,06-沉淀/裁判规则库/案由路由/R-AY-065-亲子关系纠纷单案由路由卡.md,06-沉淀/案由路由卡族/R-AY-065-亲子关系纠纷单案由路由卡.md,主卡,,
R-AY-066,AY,R-AY-066-抚养纠纷全族单案由路由卡.md,06-沉淀/裁判规则库/案由路由/R-AY-066-抚养纠纷全族单案由路由卡.md,06-沉淀/案由路由卡族/R-AY-066-抚养纠纷全族单案由路由卡.md,主卡,,
R-AY-067,AY,R-AY-067-扶养纠纷全族单案由路由卡.md,06-沉淀/裁判规则库/案由路由/R-AY-067-扶养纠纷全族单案由路由卡.md,06-沉淀/案由路由卡族/R-AY-067-扶养纠纷全族单案由路由卡.md,主卡,,
R-AY-068,AY,R-AY-068-赡养纠纷全族单案由路由卡.md,06-沉淀/裁判规则库/案由路由/R-AY-068-赡养纠纷全族单案由路由卡.md,06-沉淀/案由路由卡族/R-AY-068-赡养纠纷全族单案由路由卡.md,主卡,,
R-AY-069,AY,R-AY-069-收养关系纠纷单案由路由卡.md,06-沉淀/裁判规则库/案由路由/R-AY-069-收养关系纠纷单案由路由卡.md,06-沉淀/案由路由卡族/R-AY-069-收养关系纠纷单案由路由卡.md,主卡,,
R-AY-070,AY,R-AY-070-监护权纠纷单案由路由卡.md,06-沉淀/裁判规则库/案由路由/R-AY-070-监护权纠纷单案由路由卡.md,06-沉淀/案由路由卡族/R-AY-070-监护权纠纷单案由路由卡.md,主卡,,
R-AY-071,AY,R-AY-071-探望权纠纷单案由路由卡.md,06-沉淀/裁判规则库/案由路由/R-AY-071-探望权纠纷单案由路由卡.md,06-沉淀/案由路由卡族/R-AY-071-探望权纠纷单案由路由卡.md,主卡,,
R-AY-072,AY,R-AY-072-分家析产纠纷单案由路由卡.md,06-沉淀/裁判规则库/案由路由/R-AY-072-分家析产纠纷单案由路由卡.md,06-沉淀/案由路由卡族/R-AY-072-分家析产纠纷单案由路由卡.md,主卡,,
R-AY-073,AY,R-AY-073-遗嘱继承纠纷单案由路由卡.md,06-沉淀/裁判规则库/案由路由/R-AY-073-遗嘱继承纠纷单案由路由卡.md,06-沉淀/案由路由卡族/R-AY-073-遗嘱继承纠纷单案由路由卡.md,主卡,,
R-AY-074,AY,R-AY-074-被继承人债务清偿纠纷单案由路由卡.md,06-沉淀/裁判规则库/案由路由/R-AY-074-被继承人债务清偿纠纷单案由路由卡.md,06-沉淀/案由路由卡族/R-AY-074-被继承人债务清偿纠纷单案由路由卡.md,主卡,,
R-AY-075,AY,R-AY-075-遗赠纠纷单案由路由卡.md,06-沉淀/裁判规则库/案由路由/R-AY-075-遗赠纠纷单案由路由卡.md,06-沉淀/案由路由卡族/R-AY-075-遗赠纠纷单案由路由卡.md,主卡,,
R-AY-076,AY,R-AY-076-遗赠扶养协议纠纷单案由路由卡.md,06-沉淀/裁判规则库/案由路由/R-AY-076-遗赠扶养协议纠纷单案由路由卡.md,06-沉淀/案由路由卡族/R-AY-076-遗赠扶养协议纠纷单案由路由卡.md,主卡,,
R-AY-077,AY,R-AY-077-非遗产继承人分配遗产纠纷单案由路由卡.md,06-沉淀/裁判规则库/案由路由/R-AY-077-非遗产继承人分配遗产纠纷单案由路由卡.md,06-沉淀/案由路由卡族/R-AY-077-非遗产继承人分配遗产纠纷单案由路由卡.md,主卡,,
R-AY-078,AY,R-AY-078-遗产管理纠纷全族单案由路由卡.md,06-沉淀/裁判规则库/案由路由/R-AY-078-遗产管理纠纷全族单案由路由卡.md,06-沉淀/案由路由卡族/R-AY-078-遗产管理纠纷全族单案由路由卡.md,主卡,,
R-AY-079,AY,R-AY-079-著作权合同纠纷单案由路由卡.md,06-沉淀/裁判规则库/案由路由/R-AY-079-著作权合同纠纷单案由路由卡.md,06-沉淀/案由路由卡族/R-AY-079-著作权合同纠纷单案由路由卡.md,主卡,,
R-AY-080,AY,R-AY-080-商标合同纠纷单案由路由卡.md,06-沉淀/裁判规则库/案由路由/R-AY-080-商标合同纠纷单案由路由卡.md,06-沉淀/案由路由卡族/R-AY-080-商标合同纠纷单案由路由卡.md,主卡,,
R-AY-081,AY,R-AY-081-发明专利合同纠纷单案由路由卡.md,06-沉淀/裁判规则库/案由路由/R-AY-081-发明专利合同纠纷单案由路由卡.md,06-沉淀/案由路由卡族/R-AY-081-发明专利合同纠纷单案由路由卡.md,主卡,,
R-AY-082,AY,R-AY-082-实用新型专利合同纠纷单案由路由卡.md,06-沉淀/裁判规则库/案由路由/R-AY-082-实用新型专利合同纠纷单案由路由卡.md,06-沉淀/案由路由卡族/R-AY-082-实用新型专利合同纠纷单案由路由卡.md,主卡,,
R-AY-083,AY,R-AY-083-外观设计专利合同纠纷单案由路由卡.md,06-沉淀/裁判规则库/案由路由/R-AY-083-外观设计专利合同纠纷单案由路由卡.md,06-沉淀/案由路由卡族/R-AY-083-外观设计专利合同纠纷单案由路由卡.md,主卡,,
R-AY-084,AY,R-AY-084-植物新品种合同纠纷单案由路由卡.md,06-沉淀/裁判规则库/案由路由/R-AY-084-植物新品种合同纠纷单案由路由卡.md,06-沉淀/案由路由卡族/R-AY-084-植物新品种合同纠纷单案由路由卡.md,主卡,,
R-AY-085,AY,R-AY-085-集成电路布图设计合同纠纷单案由路由卡.md,06-沉淀/裁判规则库/案由路由/R-AY-085-集成电路布图设计合同纠纷单案由路由卡.md,06-沉淀/案由路由卡族/R-AY-085-集成电路布图设计合同纠纷单案由路由卡.md,主卡,,
R-AY-086,AY,R-AY-086-商业秘密合同纠纷单案由路由卡.md,06-沉淀/裁判规则库/案由路由/R-AY-086-商业秘密合同纠纷单案由路由卡.md,06-沉淀/案由路由卡族/R-AY-086-商业秘密合同纠纷单案由路由卡.md,主卡,,
R-AY-087,AY,R-AY-087-遗赠扶养协议vs遗赠vs赠与合同定性分野.md,06-沉淀/裁判规则库/案由路由/R-AY-087-遗赠扶养协议vs遗赠vs赠与合同定性分野.md,06-沉淀/案由路由卡族/R-AY-087-遗赠扶养协议vs遗赠vs赠与合同定性分野.md,主卡,,
R-AY-088,AY,R-AY-088-非遗产继承人分配遗产管理定性分野.md,06-沉淀/裁判规则库/案由路由/R-AY-088-非遗产继承人分配遗产管理定性分野.md,06-沉淀/案由路由卡族/R-AY-088-非遗产继承人分配遗产管理定性分野.md,主卡,,
R-AY-089,AY,R-AY-089-技术合同vs知识产权合同其他类型定性分野.md,06-沉淀/裁判规则库/案由路由/R-AY-089-技术合同vs知识产权合同其他类型定性分野.md,06-沉淀/案由路由卡族/R-AY-089-技术合同vs知识产权合同其他类型定性分野.md,主卡,,
R-AY-090,AY,R-AY-090-技术合同纠纷单案由路由卡.md,06-沉淀/裁判规则库/案由路由/R-AY-090-技术合同纠纷单案由路由卡.md,06-沉淀/案由路由卡族/R-AY-090-技术合同纠纷单案由路由卡.md,主卡,,
R-AY-091,AY,R-AY-091-特许经营合同纠纷单案由路由卡.md,06-沉淀/裁判规则库/案由路由/R-AY-091-特许经营合同纠纷单案由路由卡.md,06-沉淀/案由路由卡族/R-AY-091-特许经营合同纠纷单案由路由卡.md,主卡,,
R-AY-092,AY,R-AY-092-企业名称合同纠纷单案由路由卡.md,06-沉淀/裁判规则库/案由路由/R-AY-092-企业名称合同纠纷单案由路由卡.md,06-沉淀/案由路由卡族/R-AY-092-企业名称合同纠纷单案由路由卡.md,主卡,,
R-AY-093,AY,R-AY-093-特殊标志合同纠纷单案由路由卡.md,06-沉淀/裁判规则库/案由路由/R-AY-093-特殊标志合同纠纷单案由路由卡.md,06-沉淀/案由路由卡族/R-AY-093-特殊标志合同纠纷单案由路由卡.md,主卡,,
R-AY-094,AY,R-AY-094-网络域名合同纠纷单案由路由卡.md,06-沉淀/裁判规则库/案由路由/R-AY-094-网络域名合同纠纷单案由路由卡.md,06-沉淀/案由路由卡族/R-AY-094-网络域名合同纠纷单案由路由卡.md,主卡,,
R-AY-095,AY,R-AY-095-知识产权质押合同纠纷单案由路由卡.md,06-沉淀/裁判规则库/案由路由/R-AY-095-知识产权质押合同纠纷单案由路由卡.md,06-沉淀/案由路由卡族/R-AY-095-知识产权质押合同纠纷单案由路由卡.md,主卡,,
R-AY-096,AY,R-AY-096-著作权权属-侵权纠纷单案由路由卡.md,06-沉淀/裁判规则库/案由路由/R-AY-096-著作权权属-侵权纠纷单案由路由卡.md,06-沉淀/案由路由卡族/R-AY-096-著作权权属-侵权纠纷单案由路由卡.md,主卡,,
R-AY-097,AY,R-AY-097-商标权权属-侵权纠纷单案由路由卡.md,06-沉淀/裁判规则库/案由路由/R-AY-097-商标权权属-侵权纠纷单案由路由卡.md,06-沉淀/案由路由卡族/R-AY-097-商标权权属-侵权纠纷单案由路由卡.md,主卡,,
R-AY-098,AY,R-AY-098-地理标志侵权纠纷单案由路由卡.md,06-沉淀/裁判规则库/案由路由/R-AY-098-地理标志侵权纠纷单案由路由卡.md,06-沉淀/案由路由卡族/R-AY-098-地理标志侵权纠纷单案由路由卡.md,主卡,,
R-AY-099,AY,R-AY-099-发明专利权权属-侵权纠纷单案由路由卡.md,06-沉淀/裁判规则库/案由路由/R-AY-099-发明专利权权属-侵权纠纷单案由路由卡.md,06-沉淀/案由路由卡族/R-AY-099-发明专利权权属-侵权纠纷单案由路由卡.md,主卡,,
R-AY-100,AY,R-AY-100-实用新型专利权权属-侵权纠纷单案由路由卡.md,06-沉淀/裁判规则库/案由路由/R-AY-100-实用新型专利权权属-侵权纠纷单案由路由卡.md,06-沉淀/案由路由卡族/R-AY-100-实用新型专利权权属-侵权纠纷单案由路由卡.md,主卡,,
R-AY-101,AY,R-AY-101-外观设计专利权权属-侵权纠纷单案由路由卡.md,06-沉淀/裁判规则库/案由路由/R-AY-101-外观设计专利权权属-侵权纠纷单案由路由卡.md,06-沉淀/案由路由卡族/R-AY-101-外观设计专利权权属-侵权纠纷单案由路由卡.md,主卡,,
R-AY-102,AY,R-AY-102-标准必要专利纠纷单案由路由卡.md,06-沉淀/裁判规则库/案由路由/R-AY-102-标准必要专利纠纷单案由路由卡.md,06-沉淀/案由路由卡族/R-AY-102-标准必要专利纠纷单案由路由卡.md,主卡,,
R-AY-103,AY,R-AY-103-植物新品种权权属-侵权纠纷单案由路由卡.md,06-沉淀/裁判规则库/案由路由/R-AY-103-植物新品种权权属-侵权纠纷单案由路由卡.md,06-沉淀/案由路由卡族/R-AY-103-植物新品种权权属-侵权纠纷单案由路由卡.md,主卡,,
R-AY-104,AY,R-AY-104-集成电路布图设计专有权权属-侵权纠纷单案由路由卡.md,06-沉淀/裁判规则库/案由路由/R-AY-104-集成电路布图设计专有权权属-侵权纠纷单案由路由卡.md,06-沉淀/案由路由卡族/R-AY-104-集成电路布图设计专有权权属-侵权纠纷单案由路由卡.md,主卡,,
R-AY-105,AY,R-AY-105-侵害企业名称权纠纷单案由路由卡.md,06-沉淀/裁判规则库/案由路由/R-AY-105-侵害企业名称权纠纷单案由路由卡.md,06-沉淀/案由路由卡族/R-AY-105-侵害企业名称权纠纷单案由路由卡.md,主卡,,
R-AY-106,AY,R-AY-106-侵害特殊标志专有权纠纷单案由路由卡.md,06-沉淀/裁判规则库/案由路由/R-AY-106-侵害特殊标志专有权纠纷单案由路由卡.md,06-沉淀/案由路由卡族/R-AY-106-侵害特殊标志专有权纠纷单案由路由卡.md,主卡,,
R-AY-107,AY,R-AY-107-网络域名权属-侵权纠纷单案由路由卡.md,06-沉淀/裁判规则库/案由路由/R-AY-107-网络域名权属-侵权纠纷单案由路由卡.md,06-沉淀/案由路由卡族/R-AY-107-网络域名权属-侵权纠纷单案由路由卡.md,主卡,,
R-AY-108,AY,R-AY-108-发现权纠纷单案由路由卡.md,06-沉淀/裁判规则库/案由路由/R-AY-108-发现权纠纷单案由路由卡.md,06-沉淀/案由路由卡族/R-AY-108-发现权纠纷单案由路由卡.md,主卡,,
R-AY-109,AY,R-AY-109-发明权纠纷单案由路由卡.md,06-沉淀/裁判规则库/案由路由/R-AY-109-发明权纠纷单案由路由卡.md,06-沉淀/案由路由卡族/R-AY-109-发明权纠纷单案由路由卡.md,主卡,,
R-AY-110,AY,R-AY-110-其他科技成果权纠纷单案由路由卡.md,06-沉淀/裁判规则库/案由路由/R-AY-110-其他科技成果权纠纷单案由路由卡.md,06-沉淀/案由路由卡族/R-AY-110-其他科技成果权纠纷单案由路由卡.md,主卡,,
R-AY-111,AY,R-AY-111-确认不侵害知识产权纠纷单案由路由卡.md,06-沉淀/裁判规则库/案由路由/R-AY-111-确认不侵害知识产权纠纷单案由路由卡.md,06-沉淀/案由路由卡族/R-AY-111-确认不侵害知识产权纠纷单案由路由卡.md,主卡,,
R-AY-112,AY,R-AY-112-药品专利链接纠纷单案由路由卡.md,06-沉淀/裁判规则库/案由路由/R-AY-112-药品专利链接纠纷单案由路由卡.md,06-沉淀/案由路由卡族/R-AY-112-药品专利链接纠纷单案由路由卡.md,主卡,,
R-AY-113,AY,R-AY-113-因申请知识产权临时措施损害责任纠纷单案由路由卡.md,06-沉淀/裁判规则库/案由路由/R-AY-113-因申请知识产权临时措施损害责任纠纷单案由路由卡.md,06-沉淀/案由路由卡族/R-AY-113-因申请知识产权临时措施损害责任纠纷单案由路由卡.md,主卡,,
R-AY-114,AY,R-AY-114-因恶意提起知识产权诉讼损害责任纠纷单案由路由卡.md,06-沉淀/裁判规则库/案由路由/R-AY-114-因恶意提起知识产权诉讼损害责任纠纷单案由路由卡.md,06-沉淀/案由路由卡族/R-AY-114-因恶意提起知识产权诉讼损害责任纠纷单案由路由卡.md,主卡,,
R-AY-115,AY,R-AY-115-专利权宣告无效后返还费用纠纷单案由路由卡.md,06-沉淀/裁判规则库/案由路由/R-AY-115-专利权宣告无效后返还费用纠纷单案由路由卡.md,06-沉淀/案由路由卡族/R-AY-115-专利权宣告无效后返还费用纠纷单案由路由卡.md,主卡,,
R-AY-116,AY,R-AY-116-植物新品种权宣告无效后返还费用纠纷单案由路由卡.md,06-沉淀/裁判规则库/案由路由/R-AY-116-植物新品种权宣告无效后返还费用纠纷单案由路由卡.md,06-沉淀/案由路由卡族/R-AY-116-植物新品种权宣告无效后返还费用纠纷单案由路由卡.md,主卡,,
R-AY-117,AY,R-AY-117-集成电路布图设计专有权撤销后返还费用纠纷单案由路由卡.md,06-沉淀/裁判规则库/案由路由/R-AY-117-集成电路布图设计专有权撤销后返还费用纠纷单案由路由卡.md,06-沉淀/案由路由卡族/R-AY-117-集成电路布图设计专有权撤销后返还费用纠纷单案由路由卡.md,主卡,,
R-AY-118,AY,R-AY-118-仿冒纠纷单案由路由卡.md,06-沉淀/裁判规则库/案由路由/R-AY-118-仿冒纠纷单案由路由卡.md,06-沉淀/案由路由卡族/R-AY-118-仿冒纠纷单案由路由卡.md,主卡,,
R-AY-119,AY,R-AY-119-商业贿赂不正当竞争纠纷单案由路由卡.md,06-沉淀/裁判规则库/案由路由/R-AY-119-商业贿赂不正当竞争纠纷单案由路由卡.md,06-沉淀/案由路由卡族/R-AY-119-商业贿赂不正当竞争纠纷单案由路由卡.md,主卡,,
R-AY-120,AY,R-AY-120-虚假宣传纠纷单案由路由卡.md,06-沉淀/裁判规则库/案由路由/R-AY-120-虚假宣传纠纷单案由路由卡.md,06-沉淀/案由路由卡族/R-AY-120-虚假宣传纠纷单案由路由卡.md,主卡,,
R-AY-121,AY,R-AY-121-侵害商业秘密纠纷单案由路由卡.md,06-沉淀/裁判规则库/案由路由/R-AY-121-侵害商业秘密纠纷单案由路由卡.md,06-沉淀/案由路由卡族/R-AY-121-侵害商业秘密纠纷单案由路由卡.md,主卡,,
R-AY-122,AY,R-AY-122-不正当有奖销售纠纷单案由路由卡.md,06-沉淀/裁判规则库/案由路由/R-AY-122-不正当有奖销售纠纷单案由路由卡.md,06-沉淀/案由路由卡族/R-AY-122-不正当有奖销售纠纷单案由路由卡.md,主卡,,
R-AY-123,AY,R-AY-123-商业诋毁纠纷单案由路由卡.md,06-沉淀/裁判规则库/案由路由/R-AY-123-商业诋毁纠纷单案由路由卡.md,06-沉淀/案由路由卡族/R-AY-123-商业诋毁纠纷单案由路由卡.md,主卡,,
R-AY-124,AY,R-AY-124-串通投标不正当竞争纠纷单案由路由卡.md,06-沉淀/裁判规则库/案由路由/R-AY-124-串通投标不正当竞争纠纷单案由路由卡.md,06-沉淀/案由路由卡族/R-AY-124-串通投标不正当竞争纠纷单案由路由卡.md,主卡,,
R-AY-125,AY,R-AY-125-网络不正当竞争纠纷单案由路由卡.md,06-沉淀/裁判规则库/案由路由/R-AY-125-网络不正当竞争纠纷单案由路由卡.md,06-沉淀/案由路由卡族/R-AY-125-网络不正当竞争纠纷单案由路由卡.md,主卡,,
R-AY-126,AY,R-AY-126-平台经营者强制低价销售纠纷单案由路由卡.md,06-沉淀/裁判规则库/案由路由/R-AY-126-平台经营者强制低价销售纠纷单案由路由卡.md,06-沉淀/案由路由卡族/R-AY-126-平台经营者强制低价销售纠纷单案由路由卡.md,主卡,,
R-AY-127,AY,R-AY-127-滥用优势地位拖欠中小企业账款纠纷单案由路由卡.md,06-沉淀/裁判规则库/案由路由/R-AY-127-滥用优势地位拖欠中小企业账款纠纷单案由路由卡.md,06-沉淀/案由路由卡族/R-AY-127-滥用优势地位拖欠中小企业账款纠纷单案由路由卡.md,主卡,,
R-AY-128,AY,R-AY-128-垄断协议纠纷单案由路由卡.md,06-沉淀/裁判规则库/案由路由/R-AY-128-垄断协议纠纷单案由路由卡.md,06-沉淀/案由路由卡族/R-AY-128-垄断协议纠纷单案由路由卡.md,主卡,,
R-AY-129,AY,R-AY-129-滥用市场支配地位纠纷单案由路由卡.md,06-沉淀/裁判规则库/案由路由/R-AY-129-滥用市场支配地位纠纷单案由路由卡.md,06-沉淀/案由路由卡族/R-AY-129-滥用市场支配地位纠纷单案由路由卡.md,主卡,,
R-AY-130,AY,R-AY-130-经营者集中纠纷单案由路由卡.md,06-沉淀/裁判规则库/案由路由/R-AY-130-经营者集中纠纷单案由路由卡.md,06-沉淀/案由路由卡族/R-AY-130-经营者集中纠纷单案由路由卡.md,主卡,,
R-AY-131,AY,R-AY-131-监护人责任纠纷单案由路由卡.md,06-沉淀/裁判规则库/案由路由/R-AY-131-监护人责任纠纷单案由路由卡.md,06-沉淀/案由路由卡族/R-AY-131-监护人责任纠纷单案由路由卡.md,主卡,,
R-AY-132,AY,R-AY-132-用人单位责任纠纷单案由路由卡.md,06-沉淀/裁判规则库/案由路由/R-AY-132-用人单位责任纠纷单案由路由卡.md,06-沉淀/案由路由卡族/R-AY-132-用人单位责任纠纷单案由路由卡.md,主卡,,
R-AY-133,AY,R-AY-133-劳务派遣工作人员侵权责任纠纷单案由路由卡.md,06-沉淀/裁判规则库/案由路由/R-AY-133-劳务派遣工作人员侵权责任纠纷单案由路由卡.md,06-沉淀/案由路由卡族/R-AY-133-劳务派遣工作人员侵权责任纠纷单案由路由卡.md,主卡,,
R-AY-134,AY,R-AY-134-提供劳务者致害责任纠纷单案由路由卡.md,06-沉淀/裁判规则库/案由路由/R-AY-134-提供劳务者致害责任纠纷单案由路由卡.md,06-沉淀/案由路由卡族/R-AY-134-提供劳务者致害责任纠纷单案由路由卡.md,主卡,,
R-AY-135,AY,R-AY-135-提供劳务者受害责任纠纷单案由路由卡.md,06-沉淀/裁判规则库/案由路由/R-AY-135-提供劳务者受害责任纠纷单案由路由卡.md,06-沉淀/案由路由卡族/R-AY-135-提供劳务者受害责任纠纷单案由路由卡.md,主卡,,
R-AY-136,AY,R-AY-136-违反安全保障义务责任纠纷单案由路由卡.md,06-沉淀/裁判规则库/案由路由/R-AY-136-违反安全保障义务责任纠纷单案由路由卡.md,06-沉淀/案由路由卡族/R-AY-136-违反安全保障义务责任纠纷单案由路由卡.md,主卡,,
R-AY-137,AY,R-AY-137-教育机构责任纠纷单案由路由卡.md,06-沉淀/裁判规则库/案由路由/R-AY-137-教育机构责任纠纷单案由路由卡.md,06-沉淀/案由路由卡族/R-AY-137-教育机构责任纠纷单案由路由卡.md,主卡,,
R-AY-138,AY,R-AY-138-性骚扰损害责任纠纷单案由路由卡.md,06-沉淀/裁判规则库/案由路由/R-AY-138-性骚扰损害责任纠纷单案由路由卡.md,06-沉淀/案由路由卡族/R-AY-138-性骚扰损害责任纠纷单案由路由卡.md,主卡,,
R-AY-139,AY,R-AY-139-产品责任纠纷单案由路由卡.md,06-沉淀/裁判规则库/案由路由/R-AY-139-产品责任纠纷单案由路由卡.md,06-沉淀/案由路由卡族/R-AY-139-产品责任纠纷单案由路由卡.md,主卡,,
R-AY-140,AY,R-AY-140-机动车交通事故责任纠纷单案由路由卡.md,06-沉淀/裁判规则库/案由路由/R-AY-140-机动车交通事故责任纠纷单案由路由卡.md,06-沉淀/案由路由卡族/R-AY-140-机动车交通事故责任纠纷单案由路由卡.md,主卡,,
R-AY-141,AY,R-AY-141-非机动车交通事故责任纠纷单案由路由卡.md,06-沉淀/裁判规则库/案由路由/R-AY-141-非机动车交通事故责任纠纷单案由路由卡.md,06-沉淀/案由路由卡族/R-AY-141-非机动车交通事故责任纠纷单案由路由卡.md,主卡,,
R-AY-142,AY,R-AY-142-医疗损害责任纠纷单案由路由卡.md,06-沉淀/裁判规则库/案由路由/R-AY-142-医疗损害责任纠纷单案由路由卡.md,06-沉淀/案由路由卡族/R-AY-142-医疗损害责任纠纷单案由路由卡.md,主卡,,
R-AY-143,AY,R-AY-143-环境污染责任纠纷单案由路由卡.md,06-沉淀/裁判规则库/案由路由/R-AY-143-环境污染责任纠纷单案由路由卡.md,06-沉淀/案由路由卡族/R-AY-143-环境污染责任纠纷单案由路由卡.md,主卡,,
R-AY-144,AY,R-AY-144-生态破坏责任纠纷单案由路由卡.md,06-沉淀/裁判规则库/案由路由/R-AY-144-生态破坏责任纠纷单案由路由卡.md,06-沉淀/案由路由卡族/R-AY-144-生态破坏责任纠纷单案由路由卡.md,主卡,,
R-AY-145,AY,R-AY-145-越界勘查、开采矿产资源责任纠纷单案由路由卡.md,06-沉淀/裁判规则库/案由路由/R-AY-145-越界勘查、开采矿产资源责任纠纷单案由路由卡.md,06-沉淀/案由路由卡族/R-AY-145-越界勘查、开采矿产资源责任纠纷单案由路由卡.md,主卡,,
R-AY-146,AY,R-AY-146-矿产资源压覆侵权责任纠纷单案由路由卡.md,06-沉淀/裁判规则库/案由路由/R-AY-146-矿产资源压覆侵权责任纠纷单案由路由卡.md,06-沉淀/案由路由卡族/R-AY-146-矿产资源压覆侵权责任纠纷单案由路由卡.md,主卡,,
R-AY-147,AY,R-AY-147-高度危险责任纠纷单案由路由卡.md,06-沉淀/裁判规则库/案由路由/R-AY-147-高度危险责任纠纷单案由路由卡.md,06-沉淀/案由路由卡族/R-AY-147-高度危险责任纠纷单案由路由卡.md,主卡,,
R-AY-148,AY,R-AY-148-饲养动物损害责任纠纷单案由路由卡.md,06-沉淀/裁判规则库/案由路由/R-AY-148-饲养动物损害责任纠纷单案由路由卡.md,06-沉淀/案由路由卡族/R-AY-148-饲养动物损害责任纠纷单案由路由卡.md,主卡,,
R-AY-149,AY,R-AY-149-建筑物和物件损害责任纠纷单案由路由卡.md,06-沉淀/裁判规则库/案由路由/R-AY-149-建筑物和物件损害责任纠纷单案由路由卡.md,06-沉淀/案由路由卡族/R-AY-149-建筑物和物件损害责任纠纷单案由路由卡.md,主卡,,
R-AY-150,AY,R-AY-150-触电人身损害责任纠纷单案由路由卡.md,06-沉淀/裁判规则库/案由路由/R-AY-150-触电人身损害责任纠纷单案由路由卡.md,06-沉淀/案由路由卡族/R-AY-150-触电人身损害责任纠纷单案由路由卡.md,主卡,,
R-AY-151,AY,R-AY-151-义务帮工人受害责任纠纷单案由路由卡.md,06-沉淀/裁判规则库/案由路由/R-AY-151-义务帮工人受害责任纠纷单案由路由卡.md,06-沉淀/案由路由卡族/R-AY-151-义务帮工人受害责任纠纷单案由路由卡.md,主卡,,
R-AY-152,AY,R-AY-152-见义勇为人受害责任纠纷单案由路由卡.md,06-沉淀/裁判规则库/案由路由/R-AY-152-见义勇为人受害责任纠纷单案由路由卡.md,06-沉淀/案由路由卡族/R-AY-152-见义勇为人受害责任纠纷单案由路由卡.md,主卡,,
R-AY-153,AY,R-AY-153-防卫过当损害责任纠纷单案由路由卡.md,06-沉淀/裁判规则库/案由路由/R-AY-153-防卫过当损害责任纠纷单案由路由卡.md,06-沉淀/案由路由卡族/R-AY-153-防卫过当损害责任纠纷单案由路由卡.md,主卡,,
R-AY-154,AY,R-AY-154-紧急避险损害责任纠纷单案由路由卡.md,06-沉淀/裁判规则库/案由路由/R-AY-154-紧急避险损害责任纠纷单案由路由卡.md,06-沉淀/案由路由卡族/R-AY-154-紧急避险损害责任纠纷单案由路由卡.md,主卡,,
R-AY-155,AY,R-AY-155-驻香港、澳门特别行政区军人执行职务侵权责任纠纷单案由路由卡.md,06-沉淀/裁判规则库/案由路由/R-AY-155-驻香港、澳门特别行政区军人执行职务侵权责任纠纷单案由路由卡.md,06-沉淀/案由路由卡族/R-AY-155-驻香港、澳门特别行政区军人执行职务侵权责任纠纷单案由路由卡.md,主卡,,
R-AY-156,AY,R-AY-156-铁路运输损害责任纠纷单案由路由卡.md,06-沉淀/裁判规则库/案由路由/R-AY-156-铁路运输损害责任纠纷单案由路由卡.md,06-沉淀/案由路由卡族/R-AY-156-铁路运输损害责任纠纷单案由路由卡.md,主卡,,
R-AY-157,AY,R-AY-157-水上运输损害责任纠纷单案由路由卡.md,06-沉淀/裁判规则库/案由路由/R-AY-157-水上运输损害责任纠纷单案由路由卡.md,06-沉淀/案由路由卡族/R-AY-157-水上运输损害责任纠纷单案由路由卡.md,主卡,,
R-AY-158,AY,R-AY-158-航空运输损害责任纠纷单案由路由卡.md,06-沉淀/裁判规则库/案由路由/R-AY-158-航空运输损害责任纠纷单案由路由卡.md,06-沉淀/案由路由卡族/R-AY-158-航空运输损害责任纠纷单案由路由卡.md,主卡,,
R-AY-159,AY,R-AY-159-公证损害责任纠纷单案由路由卡.md,06-沉淀/裁判规则库/案由路由/R-AY-159-公证损害责任纠纷单案由路由卡.md,06-沉淀/案由路由卡族/R-AY-159-公证损害责任纠纷单案由路由卡.md,主卡,,
R-AY-160,AY,R-AY-160-因申请财产保全损害责任纠纷单案由路由卡.md,06-沉淀/裁判规则库/案由路由/R-AY-160-因申请财产保全损害责任纠纷单案由路由卡.md,06-沉淀/案由路由卡族/R-AY-160-因申请财产保全损害责任纠纷单案由路由卡.md,主卡,,
R-AY-161,AY,R-AY-161-因申请行为保全损害责任纠纷单案由路由卡.md,06-沉淀/裁判规则库/案由路由/R-AY-161-因申请行为保全损害责任纠纷单案由路由卡.md,06-沉淀/案由路由卡族/R-AY-161-因申请行为保全损害责任纠纷单案由路由卡.md,主卡,,
R-AY-162,AY,R-AY-162-因申请证据保全损害责任纠纷单案由路由卡.md,06-沉淀/裁判规则库/案由路由/R-AY-162-因申请证据保全损害责任纠纷单案由路由卡.md,06-沉淀/案由路由卡族/R-AY-162-因申请证据保全损害责任纠纷单案由路由卡.md,主卡,,
R-AY-163,AY,R-AY-163-因申请先予执行损害责任纠纷单案由路由卡.md,06-沉淀/裁判规则库/案由路由/R-AY-163-因申请先予执行损害责任纠纷单案由路由卡.md,06-沉淀/案由路由卡族/R-AY-163-因申请先予执行损害责任纠纷单案由路由卡.md,主卡,,
R-AY-164,AY,R-AY-164-一般侵权与特殊侵权归责原则定性分野卡.md,06-沉淀/裁判规则库/案由路由/R-AY-164-一般侵权与特殊侵权归责原则定性分野卡.md,06-沉淀/案由路由卡族/R-AY-164-一般侵权与特殊侵权归责原则定性分野卡.md,主卡,,
R-AY-165,AY,R-AY-165-医疗损害责任与医疗服务合同定性分野卡.md,06-沉淀/裁判规则库/案由路由/R-AY-165-医疗损害责任与医疗服务合同定性分野卡.md,06-沉淀/案由路由卡族/R-AY-165-医疗损害责任与医疗服务合同定性分野卡.md,主卡,,
R-AY-166,AY,R-AY-166-机动车交通事故与其他运输损害定性分野卡.md,06-沉淀/裁判规则库/案由路由/R-AY-166-机动车交通事故与其他运输损害定性分野卡.md,06-沉淀/案由路由卡族/R-AY-166-机动车交通事故与其他运输损害定性分野卡.md,主卡,,
R-AY-167,AY,R-AY-167-异议登记不当损害责任纠纷单案由路由卡.md,06-沉淀/裁判规则库/案由路由/R-AY-167-异议登记不当损害责任纠纷单案由路由卡.md,06-沉淀/案由路由卡族/R-AY-167-异议登记不当损害责任纠纷单案由路由卡.md,主卡,,
R-AY-168,AY,R-AY-168-虚假登记损害责任纠纷单案由路由卡.md,06-沉淀/裁判规则库/案由路由/R-AY-168-虚假登记损害责任纠纷单案由路由卡.md,06-沉淀/案由路由卡族/R-AY-168-虚假登记损害责任纠纷单案由路由卡.md,主卡,,
R-AY-169,AY,R-AY-169-物权确认纠纷单案由路由卡.md,06-沉淀/裁判规则库/案由路由/R-AY-169-物权确认纠纷单案由路由卡.md,06-沉淀/案由路由卡族/R-AY-169-物权确认纠纷单案由路由卡.md,主卡,,
R-AY-170,AY,R-AY-170-返还原物纠纷单案由路由卡.md,06-沉淀/裁判规则库/案由路由/R-AY-170-返还原物纠纷单案由路由卡.md,06-沉淀/案由路由卡族/R-AY-170-返还原物纠纷单案由路由卡.md,主卡,,
R-AY-171,AY,R-AY-171-排除妨害纠纷单案由路由卡.md,06-沉淀/裁判规则库/案由路由/R-AY-171-排除妨害纠纷单案由路由卡.md,06-沉淀/案由路由卡族/R-AY-171-排除妨害纠纷单案由路由卡.md,主卡,,
R-AY-172,AY,R-AY-172-消除危险纠纷单案由路由卡.md,06-沉淀/裁判规则库/案由路由/R-AY-172-消除危险纠纷单案由路由卡.md,06-沉淀/案由路由卡族/R-AY-172-消除危险纠纷单案由路由卡.md,主卡,,
R-AY-173,AY,R-AY-173-修理、重作、更换纠纷单案由路由卡.md,06-沉淀/裁判规则库/案由路由/R-AY-173-修理、重作、更换纠纷单案由路由卡.md,06-沉淀/案由路由卡族/R-AY-173-修理、重作、更换纠纷单案由路由卡.md,主卡,,
R-AY-174,AY,R-AY-174-恢复原状纠纷单案由路由卡.md,06-沉淀/裁判规则库/案由路由/R-AY-174-恢复原状纠纷单案由路由卡.md,06-沉淀/案由路由卡族/R-AY-174-恢复原状纠纷单案由路由卡.md,主卡,,
R-AY-175,AY,R-AY-175-财产损害赔偿纠纷单案由路由卡.md,06-沉淀/裁判规则库/案由路由/R-AY-175-财产损害赔偿纠纷单案由路由卡.md,06-沉淀/案由路由卡族/R-AY-175-财产损害赔偿纠纷单案由路由卡.md,主卡,,
R-AY-176,AY,R-AY-176-侵害集体经济组织成员权益纠纷单案由路由卡.md,06-沉淀/裁判规则库/案由路由/R-AY-176-侵害集体经济组织成员权益纠纷单案由路由卡.md,06-沉淀/案由路由卡族/R-AY-176-侵害集体经济组织成员权益纠纷单案由路由卡.md,主卡,,
R-AY-177,AY,R-AY-177-侵害集体经济组织权益纠纷单案由路由卡.md,06-沉淀/裁判规则库/案由路由/R-AY-177-侵害集体经济组织权益纠纷单案由路由卡.md,06-沉淀/案由路由卡族/R-AY-177-侵害集体经济组织权益纠纷单案由路由卡.md,主卡,,
R-AY-178,AY,R-AY-178-建筑物区分所有权纠纷单案由路由卡.md,06-沉淀/裁判规则库/案由路由/R-AY-178-建筑物区分所有权纠纷单案由路由卡.md,06-沉淀/案由路由卡族/R-AY-178-建筑物区分所有权纠纷单案由路由卡.md,主卡,,
R-AY-179,AY,R-AY-179-业主撤销权纠纷单案由路由卡.md,06-沉淀/裁判规则库/案由路由/R-AY-179-业主撤销权纠纷单案由路由卡.md,06-沉淀/案由路由卡族/R-AY-179-业主撤销权纠纷单案由路由卡.md,主卡,,
R-AY-180,AY,R-AY-180-业主知情权纠纷单案由路由卡.md,06-沉淀/裁判规则库/案由路由/R-AY-180-业主知情权纠纷单案由路由卡.md,06-沉淀/案由路由卡族/R-AY-180-业主知情权纠纷单案由路由卡.md,主卡,,
R-AY-181,AY,R-AY-181-遗失物返还纠纷单案由路由卡.md,06-沉淀/裁判规则库/案由路由/R-AY-181-遗失物返还纠纷单案由路由卡.md,06-沉淀/案由路由卡族/R-AY-181-遗失物返还纠纷单案由路由卡.md,主卡,,
R-AY-182,AY,R-AY-182-漂流物返还纠纷单案由路由卡.md,06-沉淀/裁判规则库/案由路由/R-AY-182-漂流物返还纠纷单案由路由卡.md,06-沉淀/案由路由卡族/R-AY-182-漂流物返还纠纷单案由路由卡.md,主卡,,
R-AY-183,AY,R-AY-183-埋藏物返还纠纷单案由路由卡.md,06-沉淀/裁判规则库/案由路由/R-AY-183-埋藏物返还纠纷单案由路由卡.md,06-沉淀/案由路由卡族/R-AY-183-埋藏物返还纠纷单案由路由卡.md,主卡,,
R-AY-184,AY,R-AY-184-隐藏物返还纠纷单案由路由卡.md,06-沉淀/裁判规则库/案由路由/R-AY-184-隐藏物返还纠纷单案由路由卡.md,06-沉淀/案由路由卡族/R-AY-184-隐藏物返还纠纷单案由路由卡.md,主卡,,
R-AY-185,AY,R-AY-185-添附物归属纠纷单案由路由卡.md,06-沉淀/裁判规则库/案由路由/R-AY-185-添附物归属纠纷单案由路由卡.md,06-沉淀/案由路由卡族/R-AY-185-添附物归属纠纷单案由路由卡.md,主卡,,
R-AY-186,AY,R-AY-186-相邻关系纠纷单案由路由卡.md,06-沉淀/裁判规则库/案由路由/R-AY-186-相邻关系纠纷单案由路由卡.md,06-沉淀/案由路由卡族/R-AY-186-相邻关系纠纷单案由路由卡.md,主卡,,
R-AY-187,AY,R-AY-187-共有纠纷单案由路由卡.md,06-沉淀/裁判规则库/案由路由/R-AY-187-共有纠纷单案由路由卡.md,06-沉淀/案由路由卡族/R-AY-187-共有纠纷单案由路由卡.md,主卡,,
R-AY-188,AY,R-AY-188-自然资源资产损害赔偿纠纷单案由路由卡.md,06-沉淀/裁判规则库/案由路由/R-AY-188-自然资源资产损害赔偿纠纷单案由路由卡.md,06-沉淀/案由路由卡族/R-AY-188-自然资源资产损害赔偿纠纷单案由路由卡.md,主卡,,
R-AY-189,AY,R-AY-189-海域使用权纠纷单案由路由卡.md,06-沉淀/裁判规则库/案由路由/R-AY-189-海域使用权纠纷单案由路由卡.md,06-沉淀/案由路由卡族/R-AY-189-海域使用权纠纷单案由路由卡.md,主卡,,
R-AY-190,AY,R-AY-190-探矿权纠纷单案由路由卡.md,06-沉淀/裁判规则库/案由路由/R-AY-190-探矿权纠纷单案由路由卡.md,06-沉淀/案由路由卡族/R-AY-190-探矿权纠纷单案由路由卡.md,主卡,,
R-AY-191,AY,R-AY-191-采矿权纠纷单案由路由卡.md,06-沉淀/裁判规则库/案由路由/R-AY-191-采矿权纠纷单案由路由卡.md,06-沉淀/案由路由卡族/R-AY-191-采矿权纠纷单案由路由卡.md,主卡,,
R-AY-192,AY,R-AY-192-矿产资源压覆补偿纠纷单案由路由卡.md,06-沉淀/裁判规则库/案由路由/R-AY-192-矿产资源压覆补偿纠纷单案由路由卡.md,06-沉淀/案由路由卡族/R-AY-192-矿产资源压覆补偿纠纷单案由路由卡.md,主卡,,
R-AY-193,AY,R-AY-193-取水权纠纷单案由路由卡.md,06-沉淀/裁判规则库/案由路由/R-AY-193-取水权纠纷单案由路由卡.md,06-沉淀/案由路由卡族/R-AY-193-取水权纠纷单案由路由卡.md,主卡,,
R-AY-194,AY,R-AY-194-养殖权纠纷单案由路由卡.md,06-沉淀/裁判规则库/案由路由/R-AY-194-养殖权纠纷单案由路由卡.md,06-沉淀/案由路由卡族/R-AY-194-养殖权纠纷单案由路由卡.md,主卡,,
R-AY-195,AY,R-AY-195-捕捞权纠纷单案由路由卡.md,06-沉淀/裁判规则库/案由路由/R-AY-195-捕捞权纠纷单案由路由卡.md,06-沉淀/案由路由卡族/R-AY-195-捕捞权纠纷单案由路由卡.md,主卡,,
R-AY-196,AY,R-AY-196-土地承包经营权纠纷单案由路由卡.md,06-沉淀/裁判规则库/案由路由/R-AY-196-土地承包经营权纠纷单案由路由卡.md,06-沉淀/案由路由卡族/R-AY-196-土地承包经营权纠纷单案由路由卡.md,主卡,,
R-AY-197,AY,R-AY-197-土地经营权纠纷单案由路由卡.md,06-沉淀/裁判规则库/案由路由/R-AY-197-土地经营权纠纷单案由路由卡.md,06-沉淀/案由路由卡族/R-AY-197-土地经营权纠纷单案由路由卡.md,主卡,,
R-AY-198,AY,R-AY-198-建设用地使用权纠纷单案由路由卡.md,06-沉淀/裁判规则库/案由路由/R-AY-198-建设用地使用权纠纷单案由路由卡.md,06-沉淀/案由路由卡族/R-AY-198-建设用地使用权纠纷单案由路由卡.md,主卡,,
R-AY-199,AY,R-AY-199-宅基地使用权纠纷单案由路由卡.md,06-沉淀/裁判规则库/案由路由/R-AY-199-宅基地使用权纠纷单案由路由卡.md,06-沉淀/案由路由卡族/R-AY-199-宅基地使用权纠纷单案由路由卡.md,主卡,,
R-AY-200,AY,R-AY-200-居住权纠纷单案由路由卡.md,06-沉淀/裁判规则库/案由路由/R-AY-200-居住权纠纷单案由路由卡.md,06-沉淀/案由路由卡族/R-AY-200-居住权纠纷单案由路由卡.md,主卡,,
R-AY-201,AY,R-AY-201-地役权纠纷单案由路由卡.md,06-沉淀/裁判规则库/案由路由/R-AY-201-地役权纠纷单案由路由卡.md,06-沉淀/案由路由卡族/R-AY-201-地役权纠纷单案由路由卡.md,主卡,,
R-AY-202,AY,R-AY-202-占有物返还纠纷单案由路由卡.md,06-沉淀/裁判规则库/案由路由/R-AY-202-占有物返还纠纷单案由路由卡.md,06-沉淀/案由路由卡族/R-AY-202-占有物返还纠纷单案由路由卡.md,主卡,,
R-AY-203,AY,R-AY-203-占有排除妨害纠纷单案由路由卡.md,06-沉淀/裁判规则库/案由路由/R-AY-203-占有排除妨害纠纷单案由路由卡.md,06-沉淀/案由路由卡族/R-AY-203-占有排除妨害纠纷单案由路由卡.md,主卡,,
R-AY-204,AY,R-AY-204-占有消除危险纠纷单案由路由卡.md,06-沉淀/裁判规则库/案由路由/R-AY-204-占有消除危险纠纷单案由路由卡.md,06-沉淀/案由路由卡族/R-AY-204-占有消除危险纠纷单案由路由卡.md,主卡,,
R-AY-205,AY,R-AY-205-占有物损害赔偿纠纷单案由路由卡.md,06-沉淀/裁判规则库/案由路由/R-AY-205-占有物损害赔偿纠纷单案由路由卡.md,06-沉淀/案由路由卡族/R-AY-205-占有物损害赔偿纠纷单案由路由卡.md,主卡,,
R-AY-206,AY,R-AY-206-船舶碰撞损害责任纠纷单案由路由卡.md,06-沉淀/裁判规则库/案由路由/R-AY-206-船舶碰撞损害责任纠纷单案由路由卡.md,06-沉淀/案由路由卡族/R-AY-206-船舶碰撞损害责任纠纷单案由路由卡.md,主卡,,
R-AY-207,AY,R-AY-207-船舶触碰损害责任纠纷单案由路由卡.md,06-沉淀/裁判规则库/案由路由/R-AY-207-船舶触碰损害责任纠纷单案由路由卡.md,06-沉淀/案由路由卡族/R-AY-207-船舶触碰损害责任纠纷单案由路由卡.md,主卡,,
R-AY-208,AY,R-AY-208-船舶损坏空中设施损害责任纠纷单案由路由卡.md,06-沉淀/裁判规则库/案由路由/R-AY-208-船舶损坏空中设施损害责任纠纷单案由路由卡.md,06-沉淀/案由路由卡族/R-AY-208-船舶损坏空中设施损害责任纠纷单案由路由卡.md,主卡,,
R-AY-209,AY,R-AY-209-船舶污染损害责任纠纷单案由路由卡.md,06-沉淀/裁判规则库/案由路由/R-AY-209-船舶污染损害责任纠纷单案由路由卡.md,06-沉淀/案由路由卡族/R-AY-209-船舶污染损害责任纠纷单案由路由卡.md,主卡,,
R-AY-210,AY,R-AY-210-海上污染损害责任纠纷单案由路由卡.md,06-沉淀/裁判规则库/案由路由/R-AY-210-海上污染损害责任纠纷单案由路由卡.md,06-沉淀/案由路由卡族/R-AY-210-海上污染损害责任纠纷单案由路由卡.md,主卡,,
R-AY-211,AY,R-AY-211-养殖损害责任纠纷单案由路由卡.md,06-沉淀/裁判规则库/案由路由/R-AY-211-养殖损害责任纠纷单案由路由卡.md,06-沉淀/案由路由卡族/R-AY-211-养殖损害责任纠纷单案由路由卡.md,主卡,,
R-AY-212,AY,R-AY-212-船舶财产损害责任纠纷单案由路由卡.md,06-沉淀/裁判规则库/案由路由/R-AY-212-船舶财产损害责任纠纷单案由路由卡.md,06-沉淀/案由路由卡族/R-AY-212-船舶财产损害责任纠纷单案由路由卡.md,主卡,,
R-AY-213,AY,R-AY-213-船舶海上人身损害责任纠纷单案由路由卡.md,06-沉淀/裁判规则库/案由路由/R-AY-213-船舶海上人身损害责任纠纷单案由路由卡.md,06-沉淀/案由路由卡族/R-AY-213-船舶海上人身损害责任纠纷单案由路由卡.md,主卡,,
R-AY-214,AY,R-AY-214-非法留置船舶损害责任纠纷单案由路由卡.md,06-沉淀/裁判规则库/案由路由/R-AY-214-非法留置船舶损害责任纠纷单案由路由卡.md,06-沉淀/案由路由卡族/R-AY-214-非法留置船舶损害责任纠纷单案由路由卡.md,主卡,,
R-AY-215,AY,R-AY-215-船舶部件、物料、产品供应损害责任纠纷单案由路由卡.md,06-沉淀/裁判规则库/案由路由/R-AY-215-船舶部件、物料、产品供应损害责任纠纷单案由路由卡.md,06-沉淀/案由路由卡族/R-AY-215-船舶部件、物料、产品供应损害责任纠纷单案由路由卡.md,主卡,,
R-AY-216,AY,R-AY-216-海运物流损害责任纠纷单案由路由卡.md,06-沉淀/裁判规则库/案由路由/R-AY-216-海运物流损害责任纠纷单案由路由卡.md,06-沉淀/案由路由卡族/R-AY-216-海运物流损害责任纠纷单案由路由卡.md,主卡,,
R-AY-217,AY,R-AY-217-海上货物运输合同纠纷单案由路由卡.md,06-沉淀/裁判规则库/案由路由/R-AY-217-海上货物运输合同纠纷单案由路由卡.md,06-沉淀/案由路由卡族/R-AY-217-海上货物运输合同纠纷单案由路由卡.md,主卡,,
R-AY-218,AY,R-AY-218-海上旅客运输合同纠纷单案由路由卡.md,06-沉淀/裁判规则库/案由路由/R-AY-218-海上旅客运输合同纠纷单案由路由卡.md,06-沉淀/案由路由卡族/R-AY-218-海上旅客运输合同纠纷单案由路由卡.md,主卡,,
R-AY-219,AY,R-AY-219-海上行李运输合同纠纷单案由路由卡.md,06-沉淀/裁判规则库/案由路由/R-AY-219-海上行李运输合同纠纷单案由路由卡.md,06-沉淀/案由路由卡族/R-AY-219-海上行李运输合同纠纷单案由路由卡.md,主卡,,
R-AY-220,AY,R-AY-220-船舶经营管理合同纠纷单案由路由卡.md,06-沉淀/裁判规则库/案由路由/R-AY-220-船舶经营管理合同纠纷单案由路由卡.md,06-沉淀/案由路由卡族/R-AY-220-船舶经营管理合同纠纷单案由路由卡.md,主卡,,
R-AY-221,AY,R-AY-221-船舶建造、修理、改建、拆解合同纠纷单案由路由卡.md,06-沉淀/裁判规则库/案由路由/R-AY-221-船舶建造、修理、改建、拆解合同纠纷单案由路由卡.md,06-沉淀/案由路由卡族/R-AY-221-船舶建造、修理、改建、拆解合同纠纷单案由路由卡.md,主卡,,
R-AY-222,AY,R-AY-222-船舶设计合同纠纷单案由路由卡.md,06-沉淀/裁判规则库/案由路由/R-AY-222-船舶设计合同纠纷单案由路由卡.md,06-沉淀/案由路由卡族/R-AY-222-船舶设计合同纠纷单案由路由卡.md,主卡,,
R-AY-223,AY,R-AY-223-船员劳务合同纠纷单案由路由卡.md,06-沉淀/裁判规则库/案由路由/R-AY-223-船员劳务合同纠纷单案由路由卡.md,06-沉淀/案由路由卡族/R-AY-223-船员劳务合同纠纷单案由路由卡.md,主卡,,
R-AY-224,AY,R-AY-224-船员劳动合同纠纷单案由路由卡.md,06-沉淀/裁判规则库/案由路由/R-AY-224-船员劳动合同纠纷单案由路由卡.md,06-沉淀/案由路由卡族/R-AY-224-船员劳动合同纠纷单案由路由卡.md,主卡,,
R-AY-225,AY,R-AY-225-船员劳务派遣合同纠纷单案由路由卡.md,06-沉淀/裁判规则库/案由路由/R-AY-225-船员劳务派遣合同纠纷单案由路由卡.md,06-沉淀/案由路由卡族/R-AY-225-船员劳务派遣合同纠纷单案由路由卡.md,主卡,,
R-AY-226,AY,R-AY-226-船员服务合同纠纷单案由路由卡.md,06-沉淀/裁判规则库/案由路由/R-AY-226-船员服务合同纠纷单案由路由卡.md,06-沉淀/案由路由卡族/R-AY-226-船员服务合同纠纷单案由路由卡.md,主卡,,
R-AY-227,AY,R-AY-227-船舶抵押合同纠纷单案由路由卡.md,06-沉淀/裁判规则库/案由路由/R-AY-227-船舶抵押合同纠纷单案由路由卡.md,06-沉淀/案由路由卡族/R-AY-227-船舶抵押合同纠纷单案由路由卡.md,主卡,,
R-AY-228,AY,R-AY-228-船舶租用合同纠纷单案由路由卡.md,06-沉淀/裁判规则库/案由路由/R-AY-228-船舶租用合同纠纷单案由路由卡.md,06-沉淀/案由路由卡族/R-AY-228-船舶租用合同纠纷单案由路由卡.md,主卡,,
R-AY-229,AY,R-AY-229-船舶融资租赁合同纠纷单案由路由卡.md,06-沉淀/裁判规则库/案由路由/R-AY-229-船舶融资租赁合同纠纷单案由路由卡.md,06-沉淀/案由路由卡族/R-AY-229-船舶融资租赁合同纠纷单案由路由卡.md,主卡,,
R-AY-230,AY,R-AY-230-运输船舶承包合同纠纷单案由路由卡.md,06-沉淀/裁判规则库/案由路由/R-AY-230-运输船舶承包合同纠纷单案由路由卡.md,06-沉淀/案由路由卡族/R-AY-230-运输船舶承包合同纠纷单案由路由卡.md,主卡,,
R-AY-231,AY,R-AY-231-渔船承包合同纠纷单案由路由卡.md,06-沉淀/裁判规则库/案由路由/R-AY-231-渔船承包合同纠纷单案由路由卡.md,06-沉淀/案由路由卡族/R-AY-231-渔船承包合同纠纷单案由路由卡.md,主卡,,
R-AY-232,AY,R-AY-232-船舶属具租赁合同纠纷单案由路由卡.md,06-沉淀/裁判规则库/案由路由/R-AY-232-船舶属具租赁合同纠纷单案由路由卡.md,06-沉淀/案由路由卡族/R-AY-232-船舶属具租赁合同纠纷单案由路由卡.md,主卡,,
R-AY-233,AY,R-AY-233-船舶属具保管合同纠纷单案由路由卡.md,06-沉淀/裁判规则库/案由路由/R-AY-233-船舶属具保管合同纠纷单案由路由卡.md,06-沉淀/案由路由卡族/R-AY-233-船舶属具保管合同纠纷单案由路由卡.md,主卡,,
R-AY-234,AY,R-AY-234-集装箱租赁合同纠纷单案由路由卡.md,06-沉淀/裁判规则库/案由路由/R-AY-234-集装箱租赁合同纠纷单案由路由卡.md,06-沉淀/案由路由卡族/R-AY-234-集装箱租赁合同纠纷单案由路由卡.md,主卡,,
R-AY-235,AY,R-AY-235-集装箱保管合同纠纷单案由路由卡.md,06-沉淀/裁判规则库/案由路由/R-AY-235-集装箱保管合同纠纷单案由路由卡.md,06-沉淀/案由路由卡族/R-AY-235-集装箱保管合同纠纷单案由路由卡.md,主卡,,
R-AY-236,AY,R-AY-236-港口货物保管合同纠纷单案由路由卡.md,06-沉淀/裁判规则库/案由路由/R-AY-236-港口货物保管合同纠纷单案由路由卡.md,06-沉淀/案由路由卡族/R-AY-236-港口货物保管合同纠纷单案由路由卡.md,主卡,,
R-AY-237,AY,R-AY-237-船舶代理合同纠纷单案由路由卡.md,06-沉淀/裁判规则库/案由路由/R-AY-237-船舶代理合同纠纷单案由路由卡.md,06-沉淀/案由路由卡族/R-AY-237-船舶代理合同纠纷单案由路由卡.md,主卡,,
R-AY-238,AY,R-AY-238-海上货运代理合同纠纷单案由路由卡.md,06-沉淀/裁判规则库/案由路由/R-AY-238-海上货运代理合同纠纷单案由路由卡.md,06-沉淀/案由路由卡族/R-AY-238-海上货运代理合同纠纷单案由路由卡.md,主卡,,
R-AY-239,AY,R-AY-239-航运经纪合同纠纷单案由路由卡.md,06-沉淀/裁判规则库/案由路由/R-AY-239-航运经纪合同纠纷单案由路由卡.md,06-沉淀/案由路由卡族/R-AY-239-航运经纪合同纠纷单案由路由卡.md,主卡,,
R-AY-240,AY,R-AY-240-理货合同纠纷单案由路由卡.md,06-沉淀/裁判规则库/案由路由/R-AY-240-理货合同纠纷单案由路由卡.md,06-沉淀/案由路由卡族/R-AY-240-理货合同纠纷单案由路由卡.md,主卡,,
R-AY-241,AY,R-AY-241-船舶物料备品供应合同纠纷单案由路由卡.md,06-沉淀/裁判规则库/案由路由/R-AY-241-船舶物料备品供应合同纠纷单案由路由卡.md,06-沉淀/案由路由卡族/R-AY-241-船舶物料备品供应合同纠纷单案由路由卡.md,主卡,,
R-AY-242,AY,R-AY-242-海难救助合同纠纷单案由路由卡.md,06-沉淀/裁判规则库/案由路由/R-AY-242-海难救助合同纠纷单案由路由卡.md,06-沉淀/案由路由卡族/R-AY-242-海难救助合同纠纷单案由路由卡.md,主卡,,
R-AY-243,AY,R-AY-243-打捞合同纠纷单案由路由卡.md,06-沉淀/裁判规则库/案由路由/R-AY-243-打捞合同纠纷单案由路由卡.md,06-沉淀/案由路由卡族/R-AY-243-打捞合同纠纷单案由路由卡.md,主卡,,
R-AY-244,AY,R-AY-244-拖航合同纠纷单案由路由卡.md,06-沉淀/裁判规则库/案由路由/R-AY-244-拖航合同纠纷单案由路由卡.md,06-沉淀/案由路由卡族/R-AY-244-拖航合同纠纷单案由路由卡.md,主卡,,
R-AY-245,AY,R-AY-245-海上保险合同纠纷单案由路由卡.md,06-沉淀/裁判规则库/案由路由/R-AY-245-海上保险合同纠纷单案由路由卡.md,06-沉淀/案由路由卡族/R-AY-245-海上保险合同纠纷单案由路由卡.md,主卡,,
R-AY-246,AY,R-AY-246-海上保赔合同纠纷单案由路由卡.md,06-沉淀/裁判规则库/案由路由/R-AY-246-海上保赔合同纠纷单案由路由卡.md,06-沉淀/案由路由卡族/R-AY-246-海上保赔合同纠纷单案由路由卡.md,主卡,,
R-AY-247,AY,R-AY-247-海上运输联营合同纠纷单案由路由卡.md,06-沉淀/裁判规则库/案由路由/R-AY-247-海上运输联营合同纠纷单案由路由卡.md,06-沉淀/案由路由卡族/R-AY-247-海上运输联营合同纠纷单案由路由卡.md,主卡,,
R-AY-248,AY,R-AY-248-船舶营运借款合同纠纷单案由路由卡.md,06-沉淀/裁判规则库/案由路由/R-AY-248-船舶营运借款合同纠纷单案由路由卡.md,06-沉淀/案由路由卡族/R-AY-248-船舶营运借款合同纠纷单案由路由卡.md,主卡,,
R-AY-249,AY,R-AY-249-海事担保合同纠纷单案由路由卡.md,06-沉淀/裁判规则库/案由路由/R-AY-249-海事担保合同纠纷单案由路由卡.md,06-沉淀/案由路由卡族/R-AY-249-海事担保合同纠纷单案由路由卡.md,主卡,,
R-AY-250,AY,R-AY-250-航道疏浚合同纠纷单案由路由卡.md,06-沉淀/裁判规则库/案由路由/R-AY-250-航道疏浚合同纠纷单案由路由卡.md,06-沉淀/案由路由卡族/R-AY-250-航道疏浚合同纠纷单案由路由卡.md,主卡,,
R-AY-251,AY,R-AY-251-船坞、码头建造合同纠纷单案由路由卡.md,06-沉淀/裁判规则库/案由路由/R-AY-251-船坞、码头建造合同纠纷单案由路由卡.md,06-沉淀/案由路由卡族/R-AY-251-船坞、码头建造合同纠纷单案由路由卡.md,主卡,,
R-AY-252,AY,R-AY-252-港口码头租赁合同纠纷单案由路由卡.md,06-沉淀/裁判规则库/案由路由/R-AY-252-港口码头租赁合同纠纷单案由路由卡.md,06-沉淀/案由路由卡族/R-AY-252-港口码头租赁合同纠纷单案由路由卡.md,主卡,,
R-AY-253,AY,R-AY-253-船舶检验合同纠纷单案由路由卡.md,06-沉淀/裁判规则库/案由路由/R-AY-253-船舶检验合同纠纷单案由路由卡.md,06-沉淀/案由路由卡族/R-AY-253-船舶检验合同纠纷单案由路由卡.md,主卡,,
R-AY-254,AY,R-AY-254-海事请求担保合同纠纷单案由路由卡.md,06-沉淀/裁判规则库/案由路由/R-AY-254-海事请求担保合同纠纷单案由路由卡.md,06-沉淀/案由路由卡族/R-AY-254-海事请求担保合同纠纷单案由路由卡.md,主卡,,
R-AY-255,AY,R-AY-255-海上运输重大责任事故纠纷单案由路由卡.md,06-沉淀/裁判规则库/案由路由/R-AY-255-海上运输重大责任事故纠纷单案由路由卡.md,06-沉淀/案由路由卡族/R-AY-255-海上运输重大责任事故纠纷单案由路由卡.md,主卡,,
R-AY-256,AY,R-AY-256-港口作业重大责任事故纠纷单案由路由卡.md,06-沉淀/裁判规则库/案由路由/R-AY-256-港口作业重大责任事故纠纷单案由路由卡.md,06-沉淀/案由路由卡族/R-AY-256-港口作业重大责任事故纠纷单案由路由卡.md,主卡,,
R-AY-257,AY,R-AY-257-港口作业纠纷单案由路由卡.md,06-沉淀/裁判规则库/案由路由/R-AY-257-港口作业纠纷单案由路由卡.md,06-沉淀/案由路由卡族/R-AY-257-港口作业纠纷单案由路由卡.md,主卡,,
R-AY-258,AY,R-AY-258-共同海损纠纷单案由路由卡.md,06-沉淀/裁判规则库/案由路由/R-AY-258-共同海损纠纷单案由路由卡.md,06-沉淀/案由路由卡族/R-AY-258-共同海损纠纷单案由路由卡.md,主卡,,
R-AY-259,AY,R-AY-259-海洋开发利用纠纷单案由路由卡.md,06-沉淀/裁判规则库/案由路由/R-AY-259-海洋开发利用纠纷单案由路由卡.md,06-沉淀/案由路由卡族/R-AY-259-海洋开发利用纠纷单案由路由卡.md,主卡,,
R-AY-260,AY,R-AY-260-船舶共有纠纷单案由路由卡.md,06-沉淀/裁判规则库/案由路由/R-AY-260-船舶共有纠纷单案由路由卡.md,06-沉淀/案由路由卡族/R-AY-260-船舶共有纠纷单案由路由卡.md,主卡,,
R-AY-261,AY,R-AY-261-船舶权属纠纷单案由路由卡.md,06-沉淀/裁判规则库/案由路由/R-AY-261-船舶权属纠纷单案由路由卡.md,06-沉淀/案由路由卡族/R-AY-261-船舶权属纠纷单案由路由卡.md,主卡,,
R-AY-262,AY,R-AY-262-船舶投资经营纠纷单案由路由卡.md,06-沉淀/裁判规则库/案由路由/R-AY-262-船舶投资经营纠纷单案由路由卡.md,06-沉淀/案由路由卡族/R-AY-262-船舶投资经营纠纷单案由路由卡.md,主卡,,
R-AY-263,AY,R-AY-263-海运欺诈纠纷单案由路由卡.md,06-沉淀/裁判规则库/案由路由/R-AY-263-海运欺诈纠纷单案由路由卡.md,06-沉淀/案由路由卡族/R-AY-263-海运欺诈纠纷单案由路由卡.md,主卡,,
R-AY-264,AY,R-AY-264-海事债权确权纠纷单案由路由卡.md,06-沉淀/裁判规则库/案由路由/R-AY-264-海事债权确权纠纷单案由路由卡.md,06-沉淀/案由路由卡族/R-AY-264-海事债权确权纠纷单案由路由卡.md,主卡,,
R-AY-265,AY,R-AY-265-数据权属纠纷单案由路由卡.md,06-沉淀/裁判规则库/案由路由/R-AY-265-数据权属纠纷单案由路由卡.md,06-沉淀/案由路由卡族/R-AY-265-数据权属纠纷单案由路由卡.md,主卡,,
R-AY-266,AY,R-AY-266-数据合同纠纷单案由路由卡.md,06-沉淀/裁判规则库/案由路由/R-AY-266-数据合同纠纷单案由路由卡.md,06-沉淀/案由路由卡族/R-AY-266-数据合同纠纷单案由路由卡.md,主卡,,
R-AY-267,AY,R-AY-267-侵害数据权益纠纷单案由路由卡.md,06-沉淀/裁判规则库/案由路由/R-AY-267-侵害数据权益纠纷单案由路由卡.md,06-沉淀/案由路由卡族/R-AY-267-侵害数据权益纠纷单案由路由卡.md,主卡,,
R-AY-268,AY,R-AY-268-网络虚拟财产权属纠纷单案由路由卡.md,06-沉淀/裁判规则库/案由路由/R-AY-268-网络虚拟财产权属纠纷单案由路由卡.md,06-沉淀/案由路由卡族/R-AY-268-网络虚拟财产权属纠纷单案由路由卡.md,主卡,,
R-AY-269,AY,R-AY-269-网络虚拟财产合同纠纷单案由路由卡.md,06-沉淀/裁判规则库/案由路由/R-AY-269-网络虚拟财产合同纠纷单案由路由卡.md,06-沉淀/案由路由卡族/R-AY-269-网络虚拟财产合同纠纷单案由路由卡.md,主卡,,
R-AY-270,AY,R-AY-270-侵害网络虚拟财产权益纠纷单案由路由卡.md,06-沉淀/裁判规则库/案由路由/R-AY-270-侵害网络虚拟财产权益纠纷单案由路由卡.md,06-沉淀/案由路由卡族/R-AY-270-侵害网络虚拟财产权益纠纷单案由路由卡.md,主卡,,
R-AY-271,AY,R-AY-271-股权转让纠纷单案由路由卡.md,06-沉淀/裁判规则库/案由路由/R-AY-271-股权转让纠纷单案由路由卡.md,06-沉淀/案由路由卡族/R-AY-271-股权转让纠纷单案由路由卡.md,主卡,,
R-AY-272,AY,R-AY-272-股东资格确认纠纷单案由路由卡.md,06-沉淀/裁判规则库/案由路由/R-AY-272-股东资格确认纠纷单案由路由卡.md,06-沉淀/案由路由卡族/R-AY-272-股东资格确认纠纷单案由路由卡.md,主卡,,
R-AY-273,AY,R-AY-273-股东名册记载纠纷单案由路由卡.md,06-沉淀/裁判规则库/案由路由/R-AY-273-股东名册记载纠纷单案由路由卡.md,06-沉淀/案由路由卡族/R-AY-273-股东名册记载纠纷单案由路由卡.md,主卡,,
R-AY-274,AY,R-AY-274-请求变更公司登记纠纷单案由路由卡.md,06-沉淀/裁判规则库/案由路由/R-AY-274-请求变更公司登记纠纷单案由路由卡.md,06-沉淀/案由路由卡族/R-AY-274-请求变更公司登记纠纷单案由路由卡.md,主卡,,
R-AY-275,AY,R-AY-275-股东出资纠纷单案由路由卡.md,06-沉淀/裁判规则库/案由路由/R-AY-275-股东出资纠纷单案由路由卡.md,06-沉淀/案由路由卡族/R-AY-275-股东出资纠纷单案由路由卡.md,主卡,,
R-AY-276,AY,R-AY-276-新增资本认购纠纷单案由路由卡.md,06-沉淀/裁判规则库/案由路由/R-AY-276-新增资本认购纠纷单案由路由卡.md,06-沉淀/案由路由卡族/R-AY-276-新增资本认购纠纷单案由路由卡.md,主卡,,
R-AY-277,AY,R-AY-277-公司决议纠纷单案由路由卡.md,06-沉淀/裁判规则库/案由路由/R-AY-277-公司决议纠纷单案由路由卡.md,06-沉淀/案由路由卡族/R-AY-277-公司决议纠纷单案由路由卡.md,主卡,,
R-AY-278,AY,R-AY-278-公司设立纠纷单案由路由卡.md,06-沉淀/裁判规则库/案由路由/R-AY-278-公司设立纠纷单案由路由卡.md,06-沉淀/案由路由卡族/R-AY-278-公司设立纠纷单案由路由卡.md,主卡,,
R-AY-279,AY,R-AY-279-公司证照返还纠纷单案由路由卡.md,06-沉淀/裁判规则库/案由路由/R-AY-279-公司证照返还纠纷单案由路由卡.md,06-沉淀/案由路由卡族/R-AY-279-公司证照返还纠纷单案由路由卡.md,主卡,,
R-AY-280,AY,R-AY-280-公司设立人责任纠纷单案由路由卡.md,06-沉淀/裁判规则库/案由路由/R-AY-280-公司设立人责任纠纷单案由路由卡.md,06-沉淀/案由路由卡族/R-AY-280-公司设立人责任纠纷单案由路由卡.md,主卡,,
R-AY-281,AY,R-AY-281-公司盈余分配纠纷单案由路由卡.md,06-沉淀/裁判规则库/案由路由/R-AY-281-公司盈余分配纠纷单案由路由卡.md,06-沉淀/案由路由卡族/R-AY-281-公司盈余分配纠纷单案由路由卡.md,主卡,,
R-AY-282,AY,R-AY-282-损害股东利益责任纠纷单案由路由卡.md,06-沉淀/裁判规则库/案由路由/R-AY-282-损害股东利益责任纠纷单案由路由卡.md,06-沉淀/案由路由卡族/R-AY-282-损害股东利益责任纠纷单案由路由卡.md,主卡,,
R-AY-283,AY,R-AY-283-股东知情权纠纷单案由路由卡.md,06-沉淀/裁判规则库/案由路由/R-AY-283-股东知情权纠纷单案由路由卡.md,06-沉淀/案由路由卡族/R-AY-283-股东知情权纠纷单案由路由卡.md,主卡,,
R-AY-284,AY,R-AY-284-请求公司收购股份纠纷单案由路由卡.md,06-沉淀/裁判规则库/案由路由/R-AY-284-请求公司收购股份纠纷单案由路由卡.md,06-沉淀/案由路由卡族/R-AY-284-请求公司收购股份纠纷单案由路由卡.md,主卡,,
R-AY-285,AY,R-AY-285-损害公司利益责任纠纷单案由路由卡.md,06-沉淀/裁判规则库/案由路由/R-AY-285-损害公司利益责任纠纷单案由路由卡.md,06-沉淀/案由路由卡族/R-AY-285-损害公司利益责任纠纷单案由路由卡.md,主卡,,
R-AY-286,AY,R-AY-286-损害公司债权人利益责任纠纷单案由路由卡.md,06-沉淀/裁判规则库/案由路由/R-AY-286-损害公司债权人利益责任纠纷单案由路由卡.md,06-沉淀/案由路由卡族/R-AY-286-损害公司债权人利益责任纠纷单案由路由卡.md,主卡,,
R-AY-287,AY,R-AY-287-公司关联交易损害责任纠纷单案由路由卡.md,06-沉淀/裁判规则库/案由路由/R-AY-287-公司关联交易损害责任纠纷单案由路由卡.md,06-沉淀/案由路由卡族/R-AY-287-公司关联交易损害责任纠纷单案由路由卡.md,主卡,,
R-AY-288,AY,R-AY-288-公司合并纠纷单案由路由卡.md,06-沉淀/裁判规则库/案由路由/R-AY-288-公司合并纠纷单案由路由卡.md,06-沉淀/案由路由卡族/R-AY-288-公司合并纠纷单案由路由卡.md,主卡,,
R-AY-289,AY,R-AY-289-公司分立纠纷单案由路由卡.md,06-沉淀/裁判规则库/案由路由/R-AY-289-公司分立纠纷单案由路由卡.md,06-沉淀/案由路由卡族/R-AY-289-公司分立纠纷单案由路由卡.md,主卡,,
R-AY-290,AY,R-AY-290-公司减资纠纷单案由路由卡.md,06-沉淀/裁判规则库/案由路由/R-AY-290-公司减资纠纷单案由路由卡.md,06-沉淀/案由路由卡族/R-AY-290-公司减资纠纷单案由路由卡.md,主卡,,
R-AY-291,AY,R-AY-291-公司债券持有人会议决议效力纠纷单案由路由卡.md,06-沉淀/裁判规则库/案由路由/R-AY-291-公司债券持有人会议决议效力纠纷单案由路由卡.md,06-沉淀/案由路由卡族/R-AY-291-公司债券持有人会议决议效力纠纷单案由路由卡.md,主卡,,
R-AY-292,AY,R-AY-292-债券受托管理人损害债券持有人利益纠纷单案由路由卡.md,06-沉淀/裁判规则库/案由路由/R-AY-292-债券受托管理人损害债券持有人利益纠纷单案由路由卡.md,06-沉淀/案由路由卡族/R-AY-292-债券受托管理人损害债券持有人利益纠纷单案由路由卡.md,主卡,,
R-AY-293,AY,R-AY-293-公司增资纠纷单案由路由卡.md,06-沉淀/裁判规则库/案由路由/R-AY-293-公司增资纠纷单案由路由卡.md,06-沉淀/案由路由卡族/R-AY-293-公司增资纠纷单案由路由卡.md,主卡,,
R-AY-294,AY,R-AY-294-公司解散纠纷单案由路由卡.md,06-沉淀/裁判规则库/案由路由/R-AY-294-公司解散纠纷单案由路由卡.md,06-沉淀/案由路由卡族/R-AY-294-公司解散纠纷单案由路由卡.md,主卡,,
R-AY-295,AY,R-AY-295-公司清算责任纠纷单案由路由卡.md,06-沉淀/裁判规则库/案由路由/R-AY-295-公司清算责任纠纷单案由路由卡.md,06-沉淀/案由路由卡族/R-AY-295-公司清算责任纠纷单案由路由卡.md,主卡,,
R-AY-296,AY,R-AY-296-上市公司收购纠纷单案由路由卡.md,06-沉淀/裁判规则库/案由路由/R-AY-296-上市公司收购纠纷单案由路由卡.md,06-沉淀/案由路由卡族/R-AY-296-上市公司收购纠纷单案由路由卡.md,主卡,,
R-AY-297,AY,R-AY-297-合伙企业纠纷单案由路由卡.md,06-沉淀/裁判规则库/案由路由/R-AY-297-合伙企业纠纷单案由路由卡.md,06-沉淀/案由路由卡族/R-AY-297-合伙企业纠纷单案由路由卡.md,主卡,,
R-AY-298,AY,R-AY-298-与破产有关的纠纷单案由路由卡.md,06-沉淀/裁判规则库/案由路由/R-AY-298-与破产有关的纠纷单案由路由卡.md,06-沉淀/案由路由卡族/R-AY-298-与破产有关的纠纷单案由路由卡.md,主卡,,
R-AY-299,AY,R-AY-299-证券纠纷单案由路由卡.md,06-沉淀/裁判规则库/案由路由/R-AY-299-证券纠纷单案由路由卡.md,06-沉淀/案由路由卡族/R-AY-299-证券纠纷单案由路由卡.md,主卡,,
R-AY-300,AY,R-AY-300-期货交易纠纷单案由路由卡.md,06-沉淀/裁判规则库/案由路由/R-AY-300-期货交易纠纷单案由路由卡.md,06-沉淀/案由路由卡族/R-AY-300-期货交易纠纷单案由路由卡.md,主卡,,
R-AY-301,AY,R-AY-301-信托纠纷单案由路由卡.md,06-沉淀/裁判规则库/案由路由/R-AY-301-信托纠纷单案由路由卡.md,06-沉淀/案由路由卡族/R-AY-301-信托纠纷单案由路由卡.md,主卡,,
R-AY-302,AY,R-AY-302-保险纠纷单案由路由卡.md,06-沉淀/裁判规则库/案由路由/R-AY-302-保险纠纷单案由路由卡.md,06-沉淀/案由路由卡族/R-AY-302-保险纠纷单案由路由卡.md,主卡,,
R-AY-303,AY,R-AY-303-票据纠纷单案由路由卡.md,06-沉淀/裁判规则库/案由路由/R-AY-303-票据纠纷单案由路由卡.md,06-沉淀/案由路由卡族/R-AY-303-票据纠纷单案由路由卡.md,主卡,,
R-AY-304,AY,R-AY-304-股权转让与股权代持隐名出资定性分野卡.md,06-沉淀/裁判规则库/案由路由/R-AY-304-股权转让与股权代持隐名出资定性分野卡.md,06-沉淀/案由路由卡族/R-AY-304-股权转让与股权代持隐名出资定性分野卡.md,主卡,,
R-AY-305,AY,R-AY-305-股东知情权与公司决议竞合定性分野卡.md,06-沉淀/裁判规则库/案由路由/R-AY-305-股东知情权与公司决议竞合定性分野卡.md,06-沉淀/案由路由卡族/R-AY-305-股东知情权与公司决议竞合定性分野卡.md,主卡,,
R-AY-306,AY,R-AY-306-保险代位求偿与侵权损害定性分野卡.md,06-沉淀/裁判规则库/案由路由/R-AY-306-保险代位求偿与侵权损害定性分野卡.md,06-沉淀/案由路由卡族/R-AY-306-保险代位求偿与侵权损害定性分野卡.md,主卡,,
R-AY-307,AY,R-AY-307-票据基础关系与票据关系定性分野卡.md,06-沉淀/裁判规则库/案由路由/R-AY-307-票据基础关系与票据关系定性分野卡.md,06-沉淀/案由路由卡族/R-AY-307-票据基础关系与票据关系定性分野卡.md,主卡,,
R-AY-308,AY,R-AY-308-公司解散与强制清算程序定性分野卡.md,06-沉淀/裁判规则库/案由路由/R-AY-308-公司解散与强制清算程序定性分野卡.md,06-沉淀/案由路由卡族/R-AY-308-公司解散与强制清算程序定性分野卡.md,主卡,,
R-AY-309,AY,R-AY-309-委托开立信用证纠纷单案由路由卡.md,06-沉淀/裁判规则库/案由路由/R-AY-309-委托开立信用证纠纷单案由路由卡.md,06-沉淀/案由路由卡族/R-AY-309-委托开立信用证纠纷单案由路由卡.md,主卡,,
R-AY-310,AY,R-AY-310-信用证开证纠纷单案由路由卡.md,06-沉淀/裁判规则库/案由路由/R-AY-310-信用证开证纠纷单案由路由卡.md,06-沉淀/案由路由卡族/R-AY-310-信用证开证纠纷单案由路由卡.md,主卡,,
R-AY-311,AY,R-AY-311-信用证议付纠纷单案由路由卡.md,06-沉淀/裁判规则库/案由路由/R-AY-311-信用证议付纠纷单案由路由卡.md,06-沉淀/案由路由卡族/R-AY-311-信用证议付纠纷单案由路由卡.md,主卡,,
R-AY-312,AY,R-AY-312-信用证欺诈纠纷单案由路由卡.md,06-沉淀/裁判规则库/案由路由/R-AY-312-信用证欺诈纠纷单案由路由卡.md,06-沉淀/案由路由卡族/R-AY-312-信用证欺诈纠纷单案由路由卡.md,主卡,,
R-AY-313,AY,R-AY-313-信用证融资纠纷单案由路由卡.md,06-沉淀/裁判规则库/案由路由/R-AY-313-信用证融资纠纷单案由路由卡.md,06-沉淀/案由路由卡族/R-AY-313-信用证融资纠纷单案由路由卡.md,主卡,,
R-AY-314,AY,R-AY-314-信用证转让纠纷单案由路由卡.md,06-沉淀/裁判规则库/案由路由/R-AY-314-信用证转让纠纷单案由路由卡.md,06-沉淀/案由路由卡族/R-AY-314-信用证转让纠纷单案由路由卡.md,主卡,,
R-AY-315,AY,R-AY-315-独立保函开立纠纷单案由路由卡.md,06-沉淀/裁判规则库/案由路由/R-AY-315-独立保函开立纠纷单案由路由卡.md,06-沉淀/案由路由卡族/R-AY-315-独立保函开立纠纷单案由路由卡.md,主卡,,
R-AY-316,AY,R-AY-316-独立保函付款纠纷单案由路由卡.md,06-沉淀/裁判规则库/案由路由/R-AY-316-独立保函付款纠纷单案由路由卡.md,06-沉淀/案由路由卡族/R-AY-316-独立保函付款纠纷单案由路由卡.md,主卡,,
R-AY-317,AY,R-AY-317-独立保函追偿纠纷单案由路由卡.md,06-沉淀/裁判规则库/案由路由/R-AY-317-独立保函追偿纠纷单案由路由卡.md,06-沉淀/案由路由卡族/R-AY-317-独立保函追偿纠纷单案由路由卡.md,主卡,,
R-AY-318,AY,R-AY-318-独立保函欺诈纠纷单案由路由卡.md,06-沉淀/裁判规则库/案由路由/R-AY-318-独立保函欺诈纠纷单案由路由卡.md,06-沉淀/案由路由卡族/R-AY-318-独立保函欺诈纠纷单案由路由卡.md,主卡,,
R-AY-319,AY,R-AY-319-独立保函转让纠纷单案由路由卡.md,06-沉淀/裁判规则库/案由路由/R-AY-319-独立保函转让纠纷单案由路由卡.md,06-沉淀/案由路由卡族/R-AY-319-独立保函转让纠纷单案由路由卡.md,主卡,,
R-AY-320,AY,R-AY-320-独立保函通知纠纷单案由路由卡.md,06-沉淀/裁判规则库/案由路由/R-AY-320-独立保函通知纠纷单案由路由卡.md,06-沉淀/案由路由卡族/R-AY-320-独立保函通知纠纷单案由路由卡.md,主卡,,
R-AY-321,AY,R-AY-321-独立保函撤销纠纷单案由路由卡.md,06-沉淀/裁判规则库/案由路由/R-AY-321-独立保函撤销纠纷单案由路由卡.md,06-沉淀/案由路由卡族/R-AY-321-独立保函撤销纠纷单案由路由卡.md,主卡,,
(缺失),CF,R-CF-181-....md,03-连接/概念页/R-CF-181-....md,06-沉淀/慈善合规域库/R-CF-181-....md,概念页指针,是,
(缺失),CF,R-CF-080.md,03-连接/概念页/R-CF-080.md,06-沉淀/慈善合规域库/R-CF-080.md,概念页指针,是,
(缺失),CF,R-CF-095-定向捐赠用途变更与捐赠人撤销权边界.md,03-连接/概念页/R-CF-095-定向捐赠用途变更与捐赠人撤销权边界.md,06-沉淀/慈善合规域库/R-CF-095-定向捐赠用途变更与捐赠人撤销权边界.md,概念页指针,是,
(缺失),CF,R-CF-096-社区慈善与慈善中国平台衔接.md,03-连接/概念页/R-CF-096-社区慈善与慈善中国平台衔接.md,06-沉淀/慈善合规域库/R-CF-096-社区慈善与慈善中国平台衔接.md,概念页指针,是,
(缺失),CF,R-CF-154-公开募捐生态下沉趋势.md,03-连接/概念页/R-CF-154-公开募捐生态下沉趋势.md,06-沉淀/慈善合规域库/R-CF-154-公开募捐生态下沉趋势.md,概念页指针,是,
(缺失),CF,R-CF-103.md,03-连接/概念页/R-CF-103.md,06-沉淀/慈善合规域库/R-CF-103.md,概念页指针,是,
(缺失),CF,R-CF-084.md,03-连接/概念页/R-CF-084.md,06-沉淀/慈善合规域库/R-CF-084.md,概念页指针,是,
(缺失),CF,R-CF-077.md,03-连接/概念页/R-CF-077.md,06-沉淀/慈善合规域库/R-CF-077.md,概念页指针,是,
(缺失),CF,R-CF-102.md,03-连接/概念页/R-CF-102.md,06-沉淀/慈善合规域库/R-CF-102.md,概念页指针,是,
(缺失),CF,R-CF-085.md,03-连接/概念页/R-CF-085.md,06-沉淀/慈善合规域库/R-CF-085.md,概念页指针,是,
(缺失),CF,R-CF-076.md,03-连接/概念页/R-CF-076.md,06-沉淀/慈善合规域库/R-CF-076.md,概念页指针,是,
(缺失),CF,R-CF-069.md,03-连接/概念页/R-CF-069.md,06-沉淀/慈善合规域库/R-CF-069.md,概念页指针,是,
(缺失),CF,R-CF-049.md,03-连接/概念页/R-CF-049.md,06-沉淀/慈善合规域库/R-CF-049.md,概念页指针,是,
(缺失),CF,R-CF-048.md,03-连接/概念页/R-CF-048.md,06-沉淀/慈善合规域库/R-CF-048.md,概念页指针,是,
(缺失),CF,R-CF-114-韩红6000万采购疑云风控慈善法14条.md,03-连接/概念页/R-CF-114-韩红6000万采购疑云风控慈善法14条.md,06-沉淀/慈善合规域库/R-CF-114-韩红6000万采购疑云风控慈善法14条.md,概念页指针,是,
(缺失),CF,R-CF-095-捐赠协议超范围对价义务定性.md,03-连接/概念页/R-CF-095-捐赠协议超范围对价义务定性.md,06-沉淀/慈善合规域库/R-CF-095-捐赠协议超范围对价义务定性.md,概念页指针,是,
(缺失),CF,R-CF-089-捐赠回扣禁令.md,03-连接/概念页/R-CF-089-捐赠回扣禁令.md,06-沉淀/慈善合规域库/R-CF-089-捐赠回扣禁令.md,概念页指针,是,
(缺失),CF,R-CF-155-AI时代慈善组织数字底座.md,03-连接/概念页/R-CF-155-AI时代慈善组织数字底座.md,06-沉淀/慈善合规域库/R-CF-155-AI时代慈善组织数字底座.md,概念页指针,是,
(缺失),CF,R-CF-088.md,03-连接/概念页/R-CF-088.md,06-沉淀/慈善合规域库/R-CF-088.md,概念页指针,是,
(缺失),CF,R-CF-099.md,03-连接/概念页/R-CF-099.md,06-沉淀/慈善合规域库/R-CF-099.md,概念页指针,是,
(缺失),CF,R-CF-76-慈善合规数值红线速查-LTI映射桥.md,03-连接/概念页/R-CF-76-慈善合规数值红线速查-LTI映射桥.md,06-沉淀/慈善合规域库/R-CF-76-慈善合规数值红线速查-LTI映射桥.md,概念页指针,是,
(缺失),CF,R-CF-71-慈善组织信息公开真实完整及时重大资产变动与关联交易三十日内公开公募财务会计报告须审计.md,03-连接/概念页/R-CF-71-慈善组织信息公开真实完整及时重大资产变动与关联交易三十日内公开公募财务会计报告须审计.md,06-沉淀/慈善合规域库/R-CF-71-慈善组织信息公开真实完整及时重大资产变动与关联交易三十日内公开公募财务会计报告须审计.md,概念页指针,是,
(缺失),CF,R-CF-051.md,03-连接/概念页/R-CF-051.md,06-沉淀/慈善合规域库/R-CF-051.md,概念页指针,是,
(缺失),CF,R-CF-101.md,03-连接/概念页/R-CF-101.md,06-沉淀/慈善合规域库/R-CF-101.md,概念页指针,是,
(缺失),CF,R-CF-100-慈善组织信息公开处罚边界.md,03-连接/概念页/R-CF-100-慈善组织信息公开处罚边界.md,06-沉淀/慈善合规域库/R-CF-100-慈善组织信息公开处罚边界.md,概念页指针,是,
(缺失),CF,R-CF-075.md,03-连接/概念页/R-CF-075.md,06-沉淀/慈善合规域库/R-CF-075.md,概念页指针,是,
(缺失),CF,R-CF-115.md,03-连接/概念页/R-CF-115.md,06-沉淀/慈善合规域库/R-CF-115.md,概念页指针,是,
(缺失),CF,R-CF-071.md,03-连接/概念页/R-CF-071.md,06-沉淀/慈善合规域库/R-CF-071.md,概念页指针,是,
(缺失),CF,R-CF-153-基金会互拨资金≠捐赠收入.md,03-连接/概念页/R-CF-153-基金会互拨资金≠捐赠收入.md,06-沉淀/慈善合规域库/R-CF-153-基金会互拨资金≠捐赠收入.md,概念页指针,是,
(缺失),CF,R-CF-083.md,03-连接/概念页/R-CF-083.md,06-沉淀/慈善合规域库/R-CF-083.md,概念页指针,是,
(缺失),CF,R-CF-070-慈善组织行政处罚裁量五阶次初违轻微及时改正可不予处罚.md,03-连接/概念页/R-CF-070-慈善组织行政处罚裁量五阶次初违轻微及时改正可不予处罚.md,06-沉淀/慈善合规域库/R-CF-070-慈善组织行政处罚裁量五阶次初违轻微及时改正可不予处罚.md,概念页指针,是,
(缺失),CF,R-CF-050.md,03-连接/概念页/R-CF-050.md,06-沉淀/慈善合规域库/R-CF-050.md,概念页指针,是,
-,CF,R-CF-076-慈善合规数值红线速查-LTI映射桥.md,06-沉淀/裁判规则库/慈善/R-CF-076-慈善合规数值红线速查-LTI映射桥.md,06-沉淀/慈善合规域库/R-CF-076-慈善合规数值红线速查-LTI映射桥.md,主卡,是,
-,CF,R-CF-052-税前扣除资格双比例红线公益支出公募70非公募8管理费10-12.md,06-沉淀/裁判规则库/慈法合规/R-CF-052-税前扣除资格双比例红线公益支出公募70非公募8管理费10-12.md,06-沉淀/慈善合规域库/R-CF-052-税前扣除资格双比例红线公益支出公募70非公募8管理费10-12.md,主卡,是,
-,CF,R-CF-053-基金会互捐核心真实最终受益人执行方公开遴选募捐资金非自有资金.md,06-沉淀/裁判规则库/慈法合规/R-CF-053-基金会互捐核心真实最终受益人执行方公开遴选募捐资金非自有资金.md,06-沉淀/慈善合规域库/R-CF-053-基金会互捐核心真实最终受益人执行方公开遴选募捐资金非自有资金.md,主卡,是,
R-CF-001,CF,R-CF-001.md,06-沉淀/裁判规则库/慈法合规/R-CF-001.md,06-沉淀/慈善合规域库/R-CF-001.md,主卡,,
R-CF-002,CF,R-CF-002.md,06-沉淀/裁判规则库/慈法合规/R-CF-002.md,06-沉淀/慈善合规域库/R-CF-002.md,主卡,,
R-CF-003,CF,R-CF-003.md,06-沉淀/裁判规则库/慈法合规/R-CF-003.md,06-沉淀/慈善合规域库/R-CF-003.md,主卡,,
R-CF-004,CF,R-CF-004.md,06-沉淀/裁判规则库/慈法合规/R-CF-004.md,06-沉淀/慈善合规域库/R-CF-004.md,主卡,,
R-CF-005,CF,R-CF-005.md,06-沉淀/裁判规则库/慈法合规/R-CF-005.md,06-沉淀/慈善合规域库/R-CF-005.md,主卡,,
R-CF-006,CF,R-CF-006.md,06-沉淀/裁判规则库/慈法合规/R-CF-006.md,06-沉淀/慈善合规域库/R-CF-006.md,主卡,,
R-CF-007,CF,R-CF-007.md,06-沉淀/裁判规则库/慈法合规/R-CF-007.md,06-沉淀/慈善合规域库/R-CF-007.md,主卡,,
R-CF-008,CF,R-CF-008.md,06-沉淀/裁判规则库/慈法合规/R-CF-008.md,06-沉淀/慈善合规域库/R-CF-008.md,主卡,,
R-CF-009,CF,R-CF-009.md,06-沉淀/裁判规则库/慈法合规/R-CF-009.md,06-沉淀/慈善合规域库/R-CF-009.md,主卡,,
R-CF-010,CF,R-CF-010.md,06-沉淀/裁判规则库/慈法合规/R-CF-010.md,06-沉淀/慈善合规域库/R-CF-010.md,主卡,,
R-CF-011,CF,R-CF-011.md,06-沉淀/裁判规则库/慈法合规/R-CF-011.md,06-沉淀/慈善合规域库/R-CF-011.md,主卡,,
R-CF-012,CF,R-CF-012.md,06-沉淀/裁判规则库/慈法合规/R-CF-012.md,06-沉淀/慈善合规域库/R-CF-012.md,主卡,,
R-CF-013,CF,R-CF-013.md,06-沉淀/裁判规则库/慈法合规/R-CF-013.md,06-沉淀/慈善合规域库/R-CF-013.md,主卡,,
R-CF-014,CF,R-CF-014.md,06-沉淀/裁判规则库/慈法合规/R-CF-014.md,06-沉淀/慈善合规域库/R-CF-014.md,主卡,,
R-CF-015,CF,R-CF-015.md,06-沉淀/裁判规则库/慈法合规/R-CF-015.md,06-沉淀/慈善合规域库/R-CF-015.md,主卡,,
R-CF-016,CF,R-CF-016.md,06-沉淀/裁判规则库/慈法合规/R-CF-016.md,06-沉淀/慈善合规域库/R-CF-016.md,主卡,,
R-CF-017,CF,R-CF-017.md,06-沉淀/裁判规则库/慈法合规/R-CF-017.md,06-沉淀/慈善合规域库/R-CF-017.md,主卡,,
R-CF-018,CF,R-CF-018.md,06-沉淀/裁判规则库/慈法合规/R-CF-018.md,06-沉淀/慈善合规域库/R-CF-018.md,主卡,,
R-CF-019,CF,R-CF-019.md,06-沉淀/裁判规则库/慈法合规/R-CF-019.md,06-沉淀/慈善合规域库/R-CF-019.md,主卡,,
R-CF-020,CF,R-CF-020.md,06-沉淀/裁判规则库/慈法合规/R-CF-020.md,06-沉淀/慈善合规域库/R-CF-020.md,主卡,,
R-CF-021,CF,R-CF-021.md,06-沉淀/裁判规则库/慈法合规/R-CF-021.md,06-沉淀/慈善合规域库/R-CF-021.md,主卡,,
R-CF-022,CF,R-CF-022.md,06-沉淀/裁判规则库/慈法合规/R-CF-022.md,06-沉淀/慈善合规域库/R-CF-022.md,主卡,,
R-CF-023,CF,R-CF-023.md,06-沉淀/裁判规则库/慈法合规/R-CF-023.md,06-沉淀/慈善合规域库/R-CF-023.md,主卡,,
R-CF-024,CF,R-CF-024.md,06-沉淀/裁判规则库/慈法合规/R-CF-024.md,06-沉淀/慈善合规域库/R-CF-024.md,主卡,,
R-CF-025,CF,R-CF-025.md,06-沉淀/裁判规则库/慈法合规/R-CF-025.md,06-沉淀/慈善合规域库/R-CF-025.md,主卡,,
R-CF-026,CF,R-CF-026.md,06-沉淀/裁判规则库/慈法合规/R-CF-026.md,06-沉淀/慈善合规域库/R-CF-026.md,主卡,,
R-CF-027,CF,R-CF-027.md,06-沉淀/裁判规则库/慈法合规/R-CF-027.md,06-沉淀/慈善合规域库/R-CF-027.md,主卡,,
R-CF-028,CF,R-CF-028.md,06-沉淀/裁判规则库/慈法合规/R-CF-028.md,06-沉淀/慈善合规域库/R-CF-028.md,主卡,,
R-CF-029,CF,R-CF-029.md,06-沉淀/裁判规则库/慈法合规/R-CF-029.md,06-沉淀/慈善合规域库/R-CF-029.md,主卡,,
R-CF-030,CF,R-CF-030.md,06-沉淀/裁判规则库/慈法合规/R-CF-030.md,06-沉淀/慈善合规域库/R-CF-030.md,主卡,,
R-CF-031,CF,R-CF-031.md,06-沉淀/裁判规则库/慈法合规/R-CF-031.md,06-沉淀/慈善合规域库/R-CF-031.md,主卡,,
R-CF-032,CF,R-CF-032.md,06-沉淀/裁判规则库/慈善组织合同/R-CF-032.md,06-沉淀/慈善合规域库/R-CF-032.md,主卡,,
R-CF-033,CF,R-CF-033.md,06-沉淀/裁判规则库/慈法合规/R-CF-033.md,06-沉淀/慈善合规域库/R-CF-033.md,主卡,,
R-CF-034,CF,R-CF-034.md,06-沉淀/裁判规则库/慈善组织合同/R-CF-034.md,06-沉淀/慈善合规域库/R-CF-034.md,主卡,,
R-CF-035,CF,R-CF-035.md,06-沉淀/裁判规则库/慈善组织合同/R-CF-035.md,06-沉淀/慈善合规域库/R-CF-035.md,主卡,,
R-CF-036,CF,R-CF-036.md,06-沉淀/裁判规则库/慈善组织合同/R-CF-036.md,06-沉淀/慈善合规域库/R-CF-036.md,主卡,,
R-CF-037,CF,R-CF-037.md,06-沉淀/裁判规则库/慈善组织合同/R-CF-037.md,06-沉淀/慈善合规域库/R-CF-037.md,主卡,,
R-CF-038,CF,R-CF-038.md,06-沉淀/裁判规则库/慈法合规/R-CF-038.md,06-沉淀/慈善合规域库/R-CF-038.md,主卡,,
R-CF-039,CF,R-CF-039.md,06-沉淀/裁判规则库/慈法合规/R-CF-039.md,06-沉淀/慈善合规域库/R-CF-039.md,主卡,,
R-CF-040,CF,R-CF-040.md,06-沉淀/裁判规则库/慈法合规/R-CF-040.md,06-沉淀/慈善合规域库/R-CF-040.md,主卡,,
R-CF-041,CF,R-CF-041.md,06-沉淀/裁判规则库/慈法合规/R-CF-041.md,06-沉淀/慈善合规域库/R-CF-041.md,主卡,,
R-CF-042,CF,R-CF-042.md,06-沉淀/裁判规则库/慈法合规/R-CF-042.md,06-沉淀/慈善合规域库/R-CF-042.md,主卡,,
R-CF-043,CF,R-CF-043.md,06-沉淀/裁判规则库/慈法合规/R-CF-043.md,06-沉淀/慈善合规域库/R-CF-043.md,主卡,,
R-CF-044,CF,R-CF-044.md,06-沉淀/裁判规则库/慈法合规/R-CF-044.md,06-沉淀/慈善合规域库/R-CF-044.md,主卡,,
R-CF-045,CF,R-CF-045.md,06-沉淀/裁判规则库/慈法合规/R-CF-045.md,06-沉淀/慈善合规域库/R-CF-045.md,主卡,,
R-CF-046,CF,R-CF-046.md,06-沉淀/裁判规则库/慈法合规/R-CF-046.md,06-沉淀/慈善合规域库/R-CF-046.md,主卡,,
R-CF-047,CF,R-CF-047.md,06-沉淀/裁判规则库/慈法合规/R-CF-047.md,06-沉淀/慈善合规域库/R-CF-047.md,主卡,,
R-CF-048,CF,R-CF-048-基金会执行民非制度独立核算限定性净资产按限制解除重分类.md,06-沉淀/裁判规则库/慈法合规/R-CF-048-基金会执行民非制度独立核算限定性净资产按限制解除重分类.md,06-沉淀/慈善合规域库/R-CF-048-基金会执行民非制度独立核算限定性净资产按限制解除重分类.md,主卡,,
R-CF-049,CF,R-CF-049-统一社会信用代码为基金会终身标识登记信息须一致并公示.md,06-沉淀/裁判规则库/慈法合规/R-CF-049-统一社会信用代码为基金会终身标识登记信息须一致并公示.md,06-沉淀/慈善合规域库/R-CF-049-统一社会信用代码为基金会终身标识登记信息须一致并公示.md,主卡,,
R-CF-050,CF,R-CF-050-基金会治理须党建入章联合资金监管信息公开政社分开.md,06-沉淀/裁判规则库/慈法合规/R-CF-050-基金会治理须党建入章联合资金监管信息公开政社分开.md,06-沉淀/慈善合规域库/R-CF-050-基金会治理须党建入章联合资金监管信息公开政社分开.md,主卡,,
R-CF-051,CF,R-CF-051-社会组织八项高发刑事罪名职务侵占挪用资金受贿居前三.md,06-沉淀/裁判规则库/慈法合规/R-CF-051-社会组织八项高发刑事罪名职务侵占挪用资金受贿居前三.md,06-沉淀/慈善合规域库/R-CF-051-社会组织八项高发刑事罪名职务侵占挪用资金受贿居前三.md,主卡,,
R-CF-052,CF,R-CF-052.md,06-沉淀/裁判规则库/慈善/R-CF-052.md,06-沉淀/慈善合规域库/R-CF-052.md,主卡,,
R-CF-053,CF,R-CF-053.md,06-沉淀/裁判规则库/慈善/R-CF-053.md,06-沉淀/慈善合规域库/R-CF-053.md,主卡,,
R-CF-054,CF,R-CF-054.md,06-沉淀/裁判规则库/慈善/R-CF-054.md,06-沉淀/慈善合规域库/R-CF-054.md,主卡,,
R-CF-055,CF,R-CF-055.md,06-沉淀/裁判规则库/慈善/R-CF-055.md,06-沉淀/慈善合规域库/R-CF-055.md,主卡,,
R-CF-056,CF,R-CF-056.md,06-沉淀/裁判规则库/慈善/R-CF-056.md,06-沉淀/慈善合规域库/R-CF-056.md,主卡,,
R-CF-057,CF,R-CF-057.md,06-沉淀/裁判规则库/慈善/R-CF-057.md,06-沉淀/慈善合规域库/R-CF-057.md,主卡,,
R-CF-058,CF,R-CF-058.md,06-沉淀/裁判规则库/慈善/R-CF-058.md,06-沉淀/慈善合规域库/R-CF-058.md,主卡,,
R-CF-059,CF,R-CF-059.md,06-沉淀/裁判规则库/慈善/R-CF-059.md,06-沉淀/慈善合规域库/R-CF-059.md,主卡,,
R-CF-060,CF,R-CF-060.md,06-沉淀/裁判规则库/慈善/R-CF-060.md,06-沉淀/慈善合规域库/R-CF-060.md,主卡,,
R-CF-061,CF,R-CF-061.md,06-沉淀/裁判规则库/慈善/R-CF-061.md,06-沉淀/慈善合规域库/R-CF-061.md,主卡,,
R-CF-062,CF,R-CF-062.md,06-沉淀/裁判规则库/慈善/R-CF-062.md,06-沉淀/慈善合规域库/R-CF-062.md,主卡,,
R-CF-063,CF,R-CF-063.md,06-沉淀/裁判规则库/慈善/R-CF-063.md,06-沉淀/慈善合规域库/R-CF-063.md,主卡,,
R-CF-064,CF,R-CF-064.md,06-沉淀/裁判规则库/慈善/R-CF-064.md,06-沉淀/慈善合规域库/R-CF-064.md,主卡,,
R-CF-065,CF,R-CF-065.md,06-沉淀/裁判规则库/慈善/R-CF-065.md,06-沉淀/慈善合规域库/R-CF-065.md,主卡,,
R-CF-066,CF,R-CF-066.md,06-沉淀/裁判规则库/慈善组织合同/R-CF-066.md,06-沉淀/慈善合规域库/R-CF-066.md,主卡,,
R-CF-067,CF,R-CF-067.md,06-沉淀/裁判规则库/慈善/R-CF-067.md,06-沉淀/慈善合规域库/R-CF-067.md,主卡,,
R-CF-068,CF,R-CF-068.md,06-沉淀/裁判规则库/慈善/R-CF-068.md,06-沉淀/慈善合规域库/R-CF-068.md,主卡,,
R-CF-069,CF,R-CF-069-公募基金会年度慈善支出不低于上年总收入70%管理费不高于总支出10%募捐成本不高于前三年捐赠收入均值3%.md,06-沉淀/裁判规则库/慈善/R-CF-069-公募基金会年度慈善支出不低于上年总收入70%管理费不高于总支出10%募捐成本不高于前三年捐赠收入均值3%.md,06-沉淀/慈善合规域库/R-CF-069-公募基金会年度慈善支出不低于上年总收入70%管理费不高于总支出10%募捐成本不高于前三年捐赠收入均值3%.md,主卡,,
R-CF-070,CF,R-CF-070-慈善组织行政处罚裁量五阶次初违轻微及时改正可不予处罚二年未发现不予立案.md,06-沉淀/裁判规则库/慈善/R-CF-070-慈善组织行政处罚裁量五阶次初违轻微及时改正可不予处罚二年未发现不予立案.md,06-沉淀/慈善合规域库/R-CF-070-慈善组织行政处罚裁量五阶次初违轻微及时改正可不予处罚二年未发现不予立案.md,主卡,,
R-CF-071,CF,R-CF-071-慈善组织信息公开真实完整及时重大资产变动与关联交易三十日内公开公募财务会计报告须审计.md,06-沉淀/裁判规则库/慈善/R-CF-071-慈善组织信息公开真实完整及时重大资产变动与关联交易三十日内公开公募财务会计报告须审计.md,06-沉淀/慈善合规域库/R-CF-071-慈善组织信息公开真实完整及时重大资产变动与关联交易三十日内公开公募财务会计报告须审计.md,主卡,,
R-CF-072,CF,R-CF-072.md,06-沉淀/裁判规则库/慈善组织合同/R-CF-072.md,06-沉淀/慈善合规域库/R-CF-072.md,主卡,,
R-CF-073,CF,R-CF-073.md,06-沉淀/裁判规则库/慈善/R-CF-073.md,06-沉淀/慈善合规域库/R-CF-073.md,主卡,,
R-CF-074,CF,R-CF-074.md,06-沉淀/裁判规则库/慈善/R-CF-074.md,06-沉淀/慈善合规域库/R-CF-074.md,主卡,,
R-CF-075,CF,R-CF-075-基金会净资产达标不等于高效限定净资产结转须有佐证专项资金不得长期沉淀.md,06-沉淀/裁判规则库/慈善/R-CF-075-基金会净资产达标不等于高效限定净资产结转须有佐证专项资金不得长期沉淀.md,06-沉淀/慈善合规域库/R-CF-075-基金会净资产达标不等于高效限定净资产结转须有佐证专项资金不得长期沉淀.md,主卡,,
R-CF-076,CF,R-CF-076-慈善组织信息公开以公开为原则不公开为例外捐赠人享有查询复制权.md,06-沉淀/裁判规则库/慈善/R-CF-076-慈善组织信息公开以公开为原则不公开为例外捐赠人享有查询复制权.md,06-沉淀/慈善合规域库/R-CF-076-慈善组织信息公开以公开为原则不公开为例外捐赠人享有查询复制权.md,主卡,,
R-CF-077,CF,R-CF-077-基金会资助社会组织非对外捐赠不得使用捐赠票据业务实质决定凭证类型.md,06-沉淀/裁判规则库/慈善组织合同/R-CF-077-基金会资助社会组织非对外捐赠不得使用捐赠票据业务实质决定凭证类型.md,06-沉淀/慈善合规域库/R-CF-077-基金会资助社会组织非对外捐赠不得使用捐赠票据业务实质决定凭证类型.md,主卡,,
R-CF-078,CF,R-CF-078-慈善组织采购须事前核查供应商资质与经营状况大额采购比价议价全程留痕.md,06-沉淀/裁判规则库/慈善/R-CF-078-慈善组织采购须事前核查供应商资质与经营状况大额采购比价议价全程留痕.md,06-沉淀/慈善合规域库/R-CF-078-慈善组织采购须事前核查供应商资质与经营状况大额采购比价议价全程留痕.md,主卡,,
R-CF-079,CF,R-CF-079-规章制度须民主程序制定公示告知方有效慈善组织劳动人事制度可参照.md,06-沉淀/裁判规则库/慈善/R-CF-079-规章制度须民主程序制定公示告知方有效慈善组织劳动人事制度可参照.md,06-沉淀/慈善合规域库/R-CF-079-规章制度须民主程序制定公示告知方有效慈善组织劳动人事制度可参照.md,主卡,,
R-CF-080,CF,R-CF-080-公司人格否认三情形横向否认关联公司连带一人公司举证责任倒置.md,06-沉淀/裁判规则库/慈善/R-CF-080-公司人格否认三情形横向否认关联公司连带一人公司举证责任倒置.md,06-沉淀/慈善合规域库/R-CF-080-公司人格否认三情形横向否认关联公司连带一人公司举证责任倒置.md,主卡,,
R-CF-081,CF,R-CF-081-慈善物资捐赠须签协议计价入账入库验收按用途使用并披露限定性物资挪用触公益目的红线.md,06-沉淀/裁判规则库/慈善/R-CF-081-慈善物资捐赠须签协议计价入账入库验收按用途使用并披露限定性物资挪用触公益目的红线.md,06-沉淀/慈善合规域库/R-CF-081-慈善物资捐赠须签协议计价入账入库验收按用途使用并披露限定性物资挪用触公益目的红线.md,主卡,,
R-CF-082,CF,R-CF-082-基金会公益资助仍属法律层面捐赠资助款照常计捐赠收入免税禁开捐赠票据仅为防重复开票.md,06-沉淀/裁判规则库/慈善/R-CF-082-基金会公益资助仍属法律层面捐赠资助款照常计捐赠收入免税禁开捐赠票据仅为防重复开票.md,06-沉淀/慈善合规域库/R-CF-082-基金会公益资助仍属法律层面捐赠资助款照常计捐赠收入免税禁开捐赠票据仅为防重复开票.md,主卡,,
R-CF-083,CF,R-CF-083-医院受赠须单位统一受理个人不得直接接受药企赞助与采购挂钩构成变相利益输送商业贿赂.md,06-沉淀/裁判规则库/慈善/R-CF-083-医院受赠须单位统一受理个人不得直接接受药企赞助与采购挂钩构成变相利益输送商业贿赂.md,06-沉淀/慈善合规域库/R-CF-083-医院受赠须单位统一受理个人不得直接接受药企赞助与采购挂钩构成变相利益输送商业贿赂.md,主卡,,
R-CF-084,CF,R-CF-084-贵州省慈善条例红线清单.md,06-沉淀/裁判规则库/慈善/R-CF-084-贵州省慈善条例红线清单.md,06-沉淀/慈善合规域库/R-CF-084-贵州省慈善条例红线清单.md,主卡,,
R-CF-085,CF,R-CF-085-社会组织合规8关键词最小知识集.md,06-沉淀/裁判规则库/慈善/R-CF-085-社会组织合规8关键词最小知识集.md,06-沉淀/慈善合规域库/R-CF-085-社会组织合规8关键词最小知识集.md,主卡,,
R-CF-086,CF,R-CF-086-公开募捐方案备案指引闭环要件与慈善中国线上办理.md,06-沉淀/裁判规则库/慈善/R-CF-086-公开募捐方案备案指引闭环要件与慈善中国线上办理.md,06-沉淀/慈善合规域库/R-CF-086-公开募捐方案备案指引闭环要件与慈善中国线上办理.md,主卡,,
R-CF-087,CF,R-CF-087-贵州省保值增值投资专项基金与公开募捐三指引合规要点.md,06-沉淀/裁判规则库/慈善/R-CF-087-贵州省保值增值投资专项基金与公开募捐三指引合规要点.md,06-沉淀/慈善合规域库/R-CF-087-贵州省保值增值投资专项基金与公开募捐三指引合规要点.md,主卡,,
R-CF-088,CF,R-CF-088-慈善关联关系三底线与四步管理体系.md,06-沉淀/裁判规则库/慈善/R-CF-088-慈善关联关系三底线与四步管理体系.md,06-沉淀/慈善合规域库/R-CF-088-慈善关联关系三底线与四步管理体系.md,主卡,,
R-CF-089,CF,R-CF-089-基金会不得提供公益捐赠回扣三条红线.md,06-沉淀/裁判规则库/慈善/R-CF-089-基金会不得提供公益捐赠回扣三条红线.md,06-沉淀/慈善合规域库/R-CF-089-基金会不得提供公益捐赠回扣三条红线.md,主卡,,
R-CF-090,CF,R-CF-090-疫情防控捐赠税收优惠全额扣除要点.md,06-沉淀/裁判规则库/慈善/R-CF-090-疫情防控捐赠税收优惠全额扣除要点.md,06-沉淀/慈善合规域库/R-CF-090-疫情防控捐赠税收优惠全额扣除要点.md,主卡,,
R-CF-091,CF,R-CF-091-全面放开养老服务市场要点与慈善组织参与路径.md,06-沉淀/裁判规则库/慈善/R-CF-091-全面放开养老服务市场要点与慈善组织参与路径.md,06-沉淀/慈善合规域库/R-CF-091-全面放开养老服务市场要点与慈善组织参与路径.md,主卡,,
R-CF-092,CF,R-CF-092-公益事业捐赠票据使用管理办法开票规范与五禁.md,06-沉淀/裁判规则库/慈法合规/R-CF-092-公益事业捐赠票据使用管理办法开票规范与五禁.md,06-沉淀/慈善合规域库/R-CF-092-公益事业捐赠票据使用管理办法开票规范与五禁.md,主卡,,
R-CF-093,CF,R-CF-093-社会组织评估管理办法2026五级评估与3A4A激励.md,06-沉淀/裁判规则库/慈法合规/R-CF-093-社会组织评估管理办法2026五级评估与3A4A激励.md,06-沉淀/慈善合规域库/R-CF-093-社会组织评估管理办法2026五级评估与3A4A激励.md,主卡,,
R-CF-094,CF,R-CF-094-公开募捐违法案件管辖规定互联网公募按住所地管辖.md,06-沉淀/裁判规则库/慈法合规/R-CF-094-公开募捐违法案件管辖规定互联网公募按住所地管辖.md,06-沉淀/慈善合规域库/R-CF-094-公开募捐违法案件管辖规定互联网公募按住所地管辖.md,主卡,,
R-CF-095,CF,R-CF-095-定向捐赠用途变更须同意或备案.md,06-沉淀/裁判规则库/慈法合规/R-CF-095-定向捐赠用途变更须同意或备案.md,06-沉淀/慈善合规域库/R-CF-095-定向捐赠用途变更须同意或备案.md,主卡,,
R-CF-096,CF,R-CF-096-慈善组织捐赠物资计价与捐赠票据开具合规规则.md,06-沉淀/裁判规则库/慈善法/R-CF-096-慈善组织捐赠物资计价与捐赠票据开具合规规则.md,06-沉淀/慈善合规域库/R-CF-096-慈善组织捐赠物资计价与捐赠票据开具合规规则.md,主卡,,
R-CF-097,CF,R-CF-097-慈善组织公开募捐方案备案全流程合规要点.md,06-沉淀/裁判规则库/慈善法/R-CF-097-慈善组织公开募捐方案备案全流程合规要点.md,06-沉淀/慈善合规域库/R-CF-097-慈善组织公开募捐方案备案全流程合规要点.md,主卡,,
R-CF-098,CF,R-CF-098-社会团体和基金会办理进口慈善捐赠物资减免税手续规则.md,06-沉淀/裁判规则库/慈善法/R-CF-098-社会团体和基金会办理进口慈善捐赠物资减免税手续规则.md,06-沉淀/慈善合规域库/R-CF-098-社会团体和基金会办理进口慈善捐赠物资减免税手续规则.md,主卡,,
R-CF-099,CF,R-CF-099-慈善组织未履行信息公开义务的行政法律责任.md,06-沉淀/裁判规则库/慈善/R-CF-099-慈善组织未履行信息公开义务的行政法律责任.md,06-沉淀/慈善合规域库/R-CF-099-慈善组织未履行信息公开义务的行政法律责任.md,主卡,,
R-CF-100,CF,R-CF-100-慈善组织关联方交易的回避表决与公开义务.md,06-沉淀/裁判规则库/慈善/R-CF-100-慈善组织关联方交易的回避表决与公开义务.md,06-沉淀/慈善合规域库/R-CF-100-慈善组织关联方交易的回避表决与公开义务.md,主卡,,
R-CF-101,CF,R-CF-101-境外非政府组织境内活动管理法.md,02-提炼/慈法/R-CF-101-境外非政府组织境内活动管理法.md,06-沉淀/慈善合规域库/R-CF-101-境外非政府组织境内活动管理法.md,提炼源/指针,,
R-CF-101,CF,R-CF-101-境外NGO境内活动管理要点.md,06-沉淀/裁判规则库/慈善/R-CF-101-境外NGO境内活动管理要点.md,06-沉淀/慈善合规域库/R-CF-101-境外NGO境内活动管理要点.md,主卡,,
R-CF-102,CF,R-CF-102-社会组织反恐怖融资管理办法.md,02-提炼/慈法/R-CF-102-社会组织反恐怖融资管理办法.md,06-沉淀/慈善合规域库/R-CF-102-社会组织反恐怖融资管理办法.md,提炼源/指针,,
R-CF-102,CF,R-CF-102-社会组织反恐怖融资要点.md,06-沉淀/裁判规则库/慈善/R-CF-102-社会组织反恐怖融资要点.md,06-沉淀/慈善合规域库/R-CF-102-社会组织反恐怖融资要点.md,主卡,,
R-CF-103,CF,R-CF-103-社会组织名称管理办法2024.md,02-提炼/慈法/R-CF-103-社会组织名称管理办法2024.md,06-沉淀/慈善合规域库/R-CF-103-社会组织名称管理办法2024.md,提炼源/指针,,
R-CF-103,CF,R-CF-103-社会组织名称管理要点.md,06-沉淀/裁判规则库/慈善/R-CF-103-社会组织名称管理要点.md,06-沉淀/慈善合规域库/R-CF-103-社会组织名称管理要点.md,主卡,,
R-CF-104,CF,R-CF-104-社会组织规范化建设意见.md,06-沉淀/裁判规则库/慈善/R-CF-104-社会组织规范化建设意见.md,06-沉淀/慈善合规域库/R-CF-104-社会组织规范化建设意见.md,主卡,,
R-CF-105,CF,R-CF-105-慈善法2023修正要点.md,06-沉淀/裁判规则库/慈善/R-CF-105-慈善法2023修正要点.md,06-沉淀/慈善合规域库/R-CF-105-慈善法2023修正要点.md,主卡,,
R-CF-106,CF,R-CF-106-体育赛事慈善活动规范.md,06-沉淀/裁判规则库/慈善/R-CF-106-体育赛事慈善活动规范.md,06-沉淀/慈善合规域库/R-CF-106-体育赛事慈善活动规范.md,主卡,,
R-CF-107,CF,R-CF-107-困境儿童福利保障要点.md,06-沉淀/裁判规则库/慈善/R-CF-107-困境儿童福利保障要点.md,06-沉淀/慈善合规域库/R-CF-107-困境儿童福利保障要点.md,主卡,,
R-CF-108,CF,R-CF-108-慈善组织处罚裁量基准.md,06-沉淀/裁判规则库/慈善/R-CF-108-慈善组织处罚裁量基准.md,06-沉淀/慈善合规域库/R-CF-108-慈善组织处罚裁量基准.md,主卡,,
R-CF-109,CF,R-CF-109-社区慈善主攻方向实务.md,06-沉淀/裁判规则库/慈善/R-CF-109-社区慈善主攻方向实务.md,06-沉淀/慈善合规域库/R-CF-109-社区慈善主攻方向实务.md,主卡,,
R-CF-110,CF,R-CF-110-关联公司人格混同与关联交易连带责任.md,06-沉淀/裁判规则库/慈善/R-CF-110-关联公司人格混同与关联交易连带责任.md,06-沉淀/慈善合规域库/R-CF-110-关联公司人格混同与关联交易连带责任.md,主卡,,
R-CF-111,CF,R-CF-111-基金会理事会换届与理事忠实义务合规边界.md,06-沉淀/裁判规则库/慈善/R-CF-111-基金会理事会换届与理事忠实义务合规边界.md,06-沉淀/慈善合规域库/R-CF-111-基金会理事会换届与理事忠实义务合规边界.md,主卡,,
R-CF-112,CF,R-CF-112-韩红救护车采购风波合规启示要点.md,02-提炼/IMA回补笔记/2026-09-07/R-CF-112-韩红救护车采购风波合规启示要点.md,06-沉淀/慈善合规域库/R-CF-112-韩红救护车采购风波合规启示要点.md,提炼源/指针,,
R-CF-112,CF,R-CF-112-韩红救护车采购风波合规启示要点.md,06-沉淀/裁判规则库/慈善/R-CF-112-韩红救护车采购风波合规启示要点.md,06-沉淀/慈善合规域库/R-CF-112-韩红救护车采购风波合规启示要点.md,主卡,,
R-CF-113,CF,R-CF-113-基金会赞助大赛评比表彰审计列支要点.md,02-提炼/IMA回补笔记/2026-09-07/R-CF-113-基金会赞助大赛评比表彰审计列支要点.md,06-沉淀/慈善合规域库/R-CF-113-基金会赞助大赛评比表彰审计列支要点.md,提炼源/指针,,
R-CF-113,CF,R-CF-113-基金会赞助大赛评比表彰审计列支要点.md,06-沉淀/裁判规则库/慈善/R-CF-113-基金会赞助大赛评比表彰审计列支要点.md,06-沉淀/慈善合规域库/R-CF-113-基金会赞助大赛评比表彰审计列支要点.md,主卡,,
R-CF-114,CF,R-CF-114-韩红基金会6000万救护车采购疑云风控要点.md,02-提炼/IMA回补笔记/2026-09-07/R-CF-114-韩红基金会6000万救护车采购疑云风控要点.md,06-沉淀/慈善合规域库/R-CF-114-韩红基金会6000万救护车采购疑云风控要点.md,提炼源/指针,,
R-CF-114,CF,R-CF-114-韩红基金会6000万救护车采购疑云风控要点.md,06-沉淀/裁判规则库/慈善/R-CF-114-韩红基金会6000万救护车采购疑云风控要点.md,06-沉淀/慈善合规域库/R-CF-114-韩红基金会6000万救护车采购疑云风控要点.md,主卡,,
R-CF-115,CF,R-CF-115-税前扣除资格双比例红线公益支出公募70非公募8管理费10-12.md,06-沉淀/裁判规则库/慈法合规/R-CF-115-税前扣除资格双比例红线公益支出公募70非公募8管理费10-12.md,06-沉淀/慈善合规域库/R-CF-115-税前扣除资格双比例红线公益支出公募70非公募8管理费10-12.md,主卡,,
R-CF-116,CF,R-CF-116-基金会互捐核心真实最终受益人执行方公开遴选募捐资金非自有资金.md,06-沉淀/裁判规则库/慈法合规/R-CF-116-基金会互捐核心真实最终受益人执行方公开遴选募捐资金非自有资金.md,06-沉淀/慈善合规域库/R-CF-116-基金会互捐核心真实最终受益人执行方公开遴选募捐资金非自有资金.md,主卡,,
R-CF-117,CF,R-CF-117-捐赠财产用途变更与撤销权边界.md,06-沉淀/裁判规则库/慈善/R-CF-117-捐赠财产用途变更与撤销权边界.md,06-沉淀/慈善合规域库/R-CF-117-捐赠财产用途变更与撤销权边界.md,主卡,,
R-CF-118,CF,R-CF-118-关联交易合规审查卡.md,06-沉淀/裁判规则库/慈法合规/R-CF-118-关联交易合规审查卡.md,06-沉淀/慈善合规域库/R-CF-118-关联交易合规审查卡.md,主卡,,
R-CF-119,CF,R-CF-119-公开募捐资格与备案合规审查卡.md,06-沉淀/裁判规则库/慈法合规/R-CF-119-公开募捐资格与备案合规审查卡.md,06-沉淀/慈善合规域库/R-CF-119-公开募捐资格与备案合规审查卡.md,主卡,,
R-CF-120,CF,R-CF-120-慈善信息公开义务合规审查卡.md,06-沉淀/裁判规则库/慈法合规/R-CF-120-慈善信息公开义务合规审查卡.md,06-沉淀/慈善合规域库/R-CF-120-慈善信息公开义务合规审查卡.md,主卡,,
R-CF-121,CF,R-CF-121-慈善信托合规审查卡.md,06-沉淀/裁判规则库/慈法合规/R-CF-121-慈善信托合规审查卡.md,06-沉淀/慈善合规域库/R-CF-121-慈善信托合规审查卡.md,主卡,,
R-CF-122,CF,R-CF-122-慈善组织关联交易合规边界-2026-09-09.md,06-沉淀/裁判规则库/慈善/R-CF-122-慈善组织关联交易合规边界-2026-09-09.md,06-沉淀/慈善合规域库/R-CF-122-慈善组织关联交易合规边界-2026-09-09.md,主卡,,
R-CF-123,CF,R-CF-123-基金会不是合规通行证药企合作穿透式稽查-采集笔记.md,02-提炼/公众号文章笔记/R-CF-123-基金会不是合规通行证药企合作穿透式稽查-采集笔记.md,06-沉淀/慈善合规域库/R-CF-123-基金会不是合规通行证药企合作穿透式稽查-采集笔记.md,提炼源/指针,,
R-CF-123,CF,R-CF-123-基金会不是合规通行证药企合作穿透式稽查合规边界.md,06-沉淀/裁判规则库/慈法合规/R-CF-123-基金会不是合规通行证药企合作穿透式稽查合规边界.md,06-沉淀/慈善合规域库/R-CF-123-基金会不是合规通行证药企合作穿透式稽查合规边界.md,主卡,,
R-CF-124,CF,R-CF-124-专项基金设立治理合规全流程-采集笔记.md,02-提炼/公众号文章笔记/R-CF-124-专项基金设立治理合规全流程-采集笔记.md,06-沉淀/慈善合规域库/R-CF-124-专项基金设立治理合规全流程-采集笔记.md,提炼源/指针,,
R-CF-124,CF,R-CF-124-专项基金设立治理与合规全流程要点.md,06-沉淀/裁判规则库/慈善/R-CF-124-专项基金设立治理与合规全流程要点.md,06-沉淀/慈善合规域库/R-CF-124-专项基金设立治理与合规全流程要点.md,主卡,,
R-CF-125,CF,R-CF-125-慈善组织合规三道关双罚制-采集笔记.md,02-提炼/公众号文章笔记/R-CF-125-慈善组织合规三道关双罚制-采集笔记.md,06-沉淀/慈善合规域库/R-CF-125-慈善组织合规三道关双罚制-采集笔记.md,提炼源/指针,,
R-CF-125,CF,R-CF-125-慈善组织合规三道关捐赠票据信息公开投资管理双罚制.md,06-沉淀/裁判规则库/慈善/R-CF-125-慈善组织合规三道关捐赠票据信息公开投资管理双罚制.md,06-沉淀/慈善合规域库/R-CF-125-慈善组织合规三道关捐赠票据信息公开投资管理双罚制.md,主卡,,
R-CF-126,CF,R-CF-126-未取得公开募捐资格擅自公开募捐的法律后果.md,06-沉淀/裁判规则库/慈善/R-CF-126-未取得公开募捐资格擅自公开募捐的法律后果.md,06-沉淀/慈善合规域库/R-CF-126-未取得公开募捐资格擅自公开募捐的法律后果.md,主卡,,
R-CF-127,CF,R-CF-127-慈善组织负责人忠实义务与关联交易刑事风险边界.md,06-沉淀/裁判规则库/慈善/R-CF-127-慈善组织负责人忠实义务与关联交易刑事风险边界.md,06-沉淀/慈善合规域库/R-CF-127-慈善组织负责人忠实义务与关联交易刑事风险边界.md,主卡,,
R-CF-128,CF,R-CF-128-慈善中国公开募捐方案备案合规审查卡.md,06-沉淀/裁判规则库/慈法合规/R-CF-128-慈善中国公开募捐方案备案合规审查卡.md,06-沉淀/慈善合规域库/R-CF-128-慈善中国公开募捐方案备案合规审查卡.md,主卡,,
R-CF-129,CF,R-CF-129-募捐方案变更与补正备案合规审查卡.md,06-沉淀/裁判规则库/慈法合规/R-CF-129-募捐方案变更与补正备案合规审查卡.md,06-沉淀/慈善合规域库/R-CF-129-募捐方案变更与补正备案合规审查卡.md,主卡,,
R-CF-130,CF,R-CF-130-合作募捐代非公募方备案合规审查卡.md,06-沉淀/裁判规则库/慈法合规/R-CF-130-合作募捐代非公募方备案合规审查卡.md,06-沉淀/慈善合规域库/R-CF-130-合作募捐代非公募方备案合规审查卡.md,主卡,,
R-CF-131,CF,R-CF-131-非公募方合作方背景调查合规审查卡.md,06-沉淀/裁判规则库/慈法合规/R-CF-131-非公募方合作方背景调查合规审查卡.md,06-沉淀/慈善合规域库/R-CF-131-非公募方合作方背景调查合规审查卡.md,主卡,,
R-CF-132,CF,R-CF-132-互联网公募平台项目上线核验合规审查卡.md,06-沉淀/裁判规则库/慈法合规/R-CF-132-互联网公募平台项目上线核验合规审查卡.md,06-沉淀/慈善合规域库/R-CF-132-互联网公募平台项目上线核验合规审查卡.md,主卡,,
R-CF-133,CF,R-CF-133-联合劝募项目资金拨付与拨付前提合规审查卡.md,06-沉淀/裁判规则库/慈法合规/R-CF-133-联合劝募项目资金拨付与拨付前提合规审查卡.md,06-沉淀/慈善合规域库/R-CF-133-联合劝募项目资金拨付与拨付前提合规审查卡.md,主卡,,
R-CF-134,CF,R-CF-134-合作项目资金使用监督与专项审计合规审查卡.md,06-沉淀/裁判规则库/慈法合规/R-CF-134-合作项目资金使用监督与专项审计合规审查卡.md,06-沉淀/慈善合规域库/R-CF-134-合作项目资金使用监督与专项审计合规审查卡.md,主卡,,
R-CF-135,CF,R-CF-135-互联网公募平台红线规则合规审查卡.md,06-沉淀/裁判规则库/慈法合规/R-CF-135-互联网公募平台红线规则合规审查卡.md,06-沉淀/慈善合规域库/R-CF-135-互联网公募平台红线规则合规审查卡.md,主卡,,
R-CF-136,CF,R-CF-136-募捐成本核算与管控合规审查卡.md,06-沉淀/裁判规则库/慈法合规/R-CF-136-募捐成本核算与管控合规审查卡.md,06-沉淀/慈善合规域库/R-CF-136-募捐成本核算与管控合规审查卡.md,主卡,,
R-CF-137,CF,R-CF-137-慈善活动年度支出管理费用募捐成本三项比例合规审查卡.md,06-沉淀/裁判规则库/慈法合规/R-CF-137-慈善活动年度支出管理费用募捐成本三项比例合规审查卡.md,06-沉淀/慈善合规域库/R-CF-137-慈善活动年度支出管理费用募捐成本三项比例合规审查卡.md,主卡,,
R-CF-138,CF,R-CF-138-款物到达最终受益人财务核算合规审查卡.md,06-沉淀/裁判规则库/慈法合规/R-CF-138-款物到达最终受益人财务核算合规审查卡.md,06-沉淀/慈善合规域库/R-CF-138-款物到达最终受益人财务核算合规审查卡.md,主卡,,
R-CF-139,CF,R-CF-139-慈善信息公开时限与内容合规审查卡.md,06-沉淀/裁判规则库/慈法合规/R-CF-139-慈善信息公开时限与内容合规审查卡.md,06-沉淀/慈善合规域库/R-CF-139-慈善信息公开时限与内容合规审查卡.md,主卡,,
R-CF-143,CF,R-CF-143-公益事业捐赠票据开具与交付合规审查卡.md,06-沉淀/裁判规则库/慈法合规/R-CF-143-公益事业捐赠票据开具与交付合规审查卡.md,06-沉淀/慈善合规域库/R-CF-143-公益事业捐赠票据开具与交付合规审查卡.md,主卡,,
R-CF-144,CF,R-CF-144-项目立项与发起方资质合规审查卡.md,06-沉淀/裁判规则库/慈法合规/R-CF-144-项目立项与发起方资质合规审查卡.md,06-沉淀/慈善合规域库/R-CF-144-项目立项与发起方资质合规审查卡.md,主卡,,
R-CF-145,CF,R-CF-145-项目全生命周期管理合规审查卡.md,06-沉淀/裁判规则库/慈法合规/R-CF-145-项目全生命周期管理合规审查卡.md,06-沉淀/慈善合规域库/R-CF-145-项目全生命周期管理合规审查卡.md,主卡,,
R-CF-146,CF,R-CF-146-项目进展反馈合规审查卡.md,06-沉淀/裁判规则库/慈法合规/R-CF-146-项目进展反馈合规审查卡.md,06-沉淀/慈善合规域库/R-CF-146-项目进展反馈合规审查卡.md,主卡,,
R-CF-147,CF,R-CF-147-民间非营利组织会计制度科目设置与核算合规审查卡.md,06-沉淀/裁判规则库/慈法合规/R-CF-147-民间非营利组织会计制度科目设置与核算合规审查卡.md,06-沉淀/慈善合规域库/R-CF-147-民间非营利组织会计制度科目设置与核算合规审查卡.md,主卡,,
R-CF-148,CF,R-CF-148-会计凭证编制与内部控制合规审查卡.md,06-沉淀/裁判规则库/慈法合规/R-CF-148-会计凭证编制与内部控制合规审查卡.md,06-沉淀/慈善合规域库/R-CF-148-会计凭证编制与内部控制合规审查卡.md,主卡,,
R-CF-149,CF,R-CF-149-财务报表编制与年度披露合规审查卡.md,06-沉淀/裁判规则库/慈法合规/R-CF-149-财务报表编制与年度披露合规审查卡.md,06-沉淀/慈善合规域库/R-CF-149-财务报表编制与年度披露合规审查卡.md,主卡,,
R-CF-150,CF,R-CF-150-平台商户号捐赠资金管理与核算合规审查卡.md,06-沉淀/裁判规则库/慈法合规/R-CF-150-平台商户号捐赠资金管理与核算合规审查卡.md,06-沉淀/慈善合规域库/R-CF-150-平台商户号捐赠资金管理与核算合规审查卡.md,主卡,,
R-CF-151,CF,R-CF-151-受益人与捐赠人个人信息保护合规审查卡.md,06-沉淀/裁判规则库/慈法合规/R-CF-151-受益人与捐赠人个人信息保护合规审查卡.md,06-沉淀/慈善合规域库/R-CF-151-受益人与捐赠人个人信息保护合规审查卡.md,主卡,,
R-CF-152,CF,R-CF-152-月捐与持续捐赠合规审查卡.md,06-沉淀/裁判规则库/慈法合规/R-CF-152-月捐与持续捐赠合规审查卡.md,06-沉淀/慈善合规域库/R-CF-152-月捐与持续捐赠合规审查卡.md,主卡,,
R-CF-153,CF,R-CF-153-基金会互拨资金受托代理裁判规则.md,06-沉淀/裁判规则库/慈善/R-CF-153-基金会互拨资金受托代理裁判规则.md,06-沉淀/慈善合规域库/R-CF-153-基金会互拨资金受托代理裁判规则.md,主卡,,
R-CF-154,CF,R-CF-154-公开募捐生态下沉趋势裁判规则.md,06-沉淀/裁判规则库/慈善/R-CF-154-公开募捐生态下沉趋势裁判规则.md,06-沉淀/慈善合规域库/R-CF-154-公开募捐生态下沉趋势裁判规则.md,主卡,,
R-CF-155,CF,R-CF-155-AI时代慈善组织数字底座裁判规则.md,06-沉淀/裁判规则库/慈善/R-CF-155-AI时代慈善组织数字底座裁判规则.md,06-沉淀/慈善合规域库/R-CF-155-AI时代慈善组织数字底座裁判规则.md,主卡,,
R-CF-156,CF,R-CF-156-慈善中国备案管理操作指引卡.md,06-沉淀/裁判规则库/慈法合规/R-CF-156-慈善中国备案管理操作指引卡.md,06-沉淀/慈善合规域库/R-CF-156-慈善中国备案管理操作指引卡.md,主卡,,
R-CF-157,CF,R-CF-157-腾讯公益平台公募方运营操作指引卡.md,06-沉淀/裁判规则库/慈法合规/R-CF-157-腾讯公益平台公募方运营操作指引卡.md,06-沉淀/慈善合规域库/R-CF-157-腾讯公益平台公募方运营操作指引卡.md,主卡,,
R-CF-158,CF,R-CF-158-互联网筹款项目立项与预算编制操作指引卡.md,06-沉淀/裁判规则库/慈法合规/R-CF-158-互联网筹款项目立项与预算编制操作指引卡.md,06-沉淀/慈善合规域库/R-CF-158-互联网筹款项目立项与预算编制操作指引卡.md,主卡,,
R-CF-159,CF,R-CF-159-合作募捐（联合劝募）合规操作流程卡.md,06-沉淀/裁判规则库/慈法合规/R-CF-159-合作募捐（联合劝募）合规操作流程卡.md,06-沉淀/慈善合规域库/R-CF-159-合作募捐（联合劝募）合规操作流程卡.md,主卡,,
R-CF-160,CF,R-CF-160-项目执行与进展反馈及月捐一起捐运营操作卡.md,06-沉淀/裁判规则库/慈法合规/R-CF-160-项目执行与进展反馈及月捐一起捐运营操作卡.md,06-沉淀/慈善合规域库/R-CF-160-项目执行与进展反馈及月捐一起捐运营操作卡.md,主卡,,
R-CF-161,CF,R-CF-161-民间非营利组织会计制度核心科目设置操作卡.md,06-沉淀/裁判规则库/慈法合规/R-CF-161-民间非营利组织会计制度核心科目设置操作卡.md,06-沉淀/慈善合规域库/R-CF-161-民间非营利组织会计制度核心科目设置操作卡.md,主卡,,
R-CF-162,CF,R-CF-162-慈善组织款物核算与票据管理操作卡.md,06-沉淀/裁判规则库/慈法合规/R-CF-162-慈善组织款物核算与票据管理操作卡.md,06-沉淀/慈善合规域库/R-CF-162-慈善组织款物核算与票据管理操作卡.md,主卡,,
R-CF-163,CF,R-CF-163-募捐成本核算与管控操作卡.md,06-沉淀/裁判规则库/慈法合规/R-CF-163-募捐成本核算与管控操作卡.md,06-沉淀/慈善合规域库/R-CF-163-募捐成本核算与管控操作卡.md,主卡,,
R-CF-164,CF,R-CF-164-慈善组织财务内控与资产核算操作卡.md,06-沉淀/裁判规则库/慈法合规/R-CF-164-慈善组织财务内控与资产核算操作卡.md,06-沉淀/慈善合规域库/R-CF-164-慈善组织财务内控与资产核算操作卡.md,主卡,,
R-CF-165,CF,R-CF-165-慈善信息公开操作与年报审计披露卡.md,06-沉淀/裁判规则库/慈法合规/R-CF-165-慈善信息公开操作与年报审计披露卡.md,06-沉淀/慈善合规域库/R-CF-165-慈善信息公开操作与年报审计披露卡.md,主卡,,
R-CF-166,CF,R-CF-166-捐赠人隐私与个人信息保护操作卡.md,06-沉淀/裁判规则库/慈法合规/R-CF-166-捐赠人隐私与个人信息保护操作卡.md,06-沉淀/慈善合规域库/R-CF-166-捐赠人隐私与个人信息保护操作卡.md,主卡,,
R-CF-167,CF,R-CF-167-腾讯数字化执行工具箱操作卡.md,06-沉淀/裁判规则库/慈法合规/R-CF-167-腾讯数字化执行工具箱操作卡.md,06-沉淀/慈善合规域库/R-CF-167-腾讯数字化执行工具箱操作卡.md,主卡,,
R-CF-168,CF,R-CF-168-项目资金审计资料准备操作卡.md,06-沉淀/裁判规则库/慈法合规/R-CF-168-项目资金审计资料准备操作卡.md,06-沉淀/慈善合规域库/R-CF-168-项目资金审计资料准备操作卡.md,主卡,,
R-CF-169,CF,R-CF-169-项目资金绩效评价操作卡.md,06-沉淀/裁判规则库/慈法合规/R-CF-169-项目资金绩效评价操作卡.md,06-沉淀/慈善合规域库/R-CF-169-项目资金绩效评价操作卡.md,主卡,,
R-CF-170,CF,R-CF-170-桌面AI智能体与知识库管理操作指引卡.md,06-沉淀/裁判规则库/慈法合规/R-CF-170-桌面AI智能体与知识库管理操作指引卡.md,06-沉淀/慈善合规域库/R-CF-170-桌面AI智能体与知识库管理操作指引卡.md,主卡,,
R-CF-171,CF,R-CF-171-慈善数字化运营法规工具术语速查操作指引卡.md,06-沉淀/裁判规则库/慈法合规/R-CF-171-慈善数字化运营法规工具术语速查操作指引卡.md,06-沉淀/慈善合规域库/R-CF-171-慈善数字化运营法规工具术语速查操作指引卡.md,主卡,,
R-CF-172,CF,R-CF-172-慈善组织关联交易未披露的行政处罚与负责人忠实义务边界.md,06-沉淀/裁判规则库/慈善/R-CF-172-慈善组织关联交易未披露的行政处罚与负责人忠实义务边界.md,06-沉淀/慈善合规域库/R-CF-172-慈善组织关联交易未披露的行政处罚与负责人忠实义务边界.md,主卡,,
R-CF-173,CF,R-CF-173-捐赠财产指定专项基金用途不能实现捐赠人可撤销并请求返还.md,06-沉淀/裁判规则库/慈善/R-CF-173-捐赠财产指定专项基金用途不能实现捐赠人可撤销并请求返还.md,06-沉淀/慈善合规域库/R-CF-173-捐赠财产指定专项基金用途不能实现捐赠人可撤销并请求返还.md,主卡,,是
R-CF-173,CF,R-CF-173-捐赠财产指定专项基金用途不能实现捐赠人可撤销并请求返还.md,06-沉淀/裁判规则库/慈法合规/R-CF-173-捐赠财产指定专项基金用途不能实现捐赠人可撤销并请求返还.md,06-沉淀/慈善合规域库/R-CF-173-捐赠财产指定专项基金用途不能实现捐赠人可撤销并请求返还.md,主卡,,是
R-CF-174,CF,R-CF-174-定向募捐合规审查卡.md,06-沉淀/裁判规则库/慈法合规/R-CF-174-定向募捐合规审查卡.md,06-沉淀/慈善合规域库/R-CF-174-定向募捐合规审查卡.md,主卡,,
R-CF-175,CF,R-CF-175-合作方激励金与配捐合规审查卡.md,06-沉淀/裁判规则库/慈法合规/R-CF-175-合作方激励金与配捐合规审查卡.md,06-沉淀/慈善合规域库/R-CF-175-合作方激励金与配捐合规审查卡.md,主卡,,
R-CF-176,CF,R-CF-176-慈善组织未依法履行信息公开义务及关联交易未披露的法律责任与合规红线.md,06-沉淀/裁判规则库/慈善/R-CF-176-慈善组织未依法履行信息公开义务及关联交易未披露的法律责任与合规红线.md,06-沉淀/慈善合规域库/R-CF-176-慈善组织未依法履行信息公开义务及关联交易未披露的法律责任与合规红线.md,主卡,,
R-CF-177,CF,R-CF-177-数字化资金拨付执行操作卡.md,06-沉淀/裁判规则库/慈法合规/R-CF-177-数字化资金拨付执行操作卡.md,06-沉淀/慈善合规域库/R-CF-177-数字化资金拨付执行操作卡.md,主卡,,
R-CF-178,CF,R-CF-178-数字化物资执行操作卡.md,06-沉淀/裁判规则库/慈法合规/R-CF-178-数字化物资执行操作卡.md,06-沉淀/慈善合规域库/R-CF-178-数字化物资执行操作卡.md,主卡,,
R-CF-179,CF,R-CF-179-数字化服务执行操作卡.md,06-沉淀/裁判规则库/慈法合规/R-CF-179-数字化服务执行操作卡.md,06-沉淀/慈善合规域库/R-CF-179-数字化服务执行操作卡.md,主卡,,
R-CF-180,CF,R-CF-180-慈善组织关联交易决策回避与信息公开义务及违法责任.md,06-沉淀/裁判规则库/慈善/R-CF-180-慈善组织关联交易决策回避与信息公开义务及违法责任.md,06-沉淀/慈善合规域库/R-CF-180-慈善组织关联交易决策回避与信息公开义务及违法责任.md,主卡,,
R-CF-181,CF,R-CF-181-项目资金审计与绩效评价合规审查卡.md,06-沉淀/裁判规则库/慈法合规/R-CF-181-项目资金审计与绩效评价合规审查卡.md,06-沉淀/慈善合规域库/R-CF-181-项目资金审计与绩效评价合规审查卡.md,主卡,,
R-CF-182,CF,R-CF-182-腾讯数字化执行工具箱合规审查卡.md,06-沉淀/裁判规则库/慈法合规/R-CF-182-腾讯数字化执行工具箱合规审查卡.md,06-沉淀/慈善合规域库/R-CF-182-腾讯数字化执行工具箱合规审查卡.md,主卡,,
R-CF-183,CF,R-CF-183-桌面AI智能体与知识库管理合规审查卡.md,06-沉淀/裁判规则库/慈法合规/R-CF-183-桌面AI智能体与知识库管理合规审查卡.md,06-沉淀/慈善合规域库/R-CF-183-桌面AI智能体与知识库管理合规审查卡.md,主卡,,
R-CF-184,CF,R-CF-184-慈善数字化运营法规工具术语速查合规审查卡.md,06-沉淀/裁判规则库/慈法合规/R-CF-184-慈善数字化运营法规工具术语速查合规审查卡.md,06-沉淀/慈善合规域库/R-CF-184-慈善数字化运营法规工具术语速查合规审查卡.md,主卡,,
R-CF-185,CF,R-CF-185-慈善组织关联交易与重大投资信息公开义务及违法责任.md,06-沉淀/裁判规则库/慈善/R-CF-185-慈善组织关联交易与重大投资信息公开义务及违法责任.md,06-沉淀/慈善合规域库/R-CF-185-慈善组织关联交易与重大投资信息公开义务及违法责任.md,主卡,,
(缺失),HT,R-HT-102 合同相对性·实际交易方认定.md,03-连接/概念页/R-HT-102 合同相对性·实际交易方认定.md,06-沉淀/合同风险规则库/R-HT-102 合同相对性·实际交易方认定.md,概念页指针,是,
(缺失),HT,R-HT-101-著作权转让须逐项勾选权利种类在先许可不因转让失效受让人须承继承受.md,03-连接/概念页/R-HT-101-著作权转让须逐项勾选权利种类在先许可不因转让失效受让人须承继承受.md,06-沉淀/合同风险规则库/R-HT-101-著作权转让须逐项勾选权利种类在先许可不因转让失效受让人须承继承受.md,概念页指针,是,
(缺失),HT,R-HT-290-不当得利善意得利人利益不存在免责举证证据规则.md,03-连接/概念页/R-HT-290-不当得利善意得利人利益不存在免责举证证据规则.md,06-沉淀/合同风险规则库/R-HT-290-不当得利善意得利人利益不存在免责举证证据规则.md,概念页指针,是,
(缺失),HT,R-HT-076.md,03-连接/概念页/R-HT-076.md,06-沉淀/合同风险规则库/R-HT-076.md,概念页指针,是,
(缺失),HT,R-HT-085.md,03-连接/概念页/R-HT-085.md,06-沉淀/合同风险规则库/R-HT-085.md,概念页指针,是,
(缺失),HT,R-HT-126-民法典622条检验期间过短的要件映射.md,03-连接/概念页/R-HT-126-民法典622条检验期间过短的要件映射.md,06-沉淀/合同风险规则库/R-HT-126-民法典622条检验期间过短的要件映射.md,概念页指针,是,
(缺失),HT,R-HT-250-网络推广服务合同分包禁止与效果举证风险.md,03-连接/概念页/R-HT-250-网络推广服务合同分包禁止与效果举证风险.md,06-沉淀/合同风险规则库/R-HT-250-网络推广服务合同分包禁止与效果举证风险.md,概念页指针,是,
(缺失),HT,R-HT-283....md,03-连接/概念页/R-HT-283....md,06-沉淀/合同风险规则库/R-HT-283....md,概念页指针,是,
(缺失),HT,R-HT-081.md,03-连接/概念页/R-HT-081.md,06-沉淀/合同风险规则库/R-HT-081.md,概念页指针,是,
(缺失),HT,R-HT-102-保证方式约定不明推定为一般保证保证期间届满责任消灭.md,03-连接/概念页/R-HT-102-保证方式约定不明推定为一般保证保证期间届满责任消灭.md,06-沉淀/合同风险规则库/R-HT-102-保证方式约定不明推定为一般保证保证期间届满责任消灭.md,概念页指针,是,
(缺失),HT,R-HT-124-民法典第465条合同相对性.md,03-连接/概念页/R-HT-124-民法典第465条合同相对性.md,06-沉淀/合同风险规则库/R-HT-124-民法典第465条合同相对性.md,概念页指针,是,
(缺失),HT,R-HT-080.md,03-连接/概念页/R-HT-080.md,06-沉淀/合同风险规则库/R-HT-080.md,概念页指针,是,
(缺失),HT,R-HT-077.md,03-连接/概念页/R-HT-077.md,06-沉淀/合同风险规则库/R-HT-077.md,概念页指针,是,
(缺失),HT,R-HT-084.md,03-连接/概念页/R-HT-084.md,06-沉淀/合同风险规则库/R-HT-084.md,概念页指针,是,
(缺失),HT,R-HT-080-招标代理受托人竞业禁止与保密义务.md,03-连接/概念页/R-HT-080-招标代理受托人竞业禁止与保密义务.md,06-沉淀/合同风险规则库/R-HT-080-招标代理受托人竞业禁止与保密义务.md,概念页指针,是,
(缺失),HT,R-HT-125-民法典509条全面履行与货款已清.md,03-连接/概念页/R-HT-125-民法典509条全面履行与货款已清.md,06-沉淀/合同风险规则库/R-HT-125-民法典509条全面履行与货款已清.md,概念页指针,是,
(缺失),HT,R-HT-126-民法典622条检验期限.md,03-连接/概念页/R-HT-126-民法典622条检验期限.md,06-沉淀/合同风险规则库/R-HT-126-民法典622条检验期限.md,概念页指针,是,
(缺失),HT,R-HT-078.md,03-连接/概念页/R-HT-078.md,06-沉淀/合同风险规则库/R-HT-078.md,概念页指针,是,
(缺失),HT,R-HT-284....md,03-连接/概念页/R-HT-284....md,06-沉淀/合同风险规则库/R-HT-284....md,概念页指针,是,
(缺失),HT,R-HT-127-民法典577条违约责任.md,03-连接/概念页/R-HT-127-民法典577条违约责任.md,06-沉淀/合同风险规则库/R-HT-127-民法典577条违约责任.md,概念页指针,是,
(缺失),HT,R-HT-079.md,03-连接/概念页/R-HT-079.md,06-沉淀/合同风险规则库/R-HT-079.md,概念页指针,是,
(缺失),HT,R-HT-083 诉讼代理方案三大底层思维与事实重构框架.md,03-连接/概念页/R-HT-083 诉讼代理方案三大底层思维与事实重构框架.md,06-沉淀/合同风险规则库/R-HT-083 诉讼代理方案三大底层思维与事实重构框架.md,概念页指针,是,
(缺失),HT,R-HT-109.md,03-连接/概念页/R-HT-109.md,06-沉淀/合同风险规则库/R-HT-109.md,概念页指针,是,
(缺失),HT,R-HT-249-学校食堂委托管理服务合同食安合规与转包红线.md,03-连接/概念页/R-HT-249-学校食堂委托管理服务合同食安合规与转包红线.md,06-沉淀/合同风险规则库/R-HT-249-学校食堂委托管理服务合同食安合规与转包红线.md,概念页指针,是,
(缺失),HT,R-HT-102 合同相对性规则.md,03-连接/概念页/R-HT-102 合同相对性规则.md,06-沉淀/合同风险规则库/R-HT-102 合同相对性规则.md,概念页指针,是,
(缺失),HT,R-HT-124-民法典465条合同相对性.md,03-连接/概念页/R-HT-124-民法典465条合同相对性.md,06-沉淀/合同风险规则库/R-HT-124-民法典465条合同相对性.md,概念页指针,是,
(缺失),HT,R-HT-098.md,03-连接/概念页/R-HT-098.md,06-沉淀/合同风险规则库/R-HT-098.md,概念页指针,是,
(缺失),HT,R-HT-079-保证方式未约定推定为一般保证.md,03-连接/概念页/R-HT-079-保证方式未约定推定为一般保证.md,06-沉淀/合同风险规则库/R-HT-079-保证方式未约定推定为一般保证.md,概念页指针,是,
(缺失),HT,R-HT-127-民法典577条违约责任要件映射.md,03-连接/概念页/R-HT-127-民法典577条违约责任要件映射.md,06-沉淀/合同风险规则库/R-HT-127-民法典577条违约责任要件映射.md,概念页指针,是,
(缺失),HT,R-HT-251-增资入股先确权后出资与回购连带保证.md,03-连接/概念页/R-HT-251-增资入股先确权后出资与回购连带保证.md,06-沉淀/合同风险规则库/R-HT-251-增资入股先确权后出资与回购连带保证.md,概念页指针,是,
(缺失),HT,R-HT-083.md,03-连接/概念页/R-HT-083.md,06-沉淀/合同风险规则库/R-HT-083.md,概念页指针,是,
(缺失),HT,R-HT-097.md,03-连接/概念页/R-HT-097.md,06-沉淀/合同风险规则库/R-HT-097.md,概念页指针,是,
(缺失),HT,R-HT-087.md,03-连接/概念页/R-HT-087.md,06-沉淀/合同风险规则库/R-HT-087.md,概念页指针,是,
(缺失),HT,R-HT-123-民法典774条承揽要件与定作人责任边界.md,03-连接/概念页/R-HT-123-民法典774条承揽要件与定作人责任边界.md,06-沉淀/合同风险规则库/R-HT-123-民法典774条承揽要件与定作人责任边界.md,概念页指针,是,
(缺失),HT,R-HT-074.md,03-连接/概念页/R-HT-074.md,06-沉淀/合同风险规则库/R-HT-074.md,概念页指针,是,
(缺失),HT,R-HT-096.md,03-连接/概念页/R-HT-096.md,06-沉淀/合同风险规则库/R-HT-096.md,概念页指针,是,
(缺失),HT,R-HT-101.md,03-连接/概念页/R-HT-101.md,06-沉淀/合同风险规则库/R-HT-101.md,概念页指针,是,
(缺失),HT,R-HT-086.md,03-连接/概念页/R-HT-086.md,06-沉淀/合同风险规则库/R-HT-086.md,概念页指针,是,
(缺失),HT,R-HT-082.md,03-连接/概念页/R-HT-082.md,06-沉淀/合同风险规则库/R-HT-082.md,概念页指针,是,
(缺失),HT,R-HT-036-质量异议期间约定过短的效力.md,03-连接/概念页/R-HT-036-质量异议期间约定过短的效力.md,06-沉淀/合同风险规则库/R-HT-036-质量异议期间约定过短的效力.md,概念页指针,是,
(缺失),HT,R-HT-101-代理意见写作规范.md,06-沉淀/裁判规则库/合同风险/R-HT-101-代理意见写作规范.md,06-沉淀/合同风险规则库/R-HT-101-代理意见写作规范.md,主卡,是,
R-HT-001,HT,R-HT-001.md,06-沉淀/裁判规则库/合同风险/R-HT-001.md,06-沉淀/合同风险规则库/R-HT-001.md,主卡,,
R-HT-002,HT,R-HT-002.md,06-沉淀/裁判规则库/合同风险/R-HT-002.md,06-沉淀/合同风险规则库/R-HT-002.md,主卡,,
R-HT-003,HT,R-HT-003.md,06-沉淀/裁判规则库/合同风险/R-HT-003.md,06-沉淀/合同风险规则库/R-HT-003.md,主卡,,
R-HT-004,HT,R-HT-004.md,06-沉淀/裁判规则库/合同风险/R-HT-004.md,06-沉淀/合同风险规则库/R-HT-004.md,主卡,,
R-HT-005,HT,R-HT-005.md,06-沉淀/裁判规则库/合同风险/R-HT-005.md,06-沉淀/合同风险规则库/R-HT-005.md,主卡,,
R-HT-006,HT,R-HT-006.md,06-沉淀/裁判规则库/合同风险/R-HT-006.md,06-沉淀/合同风险规则库/R-HT-006.md,主卡,,
R-HT-007,HT,R-HT-007.md,06-沉淀/裁判规则库/合同风险/R-HT-007.md,06-沉淀/合同风险规则库/R-HT-007.md,主卡,,
R-HT-008,HT,R-HT-008.md,06-沉淀/裁判规则库/合同风险/R-HT-008.md,06-沉淀/合同风险规则库/R-HT-008.md,主卡,,
R-HT-009,HT,R-HT-009.md,06-沉淀/裁判规则库/合同风险/R-HT-009.md,06-沉淀/合同风险规则库/R-HT-009.md,主卡,,
R-HT-010,HT,R-HT-010.md,06-沉淀/裁判规则库/合同风险/R-HT-010.md,06-沉淀/合同风险规则库/R-HT-010.md,主卡,,
R-HT-011,HT,R-HT-011.md,06-沉淀/裁判规则库/合同风险/R-HT-011.md,06-沉淀/合同风险规则库/R-HT-011.md,主卡,,
R-HT-012,HT,R-HT-012.md,06-沉淀/裁判规则库/合同风险/R-HT-012.md,06-沉淀/合同风险规则库/R-HT-012.md,主卡,,
R-HT-013,HT,R-HT-013.md,06-沉淀/裁判规则库/合同风险/R-HT-013.md,06-沉淀/合同风险规则库/R-HT-013.md,主卡,,
R-HT-014,HT,R-HT-014.md,06-沉淀/裁判规则库/合同风险/R-HT-014.md,06-沉淀/合同风险规则库/R-HT-014.md,主卡,,
R-HT-015,HT,R-HT-015.md,06-沉淀/裁判规则库/合同风险/R-HT-015.md,06-沉淀/合同风险规则库/R-HT-015.md,主卡,,
R-HT-016,HT,R-HT-016.md,06-沉淀/裁判规则库/合同风险/R-HT-016.md,06-沉淀/合同风险规则库/R-HT-016.md,主卡,,
R-HT-017,HT,R-HT-017.md,06-沉淀/裁判规则库/合同风险/R-HT-017.md,06-沉淀/合同风险规则库/R-HT-017.md,主卡,,
R-HT-018,HT,R-HT-018.md,06-沉淀/裁判规则库/合同风险/R-HT-018.md,06-沉淀/合同风险规则库/R-HT-018.md,主卡,,
R-HT-019,HT,R-HT-019.md,06-沉淀/裁判规则库/合同风险/R-HT-019.md,06-沉淀/合同风险规则库/R-HT-019.md,主卡,,
R-HT-020,HT,R-HT-020.md,06-沉淀/裁判规则库/合同风险/R-HT-020.md,06-沉淀/合同风险规则库/R-HT-020.md,主卡,,
R-HT-021,HT,R-HT-021.md,06-沉淀/裁判规则库/合同风险/R-HT-021.md,06-沉淀/合同风险规则库/R-HT-021.md,主卡,,
R-HT-022,HT,R-HT-022.md,06-沉淀/裁判规则库/合同风险/R-HT-022.md,06-沉淀/合同风险规则库/R-HT-022.md,主卡,,
R-HT-023,HT,R-HT-023.md,06-沉淀/裁判规则库/合同风险/R-HT-023.md,06-沉淀/合同风险规则库/R-HT-023.md,主卡,,
R-HT-024,HT,R-HT-024.md,06-沉淀/裁判规则库/合同风险/R-HT-024.md,06-沉淀/合同风险规则库/R-HT-024.md,主卡,,
R-HT-025,HT,R-HT-025.md,06-沉淀/裁判规则库/合同风险/R-HT-025.md,06-沉淀/合同风险规则库/R-HT-025.md,主卡,,
R-HT-026,HT,R-HT-026.md,06-沉淀/裁判规则库/合同风险/R-HT-026.md,06-沉淀/合同风险规则库/R-HT-026.md,主卡,,
R-HT-027,HT,R-HT-027.md,06-沉淀/裁判规则库/合同风险/R-HT-027.md,06-沉淀/合同风险规则库/R-HT-027.md,主卡,,
R-HT-028,HT,R-HT-028.md,06-沉淀/裁判规则库/合同风险/R-HT-028.md,06-沉淀/合同风险规则库/R-HT-028.md,主卡,,
R-HT-029,HT,R-HT-029.md,06-沉淀/裁判规则库/合同风险/R-HT-029.md,06-沉淀/合同风险规则库/R-HT-029.md,主卡,,
R-HT-030,HT,R-HT-030.md,06-沉淀/裁判规则库/合同风险/R-HT-030.md,06-沉淀/合同风险规则库/R-HT-030.md,主卡,,
R-HT-031,HT,R-HT-031.md,06-沉淀/裁判规则库/合同风险/R-HT-031.md,06-沉淀/合同风险规则库/R-HT-031.md,主卡,,
R-HT-032,HT,R-HT-032.md,06-沉淀/裁判规则库/合同风险/R-HT-032.md,06-沉淀/合同风险规则库/R-HT-032.md,主卡,,
R-HT-033,HT,R-HT-033.md,06-沉淀/裁判规则库/合同风险/R-HT-033.md,06-沉淀/合同风险规则库/R-HT-033.md,主卡,,
R-HT-034,HT,R-HT-034.md,06-沉淀/裁判规则库/合同风险/R-HT-034.md,06-沉淀/合同风险规则库/R-HT-034.md,主卡,,
R-HT-035,HT,R-HT-035.md,06-沉淀/裁判规则库/合同风险/R-HT-035.md,06-沉淀/合同风险规则库/R-HT-035.md,主卡,,
R-HT-036,HT,R-HT-036.md,06-沉淀/裁判规则库/合同风险/R-HT-036.md,06-沉淀/合同风险规则库/R-HT-036.md,主卡,,
R-HT-037,HT,R-HT-037.md,06-沉淀/裁判规则库/合同风险/R-HT-037.md,06-沉淀/合同风险规则库/R-HT-037.md,主卡,,
R-HT-038,HT,R-HT-038.md,06-沉淀/裁判规则库/合同风险/R-HT-038.md,06-沉淀/合同风险规则库/R-HT-038.md,主卡,,
R-HT-039,HT,R-HT-039.md,06-沉淀/裁判规则库/合同风险/R-HT-039.md,06-沉淀/合同风险规则库/R-HT-039.md,主卡,,
R-HT-040,HT,R-HT-040.md,06-沉淀/裁判规则库/合同风险/R-HT-040.md,06-沉淀/合同风险规则库/R-HT-040.md,主卡,,
R-HT-041,HT,R-HT-041.md,06-沉淀/裁判规则库/合同风险/R-HT-041.md,06-沉淀/合同风险规则库/R-HT-041.md,主卡,,
R-HT-042,HT,R-HT-042.md,06-沉淀/裁判规则库/合同风险/R-HT-042.md,06-沉淀/合同风险规则库/R-HT-042.md,主卡,,
R-HT-043,HT,R-HT-043.md,06-沉淀/裁判规则库/合同风险/R-HT-043.md,06-沉淀/合同风险规则库/R-HT-043.md,主卡,,
R-HT-044,HT,R-HT-044.md,06-沉淀/裁判规则库/合同风险/R-HT-044.md,06-沉淀/合同风险规则库/R-HT-044.md,主卡,,
R-HT-045,HT,R-HT-045.md,06-沉淀/裁判规则库/合同风险/R-HT-045.md,06-沉淀/合同风险规则库/R-HT-045.md,主卡,,
R-HT-046,HT,R-HT-046.md,06-沉淀/裁判规则库/合同风险/R-HT-046.md,06-沉淀/合同风险规则库/R-HT-046.md,主卡,,
R-HT-047,HT,R-HT-047.md,06-沉淀/裁判规则库/合同风险/R-HT-047.md,06-沉淀/合同风险规则库/R-HT-047.md,主卡,,
R-HT-048,HT,R-HT-048.md,06-沉淀/裁判规则库/合同风险/R-HT-048.md,06-沉淀/合同风险规则库/R-HT-048.md,主卡,,
R-HT-049,HT,R-HT-049.md,06-沉淀/裁判规则库/合同风险/R-HT-049.md,06-沉淀/合同风险规则库/R-HT-049.md,主卡,,
R-HT-050,HT,R-HT-050.md,06-沉淀/裁判规则库/合同风险/R-HT-050.md,06-沉淀/合同风险规则库/R-HT-050.md,主卡,,
R-HT-051,HT,R-HT-051.md,06-沉淀/裁判规则库/合同风险/R-HT-051.md,06-沉淀/合同风险规则库/R-HT-051.md,主卡,,
R-HT-052,HT,R-HT-052.md,06-沉淀/裁判规则库/合同风险/R-HT-052.md,06-沉淀/合同风险规则库/R-HT-052.md,主卡,,
R-HT-053,HT,R-HT-053.md,06-沉淀/裁判规则库/合同风险/R-HT-053.md,06-沉淀/合同风险规则库/R-HT-053.md,主卡,,
R-HT-054,HT,R-HT-054.md,06-沉淀/裁判规则库/合同风险/R-HT-054.md,06-沉淀/合同风险规则库/R-HT-054.md,主卡,,
R-HT-055,HT,R-HT-055.md,06-沉淀/裁判规则库/合同风险/R-HT-055.md,06-沉淀/合同风险规则库/R-HT-055.md,主卡,,
R-HT-056,HT,R-HT-056.md,06-沉淀/裁判规则库/合同风险/R-HT-056.md,06-沉淀/合同风险规则库/R-HT-056.md,主卡,,
R-HT-057,HT,R-HT-057.md,06-沉淀/裁判规则库/合同风险/R-HT-057.md,06-沉淀/合同风险规则库/R-HT-057.md,主卡,,
R-HT-058,HT,R-HT-058.md,06-沉淀/裁判规则库/合同风险/R-HT-058.md,06-沉淀/合同风险规则库/R-HT-058.md,主卡,,
R-HT-059,HT,R-HT-059.md,06-沉淀/裁判规则库/合同风险/R-HT-059.md,06-沉淀/合同风险规则库/R-HT-059.md,主卡,,
R-HT-060,HT,R-HT-060.md,06-沉淀/裁判规则库/合同风险/R-HT-060.md,06-沉淀/合同风险规则库/R-HT-060.md,主卡,,
R-HT-061,HT,R-HT-061.md,06-沉淀/裁判规则库/合同风险/R-HT-061.md,06-沉淀/合同风险规则库/R-HT-061.md,主卡,,
R-HT-062,HT,R-HT-062.md,06-沉淀/裁判规则库/合同风险/R-HT-062.md,06-沉淀/合同风险规则库/R-HT-062.md,主卡,,
R-HT-063,HT,R-HT-063.md,06-沉淀/裁判规则库/合同风险/R-HT-063.md,06-沉淀/合同风险规则库/R-HT-063.md,主卡,,
R-HT-064,HT,R-HT-064.md,06-沉淀/裁判规则库/合同风险/R-HT-064.md,06-沉淀/合同风险规则库/R-HT-064.md,主卡,,
R-HT-065,HT,R-HT-065.md,06-沉淀/裁判规则库/合同风险/R-HT-065.md,06-沉淀/合同风险规则库/R-HT-065.md,主卡,,
R-HT-066,HT,R-HT-066.md,06-沉淀/裁判规则库/合同风险/R-HT-066.md,06-沉淀/合同风险规则库/R-HT-066.md,主卡,,
R-HT-067,HT,R-HT-067.md,06-沉淀/裁判规则库/合同风险/R-HT-067.md,06-沉淀/合同风险规则库/R-HT-067.md,主卡,,
R-HT-068,HT,R-HT-068.md,06-沉淀/裁判规则库/合同风险/R-HT-068.md,06-沉淀/合同风险规则库/R-HT-068.md,主卡,,
R-HT-069,HT,R-HT-069.md,06-沉淀/裁判规则库/合同风险/R-HT-069.md,06-沉淀/合同风险规则库/R-HT-069.md,主卡,,
R-HT-070,HT,R-HT-070.md,06-沉淀/裁判规则库/合同风险/R-HT-070.md,06-沉淀/合同风险规则库/R-HT-070.md,主卡,,
R-HT-071,HT,R-HT-071.md,06-沉淀/裁判规则库/合同风险/R-HT-071.md,06-沉淀/合同风险规则库/R-HT-071.md,主卡,,
R-HT-072,HT,R-HT-072.md,06-沉淀/裁判规则库/合同风险/R-HT-072.md,06-沉淀/合同风险规则库/R-HT-072.md,主卡,,
R-HT-073,HT,R-HT-073.md,06-沉淀/裁判规则库/合同风险/R-HT-073.md,06-沉淀/合同风险规则库/R-HT-073.md,主卡,,
R-HT-074,HT,R-HT-074-明显不公平格式条款可认定无效.md,06-沉淀/裁判规则库/合同风险/R-HT-074-明显不公平格式条款可认定无效.md,06-沉淀/合同风险规则库/R-HT-074-明显不公平格式条款可认定无效.md,主卡,,
R-HT-075,HT,R-HT-075-发包方未经验收提前使用视为交验.md,06-沉淀/裁判规则库/合同风险/R-HT-075-发包方未经验收提前使用视为交验.md,06-沉淀/合同风险规则库/R-HT-075-发包方未经验收提前使用视为交验.md,主卡,,
R-HT-076,HT,R-HT-076-格式条款未尽提示说明义务不成为合同内容.md,06-沉淀/裁判规则库/合同风险/R-HT-076-格式条款未尽提示说明义务不成为合同内容.md,06-沉淀/合同风险规则库/R-HT-076-格式条款未尽提示说明义务不成为合同内容.md,主卡,,
R-HT-077,HT,R-HT-077-约定未来债权受让方所在地法院管辖条款无效.md,06-沉淀/裁判规则库/合同风险/R-HT-077-约定未来债权受让方所在地法院管辖条款无效.md,06-沉淀/合同风险规则库/R-HT-077-约定未来债权受让方所在地法院管辖条款无效.md,主卡,,
R-HT-078,HT,R-HT-078-教育培训预付费与格式条款审查规则.md,06-沉淀/裁判规则库/合同风险/R-HT-078-教育培训预付费与格式条款审查规则.md,06-沉淀/合同风险规则库/R-HT-078-教育培训预付费与格式条款审查规则.md,主卡,,
R-HT-079,HT,R-HT-079-股权转让优先购买权与登记对抗及未披露债务规则.md,06-沉淀/裁判规则库/合同风险/R-HT-079-股权转让优先购买权与登记对抗及未披露债务规则.md,06-沉淀/合同风险规则库/R-HT-079-股权转让优先购买权与登记对抗及未披露债务规则.md,主卡,,
R-HT-080,HT,R-HT-080-租赁合同解除通知到达主义与合理催告及违约金调减.md,06-沉淀/裁判规则库/合同风险/R-HT-080-租赁合同解除通知到达主义与合理催告及违约金调减.md,06-沉淀/合同风险规则库/R-HT-080-租赁合同解除通知到达主义与合理催告及违约金调减.md,主卡,,
R-HT-081,HT,R-HT-081-再审申请书须锚定民诉法第211条三问结构.md,06-沉淀/裁判规则库/合同风险/R-HT-081-再审申请书须锚定民诉法第211条三问结构.md,06-沉淀/合同风险规则库/R-HT-081-再审申请书须锚定民诉法第211条三问结构.md,主卡,,
R-HT-082,HT,R-HT-082-再审申请十大驳回原因与要件填写刚性规则.md,06-沉淀/裁判规则库/合同风险/R-HT-082-再审申请十大驳回原因与要件填写刚性规则.md,06-沉淀/合同风险规则库/R-HT-082-再审申请十大驳回原因与要件填写刚性规则.md,主卡,,
R-HT-083,HT,R-HT-083-诉讼代理方案三大底层思维与事实重构框架.md,06-沉淀/裁判规则库/合同风险/R-HT-083-诉讼代理方案三大底层思维与事实重构框架.md,06-沉淀/合同风险规则库/R-HT-083-诉讼代理方案三大底层思维与事实重构框架.md,主卡,,
R-HT-084,HT,R-HT-084-逾期付款违约金与法定延迟履行责任独立违约金算至实际清偿日.md,06-沉淀/裁判规则库/合同风险/R-HT-084-逾期付款违约金与法定延迟履行责任独立违约金算至实际清偿日.md,06-沉淀/合同风险规则库/R-HT-084-逾期付款违约金与法定延迟履行责任独立违约金算至实际清偿日.md,主卡,,
R-HT-085,HT,R-HT-085-房产抵押借款抵押权登记设立与租赁对抗及四倍LPR整体封顶.md,06-沉淀/裁判规则库/合同风险/R-HT-085-房产抵押借款抵押权登记设立与租赁对抗及四倍LPR整体封顶.md,06-沉淀/合同风险规则库/R-HT-085-房产抵押借款抵押权登记设立与租赁对抗及四倍LPR整体封顶.md,主卡,,
R-HT-086,HT,R-HT-086-让与担保约定有效公示决定优先受偿流押无效担保意思存活.md,06-沉淀/裁判规则库/合同风险/R-HT-086-让与担保约定有效公示决定优先受偿流押无效担保意思存活.md,06-沉淀/合同风险规则库/R-HT-086-让与担保约定有效公示决定优先受偿流押无效担保意思存活.md,主卡,,
R-HT-087,HT,R-HT-087-贵州商品房买卖预约转本约与逾期违约金不重合计算及消费者优先顺位.md,06-沉淀/裁判规则库/合同风险/R-HT-087-贵州商品房买卖预约转本约与逾期违约金不重合计算及消费者优先顺位.md,06-沉淀/合同风险规则库/R-HT-087-贵州商品房买卖预约转本约与逾期违约金不重合计算及消费者优先顺位.md,主卡,,
R-HT-088,HT,R-HT-088-家用汽车销售者未证明履行瑕疵告知义务构成销售欺诈适用消法惩罚性赔偿.md,06-沉淀/裁判规则库/合同风险/R-HT-088-家用汽车销售者未证明履行瑕疵告知义务构成销售欺诈适用消法惩罚性赔偿.md,06-沉淀/合同风险规则库/R-HT-088-家用汽车销售者未证明履行瑕疵告知义务构成销售欺诈适用消法惩罚性赔偿.md,主卡,,
R-HT-089,HT,R-HT-089-劳务合同与劳动合同区分以从属性实质审查为准.md,06-沉淀/裁判规则库/合同风险/R-HT-089-劳务合同与劳动合同区分以从属性实质审查为准.md,06-沉淀/合同风险规则库/R-HT-089-劳务合同与劳动合同区分以从属性实质审查为准.md,主卡,,
R-HT-090,HT,R-HT-090-代书遗嘱形式要件严格认定见证人资格与全程在场缺一不可.md,06-沉淀/裁判规则库/合同风险/R-HT-090-代书遗嘱形式要件严格认定见证人资格与全程在场缺一不可.md,06-沉淀/合同风险规则库/R-HT-090-代书遗嘱形式要件严格认定见证人资格与全程在场缺一不可.md,主卡,,
R-HT-091,HT,R-HT-091-国际贸易合同不可抗力与情势变更只能择一主张情势变更须经裁判机关裁决.md,06-沉淀/裁判规则库/合同风险/R-HT-091-国际贸易合同不可抗力与情势变更只能择一主张情势变更须经裁判机关裁决.md,06-沉淀/合同风险规则库/R-HT-091-国际贸易合同不可抗力与情势变更只能择一主张情势变更须经裁判机关裁决.md,主卡,,
R-HT-092,HT,R-HT-092-违反预约合同原则上不能主张继续履行损失在信赖利益与履行利益间酌定.md,06-沉淀/裁判规则库/合同风险/R-HT-092-违反预约合同原则上不能主张继续履行损失在信赖利益与履行利益间酌定.md,06-沉淀/合同风险规则库/R-HT-092-违反预约合同原则上不能主张继续履行损失在信赖利益与履行利益间酌定.md,主卡,,
R-HT-093,HT,R-HT-093.md,06-沉淀/裁判规则库/合同风险/R-HT-093.md,06-沉淀/合同风险规则库/R-HT-093.md,主卡,,
R-HT-094,HT,R-HT-094.md,06-沉淀/裁判规则库/合同风险/R-HT-094.md,06-沉淀/合同风险规则库/R-HT-094.md,主卡,,
R-HT-095,HT,R-HT-095.md,06-沉淀/裁判规则库/合同风险/R-HT-095.md,06-沉淀/合同风险规则库/R-HT-095.md,主卡,,
R-HT-096,HT,R-HT-096-技术咨询合同以注意义务而非结果义务为审查基准验收标准须数据化.md,06-沉淀/裁判规则库/合同风险/R-HT-096-技术咨询合同以注意义务而非结果义务为审查基准验收标准须数据化.md,06-沉淀/合同风险规则库/R-HT-096-技术咨询合同以注意义务而非结果义务为审查基准验收标准须数据化.md,主卡,,
R-HT-097,HT,R-HT-097-技术秘密界定以合同约定为准后续改进成果归属约定优先于法定.md,06-沉淀/裁判规则库/合同风险/R-HT-097-技术秘密界定以合同约定为准后续改进成果归属约定优先于法定.md,06-沉淀/合同风险规则库/R-HT-097-技术秘密界定以合同约定为准后续改进成果归属约定优先于法定.md,主卡,,
R-HT-098,HT,R-HT-098-押金非违约金出租人不得径行没收主体结构维修义务法定不可约定排除.md,06-沉淀/裁判规则库/合同风险/R-HT-098-押金非违约金出租人不得径行没收主体结构维修义务法定不可约定排除.md,06-沉淀/合同风险规则库/R-HT-098-押金非违约金出租人不得径行没收主体结构维修义务法定不可约定排除.md,主卡,,
R-HT-099,HT,R-HT-099-著作权转让仅限财产权人身权不得转让未列明权利视为保留.md,06-沉淀/裁判规则库/合同风险/R-HT-099-著作权转让仅限财产权人身权不得转让未列明权利视为保留.md,06-沉淀/合同风险规则库/R-HT-099-著作权转让仅限财产权人身权不得转让未列明权利视为保留.md,主卡,,
R-HT-100,HT,R-HT-100-销售代理协议性质依实质履行认定违约金过高可请求调减.md,06-沉淀/裁判规则库/合同风险/R-HT-100-销售代理协议性质依实质履行认定违约金过高可请求调减.md,06-沉淀/合同风险规则库/R-HT-100-销售代理协议性质依实质履行认定违约金过高可请求调减.md,主卡,,
R-HT-101,HT,R-HT-101-保证方式约定不明推定为一般保证保证期间届满责任消灭.md,06-沉淀/裁判规则库/合同风险/R-HT-101-保证方式约定不明推定为一般保证保证期间届满责任消灭.md,06-沉淀/合同风险规则库/R-HT-101-保证方式约定不明推定为一般保证保证期间届满责任消灭.md,主卡,,
R-HT-102,HT,R-HT-102.md,06-沉淀/裁判规则库/合同风险/R-HT-102.md,06-沉淀/合同风险规则库/R-HT-102.md,主卡,,是
R-HT-102,HT,R-HT-102-合同相对性实际交易方认定.md,06-沉淀/裁判规则库/合同风险/R-HT-102-合同相对性实际交易方认定.md,06-沉淀/合同风险规则库/R-HT-102-合同相对性实际交易方认定.md,主卡,,是
R-HT-103,HT,R-HT-103.md,06-沉淀/裁判规则库/合同风险/R-HT-103.md,06-沉淀/合同风险规则库/R-HT-103.md,主卡,,
R-HT-104,HT,R-HT-104.md,06-沉淀/裁判规则库/合同风险/R-HT-104.md,06-沉淀/合同风险规则库/R-HT-104.md,主卡,,
R-HT-105,HT,R-HT-105.md,06-沉淀/裁判规则库/合同风险/R-HT-105.md,06-沉淀/合同风险规则库/R-HT-105.md,主卡,,
R-HT-106,HT,R-HT-106-无固定期限劳动合同订立条件解除终止与二倍工资风险.md,06-沉淀/裁判规则库/合同风险/R-HT-106-无固定期限劳动合同订立条件解除终止与二倍工资风险.md,06-沉淀/合同风险规则库/R-HT-106-无固定期限劳动合同订立条件解除终止与二倍工资风险.md,主卡,,
R-HT-107,HT,R-HT-107-民间借贷利率LPR四倍上限砍头息与交付成立规则.md,06-沉淀/裁判规则库/合同风险/R-HT-107-民间借贷利率LPR四倍上限砍头息与交付成立规则.md,06-沉淀/合同风险规则库/R-HT-107-民间借贷利率LPR四倍上限砍头息与交付成立规则.md,主卡,,
R-HT-108,HT,R-HT-108-老年人意定监护协议监护启动财产限制与监督机制.md,06-沉淀/裁判规则库/合同风险/R-HT-108-老年人意定监护协议监护启动财产限制与监督机制.md,06-沉淀/合同风险规则库/R-HT-108-老年人意定监护协议监护启动财产限制与监督机制.md,主卡,,
R-HT-109,HT,R-HT-109-约定违约金过高按LPR1.5倍调整.md,06-沉淀/裁判规则库/合同风险/R-HT-109-约定违约金过高按LPR1.5倍调整.md,06-沉淀/合同风险规则库/R-HT-109-约定违约金过高按LPR1.5倍调整.md,主卡,,
R-HT-110,HT,R-HT-110-买卖合同详细版核心风险条款与民法典映射.md,06-沉淀/裁判规则库/合同风险/R-HT-110-买卖合同详细版核心风险条款与民法典映射.md,06-沉淀/合同风险规则库/R-HT-110-买卖合同详细版核心风险条款与民法典映射.md,主卡,,
R-HT-111,HT,R-HT-111-买受人怠于质量异议视为符合约定与出卖人抗辩三要件.md,06-沉淀/裁判规则库/合同风险/R-HT-111-买受人怠于质量异议视为符合约定与出卖人抗辩三要件.md,06-沉淀/合同风险规则库/R-HT-111-买受人怠于质量异议视为符合约定与出卖人抗辩三要件.md,主卡,,
R-HT-112,HT,R-HT-112-法律尽职调查十五模块核查框架与股权代持识别.md,06-沉淀/裁判规则库/合同风险/R-HT-112-法律尽职调查十五模块核查框架与股权代持识别.md,06-沉淀/合同风险规则库/R-HT-112-法律尽职调查十五模块核查框架与股权代持识别.md,主卡,,
R-HT-113,HT,R-HT-113-保证合同六处加重保证人责任条款的效力边界.md,06-沉淀/裁判规则库/合同风险/R-HT-113-保证合同六处加重保证人责任条款的效力边界.md,06-沉淀/合同风险规则库/R-HT-113-保证合同六处加重保证人责任条款的效力边界.md,主卡,,
R-HT-114,HT,R-HT-114-一致行动人协议六要素与决策兜底机制.md,06-沉淀/裁判规则库/合同风险/R-HT-114-一致行动人协议六要素与决策兜底机制.md,06-沉淀/合同风险规则库/R-HT-114-一致行动人协议六要素与决策兜底机制.md,主卡,,
R-HT-115,HT,R-HT-115-约定检验期限怠于通知视为质量符合约定.md,06-沉淀/裁判规则库/合同风险/R-HT-115-约定检验期限怠于通知视为质量符合约定.md,06-沉淀/合同风险规则库/R-HT-115-约定检验期限怠于通知视为质量符合约定.md,主卡,,
R-HT-116,HT,R-HT-116-买卖合同增值税发票不能单独证明交付与违约金调减30%界限.md,06-沉淀/裁判规则库/合同风险/R-HT-116-买卖合同增值税发票不能单独证明交付与违约金调减30%界限.md,06-沉淀/合同风险规则库/R-HT-116-买卖合同增值税发票不能单独证明交付与违约金调减30%界限.md,主卡,,
R-HT-117,HT,R-HT-117-违约损失赔偿可得利益三法与完整计算公式.md,06-沉淀/裁判规则库/合同风险/R-HT-117-违约损失赔偿可得利益三法与完整计算公式.md,06-沉淀/合同风险规则库/R-HT-117-违约损失赔偿可得利益三法与完整计算公式.md,主卡,,
R-HT-118,HT,R-HT-118-民间借贷穿透审查与虚假诉讼五特征及LPR四倍利率.md,06-沉淀/裁判规则库/合同风险/R-HT-118-民间借贷穿透审查与虚假诉讼五特征及LPR四倍利率.md,06-沉淀/合同风险规则库/R-HT-118-民间借贷穿透审查与虚假诉讼五特征及LPR四倍利率.md,主卡,,
R-HT-119,HT,R-HT-119-买受人质量异议期限与检验期抗辩.md,06-沉淀/裁判规则库/合同风险/R-HT-119-买受人质量异议期限与检验期抗辩.md,06-沉淀/合同风险规则库/R-HT-119-买受人质量异议期限与检验期抗辩.md,主卡,,
R-HT-120,HT,R-HT-120-合同无效与撤销解除的司法认定边界及撤销权除斥期间.md,06-沉淀/裁判规则库/合同风险/R-HT-120-合同无效与撤销解除的司法认定边界及撤销权除斥期间.md,06-沉淀/合同风险规则库/R-HT-120-合同无效与撤销解除的司法认定边界及撤销权除斥期间.md,主卡,,
R-HT-121,HT,R-HT-121-借款合同要素式审查要点与利息上限合规红线.md,06-沉淀/裁判规则库/合同风险/R-HT-121-借款合同要素式审查要点与利息上限合规红线.md,06-沉淀/合同风险规则库/R-HT-121-借款合同要素式审查要点与利息上限合规红线.md,主卡,,
R-HT-122,HT,R-HT-122-广告合同要素式审查要点与资质知识产权风险分配.md,06-沉淀/裁判规则库/合同风险/R-HT-122-广告合同要素式审查要点与资质知识产权风险分配.md,06-沉淀/合同风险规则库/R-HT-122-广告合同要素式审查要点与资质知识产权风险分配.md,主卡,,
R-HT-123,HT,R-HT-123.md,03-连接/概念页/R-HT-123.md,06-沉淀/合同风险规则库/R-HT-123.md,概念页指针,,
R-HT-123,HT,R-HT-123_民法典774条_要件映射_提炼索引.md,02-提炼/经验卡片/法条解读/R-HT-123_民法典774条_要件映射_提炼索引.md,06-沉淀/合同风险规则库/R-HT-123_民法典774条_要件映射_提炼索引.md,提炼源/指针,,
R-HT-123,HT,R-HT-123_民法典774条承揽要件与定作人责任边界.md,06-沉淀/裁判规则库/合同风险/R-HT-123_民法典774条承揽要件与定作人责任边界.md,06-沉淀/合同风险规则库/R-HT-123_民法典774条承揽要件与定作人责任边界.md,主卡,,
R-HT-124,HT,R-HT-124.md,03-连接/概念页/R-HT-124.md,06-沉淀/合同风险规则库/R-HT-124.md,概念页指针,,
R-HT-124,HT,R-HT-124_民法典465条_要件映射_提炼索引.md,02-提炼/经验卡片/法条解读/R-HT-124_民法典465条_要件映射_提炼索引.md,06-沉淀/合同风险规则库/R-HT-124_民法典465条_要件映射_提炼索引.md,提炼源/指针,,
R-HT-124,HT,R-HT-124_民法典465条合同相对性.md,06-沉淀/裁判规则库/合同风险/R-HT-124_民法典465条合同相对性.md,06-沉淀/合同风险规则库/R-HT-124_民法典465条合同相对性.md,主卡,,
R-HT-125,HT,R-HT-125.md,03-连接/概念页/R-HT-125.md,06-沉淀/合同风险规则库/R-HT-125.md,概念页指针,,
R-HT-125,HT,R-HT-125_民法典509条_要件映射_提炼索引.md,02-提炼/经验卡片/法条解读/R-HT-125_民法典509条_要件映射_提炼索引.md,06-沉淀/合同风险规则库/R-HT-125_民法典509条_要件映射_提炼索引.md,提炼源/指针,,
R-HT-125,HT,R-HT-125_民法典509条全面履行与货款已清.md,06-沉淀/裁判规则库/合同风险/R-HT-125_民法典509条全面履行与货款已清.md,06-沉淀/合同风险规则库/R-HT-125_民法典509条全面履行与货款已清.md,主卡,,
R-HT-126,HT,R-HT-126.md,03-连接/概念页/R-HT-126.md,06-沉淀/合同风险规则库/R-HT-126.md,概念页指针,,
R-HT-126,HT,R-HT-126_民法典622条_要件映射_提炼索引.md,02-提炼/经验卡片/法条解读/R-HT-126_民法典622条_要件映射_提炼索引.md,06-沉淀/合同风险规则库/R-HT-126_民法典622条_要件映射_提炼索引.md,提炼源/指针,,
R-HT-126,HT,R-HT-126_民法典622条检验期限.md,06-沉淀/裁判规则库/合同风险/R-HT-126_民法典622条检验期限.md,06-沉淀/合同风险规则库/R-HT-126_民法典622条检验期限.md,主卡,,
R-HT-127,HT,R-HT-127.md,03-连接/概念页/R-HT-127.md,06-沉淀/合同风险规则库/R-HT-127.md,概念页指针,,
R-HT-127,HT,R-HT-127_民法典577条_要件映射_提炼索引.md,02-提炼/经验卡片/法条解读/R-HT-127_民法典577条_要件映射_提炼索引.md,06-沉淀/合同风险规则库/R-HT-127_民法典577条_要件映射_提炼索引.md,提炼源/指针,,
R-HT-127,HT,R-HT-127_民法典577条违约责任.md,06-沉淀/裁判规则库/合同风险/R-HT-127_民法典577条违约责任.md,06-沉淀/合同风险规则库/R-HT-127_民法典577条违约责任.md,主卡,,
R-HT-128,HT,R-HT-128_房屋租赁合同承租人提前解除违约责任与减损_要件映射_提炼索引.md,02-提炼/经验卡片/法条解读/R-HT-128_房屋租赁合同承租人提前解除违约责任与减损_要件映射_提炼索引.md,06-沉淀/合同风险规则库/R-HT-128_房屋租赁合同承租人提前解除违约责任与减损_要件映射_提炼索引.md,提炼源/指针,,
R-HT-128,HT,R-HT-128-房屋租赁合同承租人提前解除违约责任与减损.md,06-沉淀/裁判规则库/合同风险/R-HT-128-房屋租赁合同承租人提前解除违约责任与减损.md,06-沉淀/合同风险规则库/R-HT-128-房屋租赁合同承租人提前解除违约责任与减损.md,主卡,,
R-HT-129,HT,R-HT-129_约定检验期间内怠于通知视为质量符合约定_要件映射_提炼索引.md,02-提炼/经验卡片/法条解读/R-HT-129_约定检验期间内怠于通知视为质量符合约定_要件映射_提炼索引.md,06-沉淀/合同风险规则库/R-HT-129_约定检验期间内怠于通知视为质量符合约定_要件映射_提炼索引.md,提炼源/指针,,
R-HT-129,HT,R-HT-129-约定检验期间内怠于通知视为质量符合约定.md,06-沉淀/裁判规则库/合同风险/R-HT-129-约定检验期间内怠于通知视为质量符合约定.md,06-沉淀/合同风险规则库/R-HT-129-约定检验期间内怠于通知视为质量符合约定.md,主卡,,
R-HT-130,HT,R-HT-130_非标定制设备质量不符的要素检验法与根本违约退货权_要件映射_提炼索引.md,02-提炼/经验卡片/法条解读/R-HT-130_非标定制设备质量不符的要素检验法与根本违约退货权_要件映射_提炼索引.md,06-沉淀/合同风险规则库/R-HT-130_非标定制设备质量不符的要素检验法与根本违约退货权_要件映射_提炼索引.md,提炼源/指针,,
R-HT-130,HT,R-HT-130-非标定制设备质量不符的要素检验法与根本违约退货权.md,06-沉淀/裁判规则库/合同风险/R-HT-130-非标定制设备质量不符的要素检验法与根本违约退货权.md,06-沉淀/合同风险规则库/R-HT-130-非标定制设备质量不符的要素检验法与根本违约退货权.md,主卡,,
R-HT-131,HT,R-HT-131-合同检验期视为符合约定.md,06-沉淀/裁判规则库/案例/R-HT-131-合同检验期视为符合约定.md,06-沉淀/合同风险规则库/R-HT-131-合同检验期视为符合约定.md,主卡,,
R-HT-151,HT,R-HT-151_商品房销售广告和宣传资料构成要约的三要件认定_要件映射_提炼索引.md,02-提炼/经验卡片/法条解读/R-HT-151_商品房销售广告和宣传资料构成要约的三要件认定_要件映射_提炼索引.md,06-沉淀/合同风险规则库/R-HT-151_商品房销售广告和宣传资料构成要约的三要件认定_要件映射_提炼索引.md,提炼源/指针,,
R-HT-151,HT,R-HT-151-商品房销售广告和宣传资料构成要约的三要件认定.md,06-沉淀/裁判规则库/合同风险/R-HT-151-商品房销售广告和宣传资料构成要约的三要件认定.md,06-沉淀/合同风险规则库/R-HT-151-商品房销售广告和宣传资料构成要约的三要件认定.md,主卡,,
R-HT-152,HT,R-HT-152_商品房买卖预约与本约的识别及预约转化为本约的认定_要件映射_提炼索引.md,02-提炼/经验卡片/法条解读/R-HT-152_商品房买卖预约与本约的识别及预约转化为本约的认定_要件映射_提炼索引.md,06-沉淀/合同风险规则库/R-HT-152_商品房买卖预约与本约的识别及预约转化为本约的认定_要件映射_提炼索引.md,提炼源/指针,,
R-HT-152,HT,R-HT-152-商品房买卖预约与本约的识别及预约转化为本约的认定.md,06-沉淀/裁判规则库/合同风险/R-HT-152-商品房买卖预约与本约的识别及预约转化为本约的认定.md,06-沉淀/合同风险规则库/R-HT-152-商品房买卖预约与本约的识别及预约转化为本约的认定.md,主卡,,
R-HT-153,HT,R-HT-153_房屋备案登记与预告登记的区别及效力_要件映射_提炼索引.md,02-提炼/经验卡片/法条解读/R-HT-153_房屋备案登记与预告登记的区别及效力_要件映射_提炼索引.md,06-沉淀/合同风险规则库/R-HT-153_房屋备案登记与预告登记的区别及效力_要件映射_提炼索引.md,提炼源/指针,,
R-HT-153,HT,R-HT-153-房屋备案登记与预告登记的区别及效力.md,06-沉淀/裁判规则库/合同风险/R-HT-153-房屋备案登记与预告登记的区别及效力.md,06-沉淀/合同风险规则库/R-HT-153-房屋备案登记与预告登记的区别及效力.md,主卡,,
R-HT-154,HT,R-HT-154_书面形式要件欠缺不影响商品房买卖合同效力_要件映射_提炼索引.md,02-提炼/经验卡片/法条解读/R-HT-154_书面形式要件欠缺不影响商品房买卖合同效力_要件映射_提炼索引.md,06-沉淀/合同风险规则库/R-HT-154_书面形式要件欠缺不影响商品房买卖合同效力_要件映射_提炼索引.md,提炼源/指针,,
R-HT-154,HT,R-HT-154-书面形式要件欠缺不影响商品房买卖合同效力.md,06-沉淀/裁判规则库/合同风险/R-HT-154-书面形式要件欠缺不影响商品房买卖合同效力.md,06-沉淀/合同风险规则库/R-HT-154-书面形式要件欠缺不影响商品房买卖合同效力.md,主卡,,
R-HT-155,HT,R-HT-155_预售许可证明与备案登记对商品房买卖合同效力的影响_要件映射_提炼索引.md,02-提炼/经验卡片/法条解读/R-HT-155_预售许可证明与备案登记对商品房买卖合同效力的影响_要件映射_提炼索引.md,06-沉淀/合同风险规则库/R-HT-155_预售许可证明与备案登记对商品房买卖合同效力的影响_要件映射_提炼索引.md,提炼源/指针,,
R-HT-155,HT,R-HT-155-预售许可证明与备案登记对商品房买卖合同效力的影响.md,06-沉淀/裁判规则库/合同风险/R-HT-155-预售许可证明与备案登记对商品房买卖合同效力的影响.md,06-沉淀/合同风险规则库/R-HT-155-预售许可证明与备案登记对商品房买卖合同效力的影响.md,主卡,,
R-HT-156,HT,R-HT-156_未取得预售许可证明的效力补正_要件映射_提炼索引.md,02-提炼/经验卡片/法条解读/R-HT-156_未取得预售许可证明的效力补正_要件映射_提炼索引.md,06-沉淀/合同风险规则库/R-HT-156_未取得预售许可证明的效力补正_要件映射_提炼索引.md,提炼源/指针,,
R-HT-156,HT,R-HT-156-未取得预售许可证明的效力补正.md,06-沉淀/裁判规则库/合同风险/R-HT-156-未取得预售许可证明的效力补正.md,06-沉淀/合同风险规则库/R-HT-156-未取得预售许可证明的效力补正.md,主卡,,
R-HT-157,HT,R-HT-157_预售商品房转让合同与阴阳合同的效力_要件映射_提炼索引.md,02-提炼/经验卡片/法条解读/R-HT-157_预售商品房转让合同与阴阳合同的效力_要件映射_提炼索引.md,06-沉淀/合同风险规则库/R-HT-157_预售商品房转让合同与阴阳合同的效力_要件映射_提炼索引.md,提炼源/指针,,
R-HT-157,HT,R-HT-157-预售商品房转让合同与阴阳合同的效力.md,06-沉淀/裁判规则库/合同风险/R-HT-157-预售商品房转让合同与阴阳合同的效力.md,06-沉淀/合同风险规则库/R-HT-157-预售商品房转让合同与阴阳合同的效力.md,主卡,,
R-HT-158,HT,R-HT-158_首付贷、赠送置业大礼包与第三方团购费的效力_要件映射_提炼索引.md,02-提炼/经验卡片/法条解读/R-HT-158_首付贷、赠送置业大礼包与第三方团购费的效力_要件映射_提炼索引.md,06-沉淀/合同风险规则库/R-HT-158_首付贷、赠送置业大礼包与第三方团购费的效力_要件映射_提炼索引.md,提炼源/指针,,
R-HT-158,HT,R-HT-158-首付贷、赠送置业大礼包与第三方团购费的效力.md,06-沉淀/裁判规则库/合同风险/R-HT-158-首付贷、赠送置业大礼包与第三方团购费的效力.md,06-沉淀/合同风险规则库/R-HT-158-首付贷、赠送置业大礼包与第三方团购费的效力.md,主卡,,
R-HT-159,HT,R-HT-159_架空层与绿地买卖、赠与合同的效力_要件映射_提炼索引.md,02-提炼/经验卡片/法条解读/R-HT-159_架空层与绿地买卖、赠与合同的效力_要件映射_提炼索引.md,06-沉淀/合同风险规则库/R-HT-159_架空层与绿地买卖、赠与合同的效力_要件映射_提炼索引.md,提炼源/指针,,
R-HT-159,HT,R-HT-159-架空层与绿地买卖、赠与合同的效力.md,06-沉淀/裁判规则库/合同风险/R-HT-159-架空层与绿地买卖、赠与合同的效力.md,06-沉淀/合同风险规则库/R-HT-159-架空层与绿地买卖、赠与合同的效力.md,主卡,,
R-HT-160,HT,R-HT-160_商品房质量与装修质量问题的认定_要件映射_提炼索引.md,02-提炼/经验卡片/法条解读/R-HT-160_商品房质量与装修质量问题的认定_要件映射_提炼索引.md,06-沉淀/合同风险规则库/R-HT-160_商品房质量与装修质量问题的认定_要件映射_提炼索引.md,提炼源/指针,,
R-HT-160,HT,R-HT-160-商品房质量与装修质量问题的认定.md,06-沉淀/裁判规则库/合同风险/R-HT-160-商品房质量与装修质量问题的认定.md,06-沉淀/合同风险规则库/R-HT-160-商品房质量与装修质量问题的认定.md,主卡,,
R-HT-161,HT,R-HT-161_房屋交付的认定、建筑工程竣工合格证明文件与约定变更交付条件_要件映射_提炼索引.md,02-提炼/经验卡片/法条解读/R-HT-161_房屋交付的认定、建筑工程竣工合格证明文件与约定变更交付条件_要件映射_提炼索引.md,06-沉淀/合同风险规则库/R-HT-161_房屋交付的认定、建筑工程竣工合格证明文件与约定变更交付条件_要件映射_提炼索引.md,提炼源/指针,,
R-HT-161,HT,R-HT-161-房屋交付的认定、建筑工程竣工合格证明文件与约定变更交付条件.md,06-沉淀/裁判规则库/合同风险/R-HT-161-房屋交付的认定、建筑工程竣工合格证明文件与约定变更交付条件.md,06-沉淀/合同风险规则库/R-HT-161-房屋交付的认定、建筑工程竣工合格证明文件与约定变更交付条件.md,主卡,,
R-HT-162,HT,R-HT-162_交付环节的履行抗辩与买受人拒绝收房抗辩_要件映射_提炼索引.md,02-提炼/经验卡片/法条解读/R-HT-162_交付环节的履行抗辩与买受人拒绝收房抗辩_要件映射_提炼索引.md,06-沉淀/合同风险规则库/R-HT-162_交付环节的履行抗辩与买受人拒绝收房抗辩_要件映射_提炼索引.md,提炼源/指针,,
R-HT-162,HT,R-HT-162-交付环节的履行抗辩与买受人拒绝收房抗辩.md,06-沉淀/裁判规则库/合同风险/R-HT-162-交付环节的履行抗辩与买受人拒绝收房抗辩.md,06-沉淀/合同风险规则库/R-HT-162-交付环节的履行抗辩与买受人拒绝收房抗辩.md,主卡,,
R-HT-163,HT,R-HT-163_房屋交付请求权与协助办证请求权的诉讼时效_要件映射_提炼索引.md,02-提炼/经验卡片/法条解读/R-HT-163_房屋交付请求权与协助办证请求权的诉讼时效_要件映射_提炼索引.md,06-沉淀/合同风险规则库/R-HT-163_房屋交付请求权与协助办证请求权的诉讼时效_要件映射_提炼索引.md,提炼源/指针,,
R-HT-163,HT,R-HT-163-房屋交付请求权与协助办证请求权的诉讼时效.md,06-沉淀/裁判规则库/合同风险/R-HT-163-房屋交付请求权与协助办证请求权的诉讼时效.md,06-沉淀/合同风险规则库/R-HT-163-房屋交付请求权与协助办证请求权的诉讼时效.md,主卡,,
R-HT-164,HT,R-HT-164_多重买卖合同的处理_要件映射_提炼索引.md,02-提炼/经验卡片/法条解读/R-HT-164_多重买卖合同的处理_要件映射_提炼索引.md,06-沉淀/合同风险规则库/R-HT-164_多重买卖合同的处理_要件映射_提炼索引.md,提炼源/指针,,
R-HT-164,HT,R-HT-164-多重买卖合同的处理.md,06-沉淀/裁判规则库/合同风险/R-HT-164-多重买卖合同的处理.md,06-沉淀/合同风险规则库/R-HT-164-多重买卖合同的处理.md,主卡,,
R-HT-165,HT,R-HT-165_面积误差与五通费的处理_要件映射_提炼索引.md,02-提炼/经验卡片/法条解读/R-HT-165_面积误差与五通费的处理_要件映射_提炼索引.md,06-沉淀/合同风险规则库/R-HT-165_面积误差与五通费的处理_要件映射_提炼索引.md,提炼源/指针,,
R-HT-165,HT,R-HT-165-面积误差与五通费的处理.md,06-沉淀/裁判规则库/合同风险/R-HT-165-面积误差与五通费的处理.md,06-沉淀/合同风险规则库/R-HT-165-面积误差与五通费的处理.md,主卡,,
R-HT-166,HT,R-HT-166_商品房买卖合同解除权的认定_要件映射_提炼索引.md,02-提炼/经验卡片/法条解读/R-HT-166_商品房买卖合同解除权的认定_要件映射_提炼索引.md,06-沉淀/合同风险规则库/R-HT-166_商品房买卖合同解除权的认定_要件映射_提炼索引.md,提炼源/指针,,
R-HT-166,HT,R-HT-166-商品房买卖合同解除权的认定.md,06-沉淀/裁判规则库/合同风险/R-HT-166-商品房买卖合同解除权的认定.md,06-沉淀/合同风险规则库/R-HT-166-商品房买卖合同解除权的认定.md,主卡,,
R-HT-167,HT,R-HT-167_合同无效或解除后的返还范围：购房款利息、维修基金与契税_要件映射_提炼索引.md,02-提炼/经验卡片/法条解读/R-HT-167_合同无效或解除后的返还范围：购房款利息、维修基金与契税_要件映射_提炼索引.md,06-沉淀/合同风险规则库/R-HT-167_合同无效或解除后的返还范围：购房款利息、维修基金与契税_要件映射_提炼索引.md,提炼源/指针,,
R-HT-167,HT,R-HT-167-合同无效或解除后的返还范围：购房款利息、维修基金与契税.md,06-沉淀/裁判规则库/合同风险/R-HT-167-合同无效或解除后的返还范围：购房款利息、维修基金与契税.md,06-沉淀/合同风险规则库/R-HT-167-合同无效或解除后的返还范围：购房款利息、维修基金与契税.md,主卡,,
R-HT-168,HT,R-HT-168_违约金的调整与逾期交房违约责任的认定_要件映射_提炼索引.md,02-提炼/经验卡片/法条解读/R-HT-168_违约金的调整与逾期交房违约责任的认定_要件映射_提炼索引.md,06-沉淀/合同风险规则库/R-HT-168_违约金的调整与逾期交房违约责任的认定_要件映射_提炼索引.md,提炼源/指针,,
R-HT-168,HT,R-HT-168-违约金的调整与逾期交房违约责任的认定.md,06-沉淀/裁判规则库/合同风险/R-HT-168-违约金的调整与逾期交房违约责任的认定.md,06-沉淀/合同风险规则库/R-HT-168-违约金的调整与逾期交房违约责任的认定.md,主卡,,
R-HT-169,HT,R-HT-169_逾期交房逾期办证的抗辩、期间叠加与诉讼时效_要件映射_提炼索引.md,02-提炼/经验卡片/法条解读/R-HT-169_逾期交房逾期办证的抗辩、期间叠加与诉讼时效_要件映射_提炼索引.md,06-沉淀/合同风险规则库/R-HT-169_逾期交房逾期办证的抗辩、期间叠加与诉讼时效_要件映射_提炼索引.md,提炼源/指针,,
R-HT-169,HT,R-HT-169-逾期交房逾期办证的抗辩、期间叠加与诉讼时效.md,06-沉淀/裁判规则库/合同风险/R-HT-169-逾期交房逾期办证的抗辩、期间叠加与诉讼时效.md,06-沉淀/合同风险规则库/R-HT-169-逾期交房逾期办证的抗辩、期间叠加与诉讼时效.md,主卡,,
R-HT-170,HT,R-HT-170_政策类优惠赔偿与惩罚性赔偿之否定_要件映射_提炼索引.md,02-提炼/经验卡片/法条解读/R-HT-170_政策类优惠赔偿与惩罚性赔偿之否定_要件映射_提炼索引.md,06-沉淀/合同风险规则库/R-HT-170_政策类优惠赔偿与惩罚性赔偿之否定_要件映射_提炼索引.md,提炼源/指针,,
R-HT-170,HT,R-HT-170-政策类优惠赔偿与惩罚性赔偿之否定.md,06-沉淀/裁判规则库/合同风险/R-HT-170-政策类优惠赔偿与惩罚性赔偿之否定.md,06-沉淀/合同风险规则库/R-HT-170-政策类优惠赔偿与惩罚性赔偿之否定.md,主卡,,
R-HT-171,HT,R-HT-171_商品房消费者的认定：一般标准、别墅与套数_要件映射_提炼索引.md,02-提炼/经验卡片/法条解读/R-HT-171_商品房消费者的认定：一般标准、别墅与套数_要件映射_提炼索引.md,06-沉淀/合同风险规则库/R-HT-171_商品房消费者的认定：一般标准、别墅与套数_要件映射_提炼索引.md,提炼源/指针,,
R-HT-171,HT,R-HT-171-商品房消费者的认定：一般标准、别墅与套数.md,06-沉淀/裁判规则库/合同风险/R-HT-171-商品房消费者的认定：一般标准、别墅与套数.md,06-沉淀/合同风险规则库/R-HT-171-商品房消费者的认定：一般标准、别墅与套数.md,主卡,,
R-HT-172,HT,R-HT-172_以房抵债受让人的地位与房屋交付请求权_要件映射_提炼索引.md,02-提炼/经验卡片/法条解读/R-HT-172_以房抵债受让人的地位与房屋交付请求权_要件映射_提炼索引.md,06-沉淀/合同风险规则库/R-HT-172_以房抵债受让人的地位与房屋交付请求权_要件映射_提炼索引.md,提炼源/指针,,
R-HT-172,HT,R-HT-172-以房抵债受让人的地位与房屋交付请求权.md,06-沉淀/裁判规则库/合同风险/R-HT-172-以房抵债受让人的地位与房屋交付请求权.md,06-沉淀/合同风险规则库/R-HT-172-以房抵债受让人的地位与房屋交付请求权.md,主卡,,
R-HT-173,HT,R-HT-173_不能交付的认定、返还价款范围、优先权顺位与时间效力_要件映射_提炼索引.md,02-提炼/经验卡片/法条解读/R-HT-173_不能交付的认定、返还价款范围、优先权顺位与时间效力_要件映射_提炼索引.md,06-沉淀/合同风险规则库/R-HT-173_不能交付的认定、返还价款范围、优先权顺位与时间效力_要件映射_提炼索引.md,提炼源/指针,,
R-HT-173,HT,R-HT-173-不能交付的认定、返还价款范围、优先权顺位与时间效力.md,06-沉淀/裁判规则库/合同风险/R-HT-173-不能交付的认定、返还价款范围、优先权顺位与时间效力.md,06-沉淀/合同风险规则库/R-HT-173-不能交付的认定、返还价款范围、优先权顺位与时间效力.md,主卡,,
R-HT-174,HT,R-HT-174_出卖人阶段性担保责任的认定与承担担保责任后的追偿权_要件映射_提炼索引.md,02-提炼/经验卡片/法条解读/R-HT-174_出卖人阶段性担保责任的认定与承担担保责任后的追偿权_要件映射_提炼索引.md,06-沉淀/合同风险规则库/R-HT-174_出卖人阶段性担保责任的认定与承担担保责任后的追偿权_要件映射_提炼索引.md,提炼源/指针,,
R-HT-174,HT,R-HT-174-出卖人阶段性担保责任的认定与承担担保责任后的追偿权.md,06-沉淀/裁判规则库/合同风险/R-HT-174-出卖人阶段性担保责任的认定与承担担保责任后的追偿权.md,06-沉淀/合同风险规则库/R-HT-174-出卖人阶段性担保责任的认定与承担担保责任后的追偿权.md,主卡,,
R-HT-175,HT,R-HT-175_政策性房屋、违法建筑与存量房买卖的效力及法律适用_要件映射_提炼索引.md,02-提炼/经验卡片/法条解读/R-HT-175_政策性房屋、违法建筑与存量房买卖的效力及法律适用_要件映射_提炼索引.md,06-沉淀/合同风险规则库/R-HT-175_政策性房屋、违法建筑与存量房买卖的效力及法律适用_要件映射_提炼索引.md,提炼源/指针,,
R-HT-175,HT,R-HT-175-政策性房屋、违法建筑与存量房买卖的效力及法律适用.md,06-沉淀/裁判规则库/合同风险/R-HT-175-政策性房屋、违法建筑与存量房买卖的效力及法律适用.md,06-沉淀/合同风险规则库/R-HT-175-政策性房屋、违法建筑与存量房买卖的效力及法律适用.md,主卡,,
R-HT-176,HT,R-HT-176_设定抵押权房屋与查封房屋买卖合同的处理_要件映射_提炼索引.md,02-提炼/经验卡片/法条解读/R-HT-176_设定抵押权房屋与查封房屋买卖合同的处理_要件映射_提炼索引.md,06-沉淀/合同风险规则库/R-HT-176_设定抵押权房屋与查封房屋买卖合同的处理_要件映射_提炼索引.md,提炼源/指针,,
R-HT-176,HT,R-HT-176-设定抵押权房屋与查封房屋买卖合同的处理.md,06-沉淀/裁判规则库/合同风险/R-HT-176-设定抵押权房屋与查封房屋买卖合同的处理.md,06-沉淀/合同风险规则库/R-HT-176-设定抵押权房屋与查封房屋买卖合同的处理.md,主卡,,
R-HT-177,HT,R-HT-177_以房抵债合同的审查要点_要件映射_提炼索引.md,02-提炼/经验卡片/法条解读/R-HT-177_以房抵债合同的审查要点_要件映射_提炼索引.md,06-沉淀/合同风险规则库/R-HT-177_以房抵债合同的审查要点_要件映射_提炼索引.md,提炼源/指针,,
R-HT-177,HT,R-HT-177-以房抵债合同的审查要点.md,06-沉淀/裁判规则库/合同风险/R-HT-177-以房抵债合同的审查要点.md,06-沉淀/合同风险规则库/R-HT-177-以房抵债合同的审查要点.md,主卡,,
R-HT-178,HT,R-HT-178_人防车位转让与被拆迁人拆迁安置房购买权转让_要件映射_提炼索引.md,02-提炼/经验卡片/法条解读/R-HT-178_人防车位转让与被拆迁人拆迁安置房购买权转让_要件映射_提炼索引.md,06-沉淀/合同风险规则库/R-HT-178_人防车位转让与被拆迁人拆迁安置房购买权转让_要件映射_提炼索引.md,提炼源/指针,,
R-HT-178,HT,R-HT-178-人防车位转让与被拆迁人拆迁安置房购买权转让.md,06-沉淀/裁判规则库/合同风险/R-HT-178-人防车位转让与被拆迁人拆迁安置房购买权转让.md,06-沉淀/合同风险规则库/R-HT-178-人防车位转让与被拆迁人拆迁安置房购买权转让.md,主卡,,
R-HT-179,HT,R-HT-179_违约金调整的130%上限与举证_要件映射_提炼索引.md,02-提炼/经验卡片/法条解读/R-HT-179_违约金调整的130%上限与举证_要件映射_提炼索引.md,06-沉淀/合同风险规则库/R-HT-179_违约金调整的130%上限与举证_要件映射_提炼索引.md,提炼源/指针,,
R-HT-179,HT,R-HT-179-违约金调整的130%上限与举证.md,06-沉淀/裁判规则库/合同风险/R-HT-179-违约金调整的130%上限与举证.md,06-沉淀/合同风险规则库/R-HT-179-违约金调整的130%上限与举证.md,主卡,,
R-HT-180,HT,R-HT-180_表见代理中相对人合理注意义务_要件映射_提炼索引.md,02-提炼/经验卡片/法条解读/R-HT-180_表见代理中相对人合理注意义务_要件映射_提炼索引.md,06-沉淀/合同风险规则库/R-HT-180_表见代理中相对人合理注意义务_要件映射_提炼索引.md,提炼源/指针,,
R-HT-180,HT,R-HT-180-表见代理中相对人合理注意义务.md,06-沉淀/裁判规则库/合同风险/R-HT-180-表见代理中相对人合理注意义务.md,06-沉淀/合同风险规则库/R-HT-180-表见代理中相对人合理注意义务.md,主卡,,
R-HT-181,HT,R-HT-181_合同订立的成立要素与风险防范_要件映射_提炼索引.md,02-提炼/经验卡片/法条解读/R-HT-181_合同订立的成立要素与风险防范_要件映射_提炼索引.md,06-沉淀/合同风险规则库/R-HT-181_合同订立的成立要素与风险防范_要件映射_提炼索引.md,提炼源/指针,,
R-HT-181,HT,R-HT-181-合同订立的成立要素与风险防范.md,06-沉淀/裁判规则库/合同风险/R-HT-181-合同订立的成立要素与风险防范.md,06-沉淀/合同风险规则库/R-HT-181-合同订立的成立要素与风险防范.md,主卡,,
R-HT-182,HT,R-HT-182_技术开发合同十大避坑要点_要件映射_提炼索引.md,02-提炼/经验卡片/法条解读/R-HT-182_技术开发合同十大避坑要点_要件映射_提炼索引.md,06-沉淀/合同风险规则库/R-HT-182_技术开发合同十大避坑要点_要件映射_提炼索引.md,提炼源/指针,,
R-HT-182,HT,R-HT-182-技术开发合同十大避坑要点.md,06-沉淀/裁判规则库/合同风险/R-HT-182-技术开发合同十大避坑要点.md,06-沉淀/合同风险规则库/R-HT-182-技术开发合同十大避坑要点.md,主卡,,
R-HT-183,HT,R-HT-183_保理合同的性质认定与穿透审查_要件映射_提炼索引.md,02-提炼/经验卡片/法条解读/R-HT-183_保理合同的性质认定与穿透审查_要件映射_提炼索引.md,06-沉淀/合同风险规则库/R-HT-183_保理合同的性质认定与穿透审查_要件映射_提炼索引.md,提炼源/指针,,
R-HT-183,HT,R-HT-183-保理合同的性质认定与穿透审查.md,06-沉淀/裁判规则库/合同风险/R-HT-183-保理合同的性质认定与穿透审查.md,06-沉淀/合同风险规则库/R-HT-183-保理合同的性质认定与穿透审查.md,主卡,,
R-HT-184,HT,R-HT-184_承揽合同的认定与风险防范_要件映射_提炼索引.md,02-提炼/经验卡片/法条解读/R-HT-184_承揽合同的认定与风险防范_要件映射_提炼索引.md,06-沉淀/合同风险规则库/R-HT-184_承揽合同的认定与风险防范_要件映射_提炼索引.md,提炼源/指针,,
R-HT-184,HT,R-HT-184-承揽合同的认定与风险防范.md,06-沉淀/裁判规则库/合同风险/R-HT-184-承揽合同的认定与风险防范.md,06-沉淀/合同风险规则库/R-HT-184-承揽合同的认定与风险防范.md,主卡,,
R-HT-185,HT,R-HT-185_建设工程黑白合同的结算规则_要件映射_提炼索引.md,02-提炼/经验卡片/法条解读/R-HT-185_建设工程黑白合同的结算规则_要件映射_提炼索引.md,06-沉淀/合同风险规则库/R-HT-185_建设工程黑白合同的结算规则_要件映射_提炼索引.md,提炼源/指针,,
R-HT-185,HT,R-HT-185-建设工程黑白合同的结算规则.md,06-沉淀/裁判规则库/合同风险/R-HT-185-建设工程黑白合同的结算规则.md,06-沉淀/合同风险规则库/R-HT-185-建设工程黑白合同的结算规则.md,主卡,,
R-HT-186,HT,R-HT-186_以物抵债协议的性质与履行_要件映射_提炼索引.md,02-提炼/经验卡片/法条解读/R-HT-186_以物抵债协议的性质与履行_要件映射_提炼索引.md,06-沉淀/合同风险规则库/R-HT-186_以物抵债协议的性质与履行_要件映射_提炼索引.md,提炼源/指针,,
R-HT-186,HT,R-HT-186-以物抵债协议的性质与履行.md,06-沉淀/裁判规则库/合同风险/R-HT-186-以物抵债协议的性质与履行.md,06-沉淀/合同风险规则库/R-HT-186-以物抵债协议的性质与履行.md,主卡,,
R-HT-187,HT,R-HT-187_车辆挂靠经营的对外责任承担_要件映射_提炼索引.md,02-提炼/经验卡片/法条解读/R-HT-187_车辆挂靠经营的对外责任承担_要件映射_提炼索引.md,06-沉淀/合同风险规则库/R-HT-187_车辆挂靠经营的对外责任承担_要件映射_提炼索引.md,提炼源/指针,,
R-HT-187,HT,R-HT-187-车辆挂靠经营的对外责任承担.md,06-沉淀/裁判规则库/合同风险/R-HT-187-车辆挂靠经营的对外责任承担.md,06-沉淀/合同风险规则库/R-HT-187-车辆挂靠经营的对外责任承担.md,主卡,,
R-HT-188,HT,R-HT-188_保险合同主体资格与当事人关系人审查_要件映射_提炼索引.md,02-提炼/经验卡片/法条解读/R-HT-188_保险合同主体资格与当事人关系人审查_要件映射_提炼索引.md,06-沉淀/合同风险规则库/R-HT-188_保险合同主体资格与当事人关系人审查_要件映射_提炼索引.md,提炼源/指针,,
R-HT-188,HT,R-HT-188-保险合同主体资格与当事人关系人审查.md,06-沉淀/裁判规则库/合同风险/R-HT-188-保险合同主体资格与当事人关系人审查.md,06-沉淀/合同风险规则库/R-HT-188-保险合同主体资格与当事人关系人审查.md,主卡,,
R-HT-189,HT,R-HT-189_保险合同成立生效与代签名效力_要件映射_提炼索引.md,02-提炼/经验卡片/法条解读/R-HT-189_保险合同成立生效与代签名效力_要件映射_提炼索引.md,06-沉淀/合同风险规则库/R-HT-189_保险合同成立生效与代签名效力_要件映射_提炼索引.md,提炼源/指针,,
R-HT-189,HT,R-HT-189-保险合同成立生效与代签名效力.md,06-沉淀/裁判规则库/合同风险/R-HT-189-保险合同成立生效与代签名效力.md,06-沉淀/合同风险规则库/R-HT-189-保险合同成立生效与代签名效力.md,主卡,,
R-HT-190,HT,R-HT-190_投保人如实告知义务范围与履行_要件映射_提炼索引.md,02-提炼/经验卡片/法条解读/R-HT-190_投保人如实告知义务范围与履行_要件映射_提炼索引.md,06-沉淀/合同风险规则库/R-HT-190_投保人如实告知义务范围与履行_要件映射_提炼索引.md,提炼源/指针,,
R-HT-190,HT,R-HT-190-投保人如实告知义务范围与履行.md,06-沉淀/裁判规则库/合同风险/R-HT-190-投保人如实告知义务范围与履行.md,06-沉淀/合同风险规则库/R-HT-190-投保人如实告知义务范围与履行.md,主卡,,
R-HT-191,HT,R-HT-191_违反如实告知义务法律后果_要件映射_提炼索引.md,02-提炼/经验卡片/法条解读/R-HT-191_违反如实告知义务法律后果_要件映射_提炼索引.md,06-沉淀/合同风险规则库/R-HT-191_违反如实告知义务法律后果_要件映射_提炼索引.md,提炼源/指针,,
R-HT-191,HT,R-HT-191-违反如实告知义务法律后果.md,06-沉淀/裁判规则库/合同风险/R-HT-191-违反如实告知义务法律后果.md,06-沉淀/合同风险规则库/R-HT-191-违反如实告知义务法律后果.md,主卡,,
R-HT-192,HT,R-HT-192_保险人弃权制度适用_要件映射_提炼索引.md,02-提炼/经验卡片/法条解读/R-HT-192_保险人弃权制度适用_要件映射_提炼索引.md,06-沉淀/合同风险规则库/R-HT-192_保险人弃权制度适用_要件映射_提炼索引.md,提炼源/指针,,
R-HT-192,HT,R-HT-192-保险人弃权制度适用.md,06-沉淀/裁判规则库/合同风险/R-HT-192-保险人弃权制度适用.md,06-沉淀/合同风险规则库/R-HT-192-保险人弃权制度适用.md,主卡,,
R-HT-193,HT,R-HT-193_保险人信息提供义务与免责条款范围_要件映射_提炼索引.md,02-提炼/经验卡片/法条解读/R-HT-193_保险人信息提供义务与免责条款范围_要件映射_提炼索引.md,06-沉淀/合同风险规则库/R-HT-193_保险人信息提供义务与免责条款范围_要件映射_提炼索引.md,提炼源/指针,,
R-HT-193,HT,R-HT-193-保险人信息提供义务与免责条款范围.md,06-沉淀/裁判规则库/合同风险/R-HT-193-保险人信息提供义务与免责条款范围.md,06-沉淀/合同风险规则库/R-HT-193-保险人信息提供义务与免责条款范围.md,主卡,,
R-HT-194,HT,R-HT-194_免责条款提示与明确说明审查标准_要件映射_提炼索引.md,02-提炼/经验卡片/法条解读/R-HT-194_免责条款提示与明确说明审查标准_要件映射_提炼索引.md,06-沉淀/合同风险规则库/R-HT-194_免责条款提示与明确说明审查标准_要件映射_提炼索引.md,提炼源/指针,,
R-HT-194,HT,R-HT-194-免责条款提示与明确说明审查标准.md,06-沉淀/裁判规则库/合同风险/R-HT-194-免责条款提示与明确说明审查标准.md,06-沉淀/合同风险规则库/R-HT-194-免责条款提示与明确说明审查标准.md,主卡,,
R-HT-195,HT,R-HT-195_保险格式条款不利解释与绝对无效_要件映射_提炼索引.md,02-提炼/经验卡片/法条解读/R-HT-195_保险格式条款不利解释与绝对无效_要件映射_提炼索引.md,06-沉淀/合同风险规则库/R-HT-195_保险格式条款不利解释与绝对无效_要件映射_提炼索引.md,提炼源/指针,,
R-HT-195,HT,R-HT-195-保险格式条款不利解释与绝对无效.md,06-沉淀/裁判规则库/合同风险/R-HT-195-保险格式条款不利解释与绝对无效.md,06-沉淀/合同风险规则库/R-HT-195-保险格式条款不利解释与绝对无效.md,主卡,,
R-HT-196,HT,R-HT-196_保险费缴纳与合同效力_要件映射_提炼索引.md,02-提炼/经验卡片/法条解读/R-HT-196_保险费缴纳与合同效力_要件映射_提炼索引.md,06-沉淀/合同风险规则库/R-HT-196_保险费缴纳与合同效力_要件映射_提炼索引.md,提炼源/指针,,
R-HT-196,HT,R-HT-196-保险费缴纳与合同效力.md,06-沉淀/裁判规则库/合同风险/R-HT-196-保险费缴纳与合同效力.md,06-沉淀/合同风险规则库/R-HT-196-保险费缴纳与合同效力.md,主卡,,
R-HT-197,HT,R-HT-197_保险合同通知义务三类型_要件映射_提炼索引.md,02-提炼/经验卡片/法条解读/R-HT-197_保险合同通知义务三类型_要件映射_提炼索引.md,06-沉淀/合同风险规则库/R-HT-197_保险合同通知义务三类型_要件映射_提炼索引.md,提炼源/指针,,
R-HT-197,HT,R-HT-197-保险合同通知义务三类型.md,06-沉淀/裁判规则库/合同风险/R-HT-197-保险合同通知义务三类型.md,06-沉淀/合同风险规则库/R-HT-197-保险合同通知义务三类型.md,主卡,,
R-HT-198,HT,R-HT-198_保险人核定与理赔义务_要件映射_提炼索引.md,02-提炼/经验卡片/法条解读/R-HT-198_保险人核定与理赔义务_要件映射_提炼索引.md,06-沉淀/合同风险规则库/R-HT-198_保险人核定与理赔义务_要件映射_提炼索引.md,提炼源/指针,,
R-HT-198,HT,R-HT-198-保险人核定与理赔义务.md,06-沉淀/裁判规则库/合同风险/R-HT-198-保险人核定与理赔义务.md,06-沉淀/合同风险规则库/R-HT-198-保险人核定与理赔义务.md,主卡,,
R-HT-199,HT,R-HT-199_保险金给付与受益人指定变更_要件映射_提炼索引.md,02-提炼/经验卡片/法条解读/R-HT-199_保险金给付与受益人指定变更_要件映射_提炼索引.md,06-沉淀/合同风险规则库/R-HT-199_保险金给付与受益人指定变更_要件映射_提炼索引.md,提炼源/指针,,
R-HT-199,HT,R-HT-199-保险金给付与受益人指定变更.md,06-沉淀/裁判规则库/合同风险/R-HT-199-保险金给付与受益人指定变更.md,06-沉淀/合同风险规则库/R-HT-199-保险金给付与受益人指定变更.md,主卡,,
R-HT-200,HT,R-HT-200_自杀与故意犯罪法定免赔_要件映射_提炼索引.md,02-提炼/经验卡片/法条解读/R-HT-200_自杀与故意犯罪法定免赔_要件映射_提炼索引.md,06-沉淀/合同风险规则库/R-HT-200_自杀与故意犯罪法定免赔_要件映射_提炼索引.md,提炼源/指针,,
R-HT-200,HT,R-HT-200-自杀与故意犯罪法定免赔.md,06-沉淀/裁判规则库/合同风险/R-HT-200-自杀与故意犯罪法定免赔.md,06-沉淀/合同风险规则库/R-HT-200-自杀与故意犯罪法定免赔.md,主卡,,
R-HT-201,HT,R-HT-201_保险合同诉讼时效_要件映射_提炼索引.md,02-提炼/经验卡片/法条解读/R-HT-201_保险合同诉讼时效_要件映射_提炼索引.md,06-沉淀/合同风险规则库/R-HT-201_保险合同诉讼时效_要件映射_提炼索引.md,提炼源/指针,,
R-HT-201,HT,R-HT-201-保险合同诉讼时效.md,06-沉淀/裁判规则库/合同风险/R-HT-201-保险合同诉讼时效.md,06-沉淀/合同风险规则库/R-HT-201-保险合同诉讼时效.md,主卡,,
R-HT-202,HT,R-HT-202_实际与名义投保人不一致效力_要件映射_提炼索引.md,02-提炼/经验卡片/法条解读/R-HT-202_实际与名义投保人不一致效力_要件映射_提炼索引.md,06-沉淀/合同风险规则库/R-HT-202_实际与名义投保人不一致效力_要件映射_提炼索引.md,提炼源/指针,,
R-HT-202,HT,R-HT-202-实际与名义投保人不一致效力.md,06-沉淀/裁判规则库/合同风险/R-HT-202-实际与名义投保人不一致效力.md,06-沉淀/合同风险规则库/R-HT-202-实际与名义投保人不一致效力.md,主卡,,
R-HT-203,HT,R-HT-203_订立前事故射幸合同_要件映射_提炼索引.md,02-提炼/经验卡片/法条解读/R-HT-203_订立前事故射幸合同_要件映射_提炼索引.md,06-沉淀/合同风险规则库/R-HT-203_订立前事故射幸合同_要件映射_提炼索引.md,提炼源/指针,,
R-HT-203,HT,R-HT-203-订立前事故射幸合同.md,06-沉淀/裁判规则库/合同风险/R-HT-203-订立前事故射幸合同.md,06-沉淀/合同风险规则库/R-HT-203-订立前事故射幸合同.md,主卡,,
R-HT-204,HT,R-HT-204_承保机构认定与适格被告_要件映射_提炼索引.md,02-提炼/经验卡片/法条解读/R-HT-204_承保机构认定与适格被告_要件映射_提炼索引.md,06-沉淀/合同风险规则库/R-HT-204_承保机构认定与适格被告_要件映射_提炼索引.md,提炼源/指针,,
R-HT-204,HT,R-HT-204-承保机构认定与适格被告.md,06-沉淀/裁判规则库/合同风险/R-HT-204-承保机构认定与适格被告.md,06-沉淀/合同风险规则库/R-HT-204-承保机构认定与适格被告.md,主卡,,
R-HT-205,HT,R-HT-205_网络投保条款交付认定_要件映射_提炼索引.md,02-提炼/经验卡片/法条解读/R-HT-205_网络投保条款交付认定_要件映射_提炼索引.md,06-沉淀/合同风险规则库/R-HT-205_网络投保条款交付认定_要件映射_提炼索引.md,提炼源/指针,,
R-HT-205,HT,R-HT-205-网络投保条款交付认定.md,06-沉淀/裁判规则库/合同风险/R-HT-205-网络投保条款交付认定.md,06-沉淀/合同风险规则库/R-HT-205-网络投保条款交付认定.md,主卡,,
R-HT-206,HT,R-HT-206_网络投保明确说明义务与举证_要件映射_提炼索引.md,02-提炼/经验卡片/法条解读/R-HT-206_网络投保明确说明义务与举证_要件映射_提炼索引.md,06-沉淀/合同风险规则库/R-HT-206_网络投保明确说明义务与举证_要件映射_提炼索引.md,提炼源/指针,,
R-HT-206,HT,R-HT-206-网络投保明确说明义务与举证.md,06-沉淀/裁判规则库/合同风险/R-HT-206-网络投保明确说明义务与举证.md,06-沉淀/合同风险规则库/R-HT-206-网络投保明确说明义务与举证.md,主卡,,
R-HT-207,HT,R-HT-207_团意险提示说明对象_要件映射_提炼索引.md,02-提炼/经验卡片/法条解读/R-HT-207_团意险提示说明对象_要件映射_提炼索引.md,06-沉淀/合同风险规则库/R-HT-207_团意险提示说明对象_要件映射_提炼索引.md,提炼源/指针,,
R-HT-207,HT,R-HT-207-团意险提示说明对象.md,06-沉淀/裁判规则库/合同风险/R-HT-207-团意险提示说明对象.md,06-沉淀/合同风险规则库/R-HT-207-团意险提示说明对象.md,主卡,,
R-HT-208,HT,R-HT-208_投资型保险适当性义务_要件映射_提炼索引.md,02-提炼/经验卡片/法条解读/R-HT-208_投资型保险适当性义务_要件映射_提炼索引.md,06-沉淀/合同风险规则库/R-HT-208_投资型保险适当性义务_要件映射_提炼索引.md,提炼源/指针,,
R-HT-208,HT,R-HT-208-投资型保险适当性义务.md,06-沉淀/裁判规则库/合同风险/R-HT-208-投资型保险适当性义务.md,06-沉淀/合同风险规则库/R-HT-208-投资型保险适当性义务.md,主卡,,
R-HT-209,HT,R-HT-209_猝死是否属意外免赔_要件映射_提炼索引.md,02-提炼/经验卡片/法条解读/R-HT-209_猝死是否属意外免赔_要件映射_提炼索引.md,06-沉淀/合同风险规则库/R-HT-209_猝死是否属意外免赔_要件映射_提炼索引.md,提炼源/指针,,
R-HT-209,HT,R-HT-209-猝死是否属意外免赔.md,06-沉淀/裁判规则库/合同风险/R-HT-209-猝死是否属意外免赔.md,06-沉淀/合同风险规则库/R-HT-209-猝死是否属意外免赔.md,主卡,,
R-HT-210,HT,R-HT-210_医疗费用保险损失补偿_要件映射_提炼索引.md,02-提炼/经验卡片/法条解读/R-HT-210_医疗费用保险损失补偿_要件映射_提炼索引.md,06-沉淀/合同风险规则库/R-HT-210_医疗费用保险损失补偿_要件映射_提炼索引.md,提炼源/指针,,
R-HT-210,HT,R-HT-210-医疗费用保险损失补偿.md,06-沉淀/裁判规则库/合同风险/R-HT-210-医疗费用保险损失补偿.md,06-沉淀/合同风险规则库/R-HT-210-医疗费用保险损失补偿.md,主卡,,
R-HT-211,HT,R-HT-211_雇主意外险与雇主赔偿双赔_要件映射_提炼索引.md,02-提炼/经验卡片/法条解读/R-HT-211_雇主意外险与雇主赔偿双赔_要件映射_提炼索引.md,06-沉淀/合同风险规则库/R-HT-211_雇主意外险与雇主赔偿双赔_要件映射_提炼索引.md,提炼源/指针,,
R-HT-211,HT,R-HT-211-雇主意外险与雇主赔偿双赔.md,06-沉淀/裁判规则库/合同风险/R-HT-211-雇主意外险与雇主赔偿双赔.md,06-沉淀/合同风险规则库/R-HT-211-雇主意外险与雇主赔偿双赔.md,主卡,,
R-HT-212,HT,R-HT-212_团意险与工伤双赔_要件映射_提炼索引.md,02-提炼/经验卡片/法条解读/R-HT-212_团意险与工伤双赔_要件映射_提炼索引.md,06-沉淀/合同风险规则库/R-HT-212_团意险与工伤双赔_要件映射_提炼索引.md,提炼源/指针,,
R-HT-212,HT,R-HT-212-团意险与工伤双赔.md,06-沉淀/裁判规则库/合同风险/R-HT-212-团意险与工伤双赔.md,06-沉淀/合同风险规则库/R-HT-212-团意险与工伤双赔.md,主卡,,
R-HT-213,HT,R-HT-213_雇主责任险与工伤保险_要件映射_提炼索引.md,02-提炼/经验卡片/法条解读/R-HT-213_雇主责任险与工伤保险_要件映射_提炼索引.md,06-沉淀/合同风险规则库/R-HT-213_雇主责任险与工伤保险_要件映射_提炼索引.md,提炼源/指针,,
R-HT-213,HT,R-HT-213-雇主责任险与工伤保险.md,06-沉淀/裁判规则库/合同风险/R-HT-213-雇主责任险与工伤保险.md,06-沉淀/合同风险规则库/R-HT-213-雇主责任险与工伤保险.md,主卡,,
R-HT-214,HT,R-HT-214_意外险金请求权转让_要件映射_提炼索引.md,02-提炼/经验卡片/法条解读/R-HT-214_意外险金请求权转让_要件映射_提炼索引.md,06-沉淀/合同风险规则库/R-HT-214_意外险金请求权转让_要件映射_提炼索引.md,提炼源/指针,,
R-HT-214,HT,R-HT-214-意外险金请求权转让.md,06-沉淀/裁判规则库/合同风险/R-HT-214-意外险金请求权转让.md,06-沉淀/合同风险规则库/R-HT-214-意外险金请求权转让.md,主卡,,
R-HT-215,HT,R-HT-215_责任保险直接给付第三者_要件映射_提炼索引.md,02-提炼/经验卡片/法条解读/R-HT-215_责任保险直接给付第三者_要件映射_提炼索引.md,06-沉淀/合同风险规则库/R-HT-215_责任保险直接给付第三者_要件映射_提炼索引.md,提炼源/指针,,
R-HT-215,HT,R-HT-215-责任保险直接给付第三者.md,06-沉淀/裁判规则库/合同风险/R-HT-215-责任保险直接给付第三者.md,06-沉淀/合同风险规则库/R-HT-215-责任保险直接给付第三者.md,主卡,,
R-HT-216,HT,R-HT-216_寄宿生校方责任险_要件映射_提炼索引.md,02-提炼/经验卡片/法条解读/R-HT-216_寄宿生校方责任险_要件映射_提炼索引.md,06-沉淀/合同风险规则库/R-HT-216_寄宿生校方责任险_要件映射_提炼索引.md,提炼源/指针,,
R-HT-216,HT,R-HT-216-寄宿生校方责任险.md,06-沉淀/裁判规则库/合同风险/R-HT-216-寄宿生校方责任险.md,06-沉淀/合同风险规则库/R-HT-216-寄宿生校方责任险.md,主卡,,
R-HT-217,HT,R-HT-217_代位求偿适用范围_要件映射_提炼索引.md,02-提炼/经验卡片/法条解读/R-HT-217_代位求偿适用范围_要件映射_提炼索引.md,06-沉淀/合同风险规则库/R-HT-217_代位求偿适用范围_要件映射_提炼索引.md,提炼源/指针,,
R-HT-217,HT,R-HT-217-代位求偿适用范围.md,06-沉淀/裁判规则库/合同风险/R-HT-217-代位求偿适用范围.md,06-沉淀/合同风险规则库/R-HT-217-代位求偿适用范围.md,主卡,,
R-HT-218,HT,R-HT-218_处分行为对代位影响_要件映射_提炼索引.md,02-提炼/经验卡片/法条解读/R-HT-218_处分行为对代位影响_要件映射_提炼索引.md,06-沉淀/合同风险规则库/R-HT-218_处分行为对代位影响_要件映射_提炼索引.md,提炼源/指针,,
R-HT-218,HT,R-HT-218-处分行为对代位影响.md,06-沉淀/裁判规则库/合同风险/R-HT-218-处分行为对代位影响.md,06-沉淀/合同风险规则库/R-HT-218-处分行为对代位影响.md,主卡,,
R-HT-219,HT,R-HT-219_第三者生效裁判后代位_要件映射_提炼索引.md,02-提炼/经验卡片/法条解读/R-HT-219_第三者生效裁判后代位_要件映射_提炼索引.md,06-沉淀/合同风险规则库/R-HT-219_第三者生效裁判后代位_要件映射_提炼索引.md,提炼源/指针,,
R-HT-219,HT,R-HT-219-第三者生效裁判后代位.md,06-沉淀/裁判规则库/合同风险/R-HT-219-第三者生效裁判后代位.md,06-沉淀/合同风险规则库/R-HT-219-第三者生效裁判后代位.md,主卡,,
R-HT-220,HT,R-HT-220_挂靠运输公司代位_要件映射_提炼索引.md,02-提炼/经验卡片/法条解读/R-HT-220_挂靠运输公司代位_要件映射_提炼索引.md,06-沉淀/合同风险规则库/R-HT-220_挂靠运输公司代位_要件映射_提炼索引.md,提炼源/指针,,
R-HT-220,HT,R-HT-220-挂靠运输公司代位.md,06-沉淀/裁判规则库/合同风险/R-HT-220-挂靠运输公司代位.md,06-沉淀/合同风险规则库/R-HT-220-挂靠运输公司代位.md,主卡,,
R-HT-221,HT,R-HT-221_机动车与非机动车代位_要件映射_提炼索引.md,02-提炼/经验卡片/法条解读/R-HT-221_机动车与非机动车代位_要件映射_提炼索引.md,06-沉淀/合同风险规则库/R-HT-221_机动车与非机动车代位_要件映射_提炼索引.md,提炼源/指针,,
R-HT-221,HT,R-HT-221-机动车与非机动车代位.md,06-沉淀/裁判规则库/合同风险/R-HT-221-机动车与非机动车代位.md,06-沉淀/合同风险规则库/R-HT-221-机动车与非机动车代位.md,主卡,,
R-HT-222,HT,R-HT-222_重复保险处理_要件映射_提炼索引.md,02-提炼/经验卡片/法条解读/R-HT-222_重复保险处理_要件映射_提炼索引.md,06-沉淀/合同风险规则库/R-HT-222_重复保险处理_要件映射_提炼索引.md,提炼源/指针,,
R-HT-222,HT,R-HT-222-重复保险处理.md,06-沉淀/裁判规则库/合同风险/R-HT-222-重复保险处理.md,06-沉淀/合同风险规则库/R-HT-222-重复保险处理.md,主卡,,
R-HT-223,HT,R-HT-223_超额保险处理_要件映射_提炼索引.md,02-提炼/经验卡片/法条解读/R-HT-223_超额保险处理_要件映射_提炼索引.md,06-沉淀/合同风险规则库/R-HT-223_超额保险处理_要件映射_提炼索引.md,提炼源/指针,,
R-HT-223,HT,R-HT-223-超额保险处理.md,06-沉淀/裁判规则库/合同风险/R-HT-223-超额保险处理.md,06-沉淀/合同风险规则库/R-HT-223-超额保险处理.md,主卡,,
R-HT-224,HT,R-HT-224_顺风车危险程度显著增加_要件映射_提炼索引.md,02-提炼/经验卡片/法条解读/R-HT-224_顺风车危险程度显著增加_要件映射_提炼索引.md,06-沉淀/合同风险规则库/R-HT-224_顺风车危险程度显著增加_要件映射_提炼索引.md,提炼源/指针,,
R-HT-224,HT,R-HT-224-顺风车危险程度显著增加.md,06-沉淀/裁判规则库/合同风险/R-HT-224-顺风车危险程度显著增加.md,06-沉淀/合同风险规则库/R-HT-224-顺风车危险程度显著增加.md,主卡,,
R-HT-225,HT,R-HT-225_非营业货车营运用途_要件映射_提炼索引.md,02-提炼/经验卡片/法条解读/R-HT-225_非营业货车营运用途_要件映射_提炼索引.md,06-沉淀/合同风险规则库/R-HT-225_非营业货车营运用途_要件映射_提炼索引.md,提炼源/指针,,
R-HT-225,HT,R-HT-225-非营业货车营运用途.md,06-沉淀/裁判规则库/合同风险/R-HT-225-非营业货车营运用途.md,06-沉淀/合同风险规则库/R-HT-225-非营业货车营运用途.md,主卡,,
R-HT-226,HT,R-HT-226_寿险解除现金价值退还_要件映射_提炼索引.md,02-提炼/经验卡片/法条解读/R-HT-226_寿险解除现金价值退还_要件映射_提炼索引.md,06-沉淀/合同风险规则库/R-HT-226_寿险解除现金价值退还_要件映射_提炼索引.md,提炼源/指针,,
R-HT-226,HT,R-HT-226-寿险解除现金价值退还.md,06-沉淀/裁判规则库/合同风险/R-HT-226-寿险解除现金价值退还.md,06-沉淀/合同风险规则库/R-HT-226-寿险解除现金价值退还.md,主卡,,
R-HT-227,HT,R-HT-227_物流责任险增值税扣除_要件映射_提炼索引.md,02-提炼/经验卡片/法条解读/R-HT-227_物流责任险增值税扣除_要件映射_提炼索引.md,06-沉淀/合同风险规则库/R-HT-227_物流责任险增值税扣除_要件映射_提炼索引.md,提炼源/指针,,
R-HT-227,HT,R-HT-227-物流责任险增值税扣除.md,06-沉淀/裁判规则库/合同风险/R-HT-227-物流责任险增值税扣除.md,06-沉淀/合同风险规则库/R-HT-227-物流责任险增值税扣除.md,主卡,,
R-HT-228,HT,R-HT-228_资金占用损失与间接损失_要件映射_提炼索引.md,02-提炼/经验卡片/法条解读/R-HT-228_资金占用损失与间接损失_要件映射_提炼索引.md,06-沉淀/合同风险规则库/R-HT-228_资金占用损失与间接损失_要件映射_提炼索引.md,提炼源/指针,,
R-HT-228,HT,R-HT-228-资金占用损失与间接损失.md,06-沉淀/裁判规则库/合同风险/R-HT-228-资金占用损失与间接损失.md,06-沉淀/合同风险规则库/R-HT-228-资金占用损失与间接损失.md,主卡,,
R-HT-229,HT,R-HT-229_诉前自行委托鉴定认定_要件映射_提炼索引.md,02-提炼/经验卡片/法条解读/R-HT-229_诉前自行委托鉴定认定_要件映射_提炼索引.md,06-沉淀/合同风险规则库/R-HT-229_诉前自行委托鉴定认定_要件映射_提炼索引.md,提炼源/指针,,
R-HT-229,HT,R-HT-229-诉前自行委托鉴定认定.md,06-沉淀/裁判规则库/合同风险/R-HT-229-诉前自行委托鉴定认定.md,06-沉淀/合同风险规则库/R-HT-229-诉前自行委托鉴定认定.md,主卡,,
R-HT-230,HT,R-HT-230_鉴定费用分担_要件映射_提炼索引.md,02-提炼/经验卡片/法条解读/R-HT-230_鉴定费用分担_要件映射_提炼索引.md,06-沉淀/合同风险规则库/R-HT-230_鉴定费用分担_要件映射_提炼索引.md,提炼源/指针,,
R-HT-230,HT,R-HT-230-鉴定费用分担.md,06-沉淀/裁判规则库/合同风险/R-HT-230-鉴定费用分担.md,06-沉淀/合同风险规则库/R-HT-230-鉴定费用分担.md,主卡,,
R-HT-231,HT,R-HT-231_票据支付货款的新债清偿与双重支付风险_要件映射_提炼索引.md,02-提炼/经验卡片/法条解读/R-HT-231_票据支付货款的新债清偿与双重支付风险_要件映射_提炼索引.md,06-沉淀/合同风险规则库/R-HT-231_票据支付货款的新债清偿与双重支付风险_要件映射_提炼索引.md,提炼源/指针,,
R-HT-231,HT,R-HT-231-票据支付货款的新债清偿与双重支付风险.md,06-沉淀/裁判规则库/合同风险/R-HT-231-票据支付货款的新债清偿与双重支付风险.md,06-沉淀/合同风险规则库/R-HT-231-票据支付货款的新债清偿与双重支付风险.md,主卡,,
R-HT-232,HT,R-HT-232_买受人检验期限与质量异议抗辩边界_要件映射_提炼索引.md,02-提炼/经验卡片/法条解读/R-HT-232_买受人检验期限与质量异议抗辩边界_要件映射_提炼索引.md,06-沉淀/合同风险规则库/R-HT-232_买受人检验期限与质量异议抗辩边界_要件映射_提炼索引.md,提炼源/指针,,
R-HT-232,HT,R-HT-232-买受人检验期限与质量异议抗辩边界.md,06-沉淀/裁判规则库/合同风险/R-HT-232-买受人检验期限与质量异议抗辩边界.md,06-沉淀/合同风险规则库/R-HT-232-买受人检验期限与质量异议抗辩边界.md,主卡,,
R-HT-233,HT,R-HT-233-法律尽职调查核心模块与报告出具实务要点.md,02-提炼/IMA回补笔记/2026-09-07/R-HT-233-法律尽职调查核心模块与报告出具实务要点.md,06-沉淀/合同风险规则库/R-HT-233-法律尽职调查核心模块与报告出具实务要点.md,提炼源/指针,,
R-HT-233,HT,R-HT-233-法律尽职调查核心模块与报告出具实务要点.md,06-沉淀/裁判规则库/合同风险/R-HT-233-法律尽职调查核心模块与报告出具实务要点.md,06-沉淀/合同风险规则库/R-HT-233-法律尽职调查核心模块与报告出具实务要点.md,主卡,,
R-HT-234,HT,R-HT-234-买卖合同详细版模板的风险控制要点.md,02-提炼/IMA回补笔记/2026-09-07/R-HT-234-买卖合同详细版模板的风险控制要点.md,06-沉淀/合同风险规则库/R-HT-234-买卖合同详细版模板的风险控制要点.md,提炼源/指针,,
R-HT-234,HT,R-HT-234-买卖合同详细版模板的风险控制要点.md,06-沉淀/裁判规则库/合同风险/R-HT-234-买卖合同详细版模板的风险控制要点.md,06-沉淀/合同风险规则库/R-HT-234-买卖合同详细版模板的风险控制要点.md,主卡,,
R-HT-235,HT,R-HT-235-劳动合同无固定期限模板的订立与解除红线.md,02-提炼/IMA回补笔记/2026-09-07/R-HT-235-劳动合同无固定期限模板的订立与解除红线.md,06-沉淀/合同风险规则库/R-HT-235-劳动合同无固定期限模板的订立与解除红线.md,提炼源/指针,,
R-HT-235,HT,R-HT-235-劳动合同无固定期限模板的订立与解除红线.md,06-沉淀/裁判规则库/合同风险/R-HT-235-劳动合同无固定期限模板的订立与解除红线.md,06-沉淀/合同风险规则库/R-HT-235-劳动合同无固定期限模板的订立与解除红线.md,主卡,,
R-HT-236,HT,R-HT-236-请求权基础与法条竞合数分野总览鉴定式.md,06-沉淀/裁判规则库/合同风险/R-HT-236-请求权基础与法条竞合数分野总览鉴定式.md,06-沉淀/合同风险规则库/R-HT-236-请求权基础与法条竞合数分野总览鉴定式.md,主卡,,
R-HT-237,HT,R-HT-237-违约与侵权竞合民法典186条鉴定式择一行使.md,06-沉淀/裁判规则库/合同风险/R-HT-237-违约与侵权竞合民法典186条鉴定式择一行使.md,06-沉淀/合同风险规则库/R-HT-237-违约与侵权竞合民法典186条鉴定式择一行使.md,主卡,,
R-HT-238,HT,R-HT-238-责任聚合可并用救济鉴定式.md,06-沉淀/裁判规则库/合同风险/R-HT-238-责任聚合可并用救济鉴定式.md,06-沉淀/合同风险规则库/R-HT-238-责任聚合可并用救济鉴定式.md,主卡,,
R-HT-239,HT,R-HT-239-择一行使的程序法与实体法效果186条落地.md,06-沉淀/裁判规则库/合同风险/R-HT-239-择一行使的程序法与实体法效果186条落地.md,06-沉淀/合同风险规则库/R-HT-239-择一行使的程序法与实体法效果186条落地.md,主卡,,
R-HT-240,HT,R-HT-240-合同违约金调整的30%量化锚点.md,06-沉淀/裁判规则库/合同风险/R-HT-240-合同违约金调整的30%量化锚点.md,06-沉淀/合同风险规则库/R-HT-240-合同违约金调整的30%量化锚点.md,主卡,,
R-HT-241,HT,R-HT-241-精神损害抚慰金酌定量化锚点.md,06-沉淀/裁判规则库/合同风险/R-HT-241-精神损害抚慰金酌定量化锚点.md,06-沉淀/合同风险规则库/R-HT-241-精神损害抚慰金酌定量化锚点.md,主卡,,
R-HT-242,HT,R-HT-242-惩罚性赔偿量化锚点.md,06-沉淀/裁判规则库/合同风险/R-HT-242-惩罚性赔偿量化锚点.md,06-沉淀/合同风险规则库/R-HT-242-惩罚性赔偿量化锚点.md,主卡,,
R-HT-243,HT,R-HT-243-合同相对性与实际买受人突破例外.md,06-沉淀/裁判规则库/合同风险/R-HT-243-合同相对性与实际买受人突破例外.md,06-沉淀/合同风险规则库/R-HT-243-合同相对性与实际买受人突破例外.md,主卡,,
R-HT-244,HT,R-HT-244-买卖合同检验期限与质量异议抗辩边界-2026-09-09.md,06-沉淀/裁判规则库/合同风险/R-HT-244-买卖合同检验期限与质量异议抗辩边界-2026-09-09.md,06-沉淀/合同风险规则库/R-HT-244-买卖合同检验期限与质量异议抗辩边界-2026-09-09.md,主卡,,
R-HT-245,HT,R-HT-245-委托代付协议结构性风险与受托方免责边界.md,06-沉淀/裁判规则库/合同风险/R-HT-245-委托代付协议结构性风险与受托方免责边界.md,06-沉淀/合同风险规则库/R-HT-245-委托代付协议结构性风险与受托方免责边界.md,主卡,,
R-HT-246,HT,R-HT-246-民间借贷分期偿还十一条风险红线与裁判规则.md,06-沉淀/裁判规则库/合同风险/R-HT-246-民间借贷分期偿还十一条风险红线与裁判规则.md,06-沉淀/合同风险规则库/R-HT-246-民间借贷分期偿还十一条风险红线与裁判规则.md,主卡,,
R-HT-247,HT,R-HT-247-著作权代理合同结构性风险与裁判要点.md,06-沉淀/裁判规则库/合同风险/R-HT-247-著作权代理合同结构性风险与裁判要点.md,06-沉淀/合同风险规则库/R-HT-247-著作权代理合同结构性风险与裁判要点.md,主卡,,
R-HT-248,HT,R-HT-248-格式条款提示说明义务未履行不成为合同内容.md,06-沉淀/裁判规则库/合同风险/R-HT-248-格式条款提示说明义务未履行不成为合同内容.md,06-沉淀/合同风险规则库/R-HT-248-格式条款提示说明义务未履行不成为合同内容.md,主卡,,
R-HT-249,HT,R-HT-249-买卖合同纠纷举证责任分配与质量异议期攻防.md,06-沉淀/裁判规则库/证据规则/R-HT-249-买卖合同纠纷举证责任分配与质量异议期攻防.md,06-沉淀/合同风险规则库/R-HT-249-买卖合同纠纷举证责任分配与质量异议期攻防.md,主卡,,
R-HT-250,HT,R-HT-250-买卖合同价款支付争议专用证据规则.md,06-沉淀/裁判规则库/证据规则/R-HT-250-买卖合同价款支付争议专用证据规则.md,06-沉淀/合同风险规则库/R-HT-250-买卖合同价款支付争议专用证据规则.md,主卡,,
R-HT-251,HT,R-HT-251-所有权保留与分期付款买卖取证要点.md,06-沉淀/裁判规则库/证据规则/R-HT-251-所有权保留与分期付款买卖取证要点.md,06-沉淀/合同风险规则库/R-HT-251-所有权保留与分期付款买卖取证要点.md,主卡,,
R-HT-252,HT,R-HT-252-买卖合同标的物交付与风险转移证据规则.md,06-沉淀/裁判规则库/证据规则/R-HT-252-买卖合同标的物交付与风险转移证据规则.md,06-沉淀/合同风险规则库/R-HT-252-买卖合同标的物交付与风险转移证据规则.md,主卡,,
R-HT-253,HT,R-HT-253-样品买卖与试用买卖举证要点.md,06-沉淀/裁判规则库/证据规则/R-HT-253-样品买卖与试用买卖举证要点.md,06-沉淀/合同风险规则库/R-HT-253-样品买卖与试用买卖举证要点.md,主卡,,
R-HT-254,HT,R-HT-254-合同相对性实际交易方认定.md,06-沉淀/裁判规则库/合同风险/R-HT-254-合同相对性实际交易方认定.md,06-沉淀/合同风险规则库/R-HT-254-合同相对性实际交易方认定.md,主卡,,
R-HT-255,HT,R-HT-255-学校食堂委托管理服务合同食安合规与转包红线.md,06-沉淀/裁判规则库/合同风险/R-HT-255-学校食堂委托管理服务合同食安合规与转包红线.md,06-沉淀/合同风险规则库/R-HT-255-学校食堂委托管理服务合同食安合规与转包红线.md,主卡,,
R-HT-256,HT,R-HT-256-网络推广服务合同分包禁止与效果举证风险.md,06-沉淀/裁判规则库/合同风险/R-HT-256-网络推广服务合同分包禁止与效果举证风险.md,06-沉淀/合同风险规则库/R-HT-256-网络推广服务合同分包禁止与效果举证风险.md,主卡,,
R-HT-257,HT,R-HT-257-增资入股先确权后出资与回购连带保证.md,06-沉淀/裁判规则库/合同风险/R-HT-257-增资入股先确权后出资与回购连带保证.md,06-沉淀/合同风险规则库/R-HT-257-增资入股先确权后出资与回购连带保证.md,主卡,,
R-HT-258,HT,R-HT-258-定作设备质量不达标致合同目的落空构成根本违约.md,06-沉淀/裁判规则库/合同风险/R-HT-258-定作设备质量不达标致合同目的落空构成根本违约.md,06-沉淀/合同风险规则库/R-HT-258-定作设备质量不达标致合同目的落空构成根本违约.md,主卡,,
R-HT-259,HT,R-HT-259-保证合同成立与保证方式举证.md,06-沉淀/裁判规则库/证据规则/R-HT-259-保证合同成立与保证方式举证.md,06-沉淀/合同风险规则库/R-HT-259-保证合同成立与保证方式举证.md,主卡,,
R-HT-260,HT,R-HT-260-保证期间与保证责任范围举证.md,06-沉淀/裁判规则库/证据规则/R-HT-260-保证期间与保证责任范围举证.md,06-沉淀/合同风险规则库/R-HT-260-保证期间与保证责任范围举证.md,主卡,,
R-HT-261,HT,R-HT-261-物保与人保并存（混合担保）清偿顺序与追偿举证.md,06-沉淀/裁判规则库/证据规则/R-HT-261-物保与人保并存（混合担保）清偿顺序与追偿举证.md,06-沉淀/合同风险规则库/R-HT-261-物保与人保并存（混合担保）清偿顺序与追偿举证.md,主卡,,
R-HT-262,HT,R-HT-262-主合同变更与债权转让对保证责任影响举证.md,06-沉淀/裁判规则库/证据规则/R-HT-262-主合同变更与债权转让对保证责任影响举证.md,06-沉淀/合同风险规则库/R-HT-262-主合同变更与债权转让对保证责任影响举证.md,主卡,,
R-HT-263,HT,R-HT-263-借贷合意与款项交付举证.md,06-沉淀/裁判规则库/证据规则/R-HT-263-借贷合意与款项交付举证.md,06-沉淀/合同风险规则库/R-HT-263-借贷合意与款项交付举证.md,主卡,,
R-HT-264,HT,R-HT-264-利息约定与上限及逾期举证.md,06-沉淀/裁判规则库/证据规则/R-HT-264-利息约定与上限及逾期举证.md,06-沉淀/合同风险规则库/R-HT-264-利息约定与上限及逾期举证.md,主卡,,
R-HT-265,HT,R-HT-265-夫妻共同债务举证.md,06-沉淀/裁判规则库/证据规则/R-HT-265-夫妻共同债务举证.md,06-沉淀/合同风险规则库/R-HT-265-夫妻共同债务举证.md,主卡,,
R-HT-266,HT,R-HT-266-租赁关系成立与交付举证.md,06-沉淀/裁判规则库/证据规则/R-HT-266-租赁关系成立与交付举证.md,06-沉淀/合同风险规则库/R-HT-266-租赁关系成立与交付举证.md,主卡,,
R-HT-267,HT,R-HT-267-租金支付与维修义务举证.md,06-沉淀/裁判规则库/证据规则/R-HT-267-租金支付与维修义务举证.md,06-沉淀/合同风险规则库/R-HT-267-租金支付与维修义务举证.md,主卡,,
R-HT-268,HT,R-HT-268-违约解除与转租优先购买权举证.md,06-沉淀/裁判规则库/证据规则/R-HT-268-违约解除与转租优先购买权举证.md,06-沉淀/合同风险规则库/R-HT-268-违约解除与转租优先购买权举证.md,主卡,,
R-HT-269,HT,R-HT-269-定金数额20%上限锚点.md,06-沉淀/裁判规则库/合同风险/R-HT-269-定金数额20%上限锚点.md,06-沉淀/合同风险规则库/R-HT-269-定金数额20%上限锚点.md,主卡,,
R-HT-270,HT,R-HT-270-买卖合同瑕疵减价数额计算锚点.md,06-沉淀/裁判规则库/合同风险/R-HT-270-买卖合同瑕疵减价数额计算锚点.md,06-沉淀/合同风险规则库/R-HT-270-买卖合同瑕疵减价数额计算锚点.md,主卡,,
R-HT-271,HT,R-HT-271-逾期付款利息酌定锚点.md,06-沉淀/裁判规则库/合同风险/R-HT-271-逾期付款利息酌定锚点.md,06-沉淀/合同风险规则库/R-HT-271-逾期付款利息酌定锚点.md,主卡,,
R-HT-272,HT,R-HT-272-合同审核四大思维与十大要点.md,06-沉淀/裁判规则库/合同风险/R-HT-272-合同审核四大思维与十大要点.md,06-沉淀/合同风险规则库/R-HT-272-合同审核四大思维与十大要点.md,主卡,,
R-HT-273,HT,R-HT-273-定制服务合同审查要点.md,06-沉淀/裁判规则库/合同风险/R-HT-273-定制服务合同审查要点.md,06-沉淀/合同风险规则库/R-HT-273-定制服务合同审查要点.md,主卡,,
R-HT-274,HT,R-HT-274-商标许可使用合同审查要点.md,06-沉淀/裁判规则库/合同风险/R-HT-274-商标许可使用合同审查要点.md,06-沉淀/合同风险规则库/R-HT-274-商标许可使用合同审查要点.md,主卡,,
R-HT-275,HT,R-HT-275-买卖合同检验期限过短仅视为外观瑕疵异议期的裁判规则.md,06-沉淀/裁判规则库/合同风险/R-HT-275-买卖合同检验期限过短仅视为外观瑕疵异议期的裁判规则.md,06-沉淀/合同风险规则库/R-HT-275-买卖合同检验期限过短仅视为外观瑕疵异议期的裁判规则.md,主卡,,
R-HT-276,HT,R-HT-276-买卖合同检验期限过短仅视为外观瑕疵异议期.md,06-沉淀/裁判规则库/合同风险/R-HT-276-买卖合同检验期限过短仅视为外观瑕疵异议期.md,06-沉淀/合同风险规则库/R-HT-276-买卖合同检验期限过短仅视为外观瑕疵异议期.md,主卡,,
R-HT-278,HT,R-HT-278-法条竞合排斥型鉴定式特别法优位与排斥适用.md,06-沉淀/裁判规则库/合同风险/R-HT-278-法条竞合排斥型鉴定式特别法优位与排斥适用.md,06-沉淀/合同风险规则库/R-HT-278-法条竞合排斥型鉴定式特别法优位与排斥适用.md,主卡,,
R-HT-279,HT,R-HT-279-三分式区分标准卡目的同一性与位阶测试鉴定式.md,06-沉淀/裁判规则库/合同风险/R-HT-279-三分式区分标准卡目的同一性与位阶测试鉴定式.md,06-沉淀/合同风险规则库/R-HT-279-三分式区分标准卡目的同一性与位阶测试鉴定式.md,主卡,,
R-HT-280,HT,R-HT-280-承揽合同质量瑕疵减价抗辩与绿色原则限制退货退款.md,06-沉淀/裁判规则库/合同风险/R-HT-280-承揽合同质量瑕疵减价抗辩与绿色原则限制退货退款.md,06-沉淀/合同风险规则库/R-HT-280-承揽合同质量瑕疵减价抗辩与绿色原则限制退货退款.md,主卡,,
R-HT-281,HT,R-HT-281-加害给付瑕疵履行致加害的认定鉴定式.md,06-沉淀/裁判规则库/合同风险/R-HT-281-加害给付瑕疵履行致加害的认定鉴定式.md,06-沉淀/合同风险规则库/R-HT-281-加害给付瑕疵履行致加害的认定鉴定式.md,主卡,,
R-HT-282,HT,R-HT-282-合同欺诈特别法优位案型深拆对齐R-HT-278.md,06-沉淀/裁判规则库/合同风险/R-HT-282-合同欺诈特别法优位案型深拆对齐R-HT-278.md,06-沉淀/合同风险规则库/R-HT-282-合同欺诈特别法优位案型深拆对齐R-HT-278.md,主卡,,
R-HT-283,HT,R-HT-283-履行不能根本违约鉴定式违约责任救济分野与竞合边界.md,06-沉淀/裁判规则库/合同风险/R-HT-283-履行不能根本违约鉴定式违约责任救济分野与竞合边界.md,06-沉淀/合同风险规则库/R-HT-283-履行不能根本违约鉴定式违约责任救济分野与竞合边界.md,主卡,,
R-HT-284,HT,R-HT-284-缔约过失第500条深拆与合同欺诈撤销路径对照鉴定式.md,06-沉淀/裁判规则库/合同风险/R-HT-284-缔约过失第500条深拆与合同欺诈撤销路径对照鉴定式.md,06-沉淀/合同风险规则库/R-HT-284-缔约过失第500条深拆与合同欺诈撤销路径对照鉴定式.md,主卡,,
R-HT-285,HT,R-HT-285-履行迟延与瑕疵履行细分鉴定式违约形态与救济竞合边界.md,06-沉淀/裁判规则库/合同风险/R-HT-285-履行迟延与瑕疵履行细分鉴定式违约形态与救济竞合边界.md,06-沉淀/合同风险规则库/R-HT-285-履行迟延与瑕疵履行细分鉴定式违约形态与救济竞合边界.md,主卡,,
R-HT-286,HT,R-HT-286-违约金酌减实务第585条第2款鉴定式.md,06-沉淀/裁判规则库/合同风险/R-HT-286-违约金酌减实务第585条第2款鉴定式.md,06-沉淀/合同风险规则库/R-HT-286-违约金酌减实务第585条第2款鉴定式.md,主卡,,
R-HT-287,HT,R-HT-287-预约合同第495条专题鉴定式缔约阶段责任与竞合边界.md,06-沉淀/裁判规则库/合同风险/R-HT-287-预约合同第495条专题鉴定式缔约阶段责任与竞合边界.md,06-沉淀/合同风险规则库/R-HT-287-预约合同第495条专题鉴定式缔约阶段责任与竞合边界.md,主卡,,
R-HT-288,HT,R-HT-288-买卖合同质量异议期与检验期限过短仅及外观瑕疵.md,06-沉淀/裁判规则库/合同风险/R-HT-288-买卖合同质量异议期与检验期限过短仅及外观瑕疵.md,06-沉淀/合同风险规则库/R-HT-288-买卖合同质量异议期与检验期限过短仅及外观瑕疵.md,主卡,,
R-HT-289,HT,R-HT-289-不当得利「没有法律根据」要件举证责任分配规则.md,06-沉淀/裁判规则库/证据规则/R-HT-289-不当得利「没有法律根据」要件举证责任分配规则.md,06-沉淀/合同风险规则库/R-HT-289-不当得利「没有法律根据」要件举证责任分配规则.md,主卡,,
R-HT-290,HT,R-HT-290-不当得利善意得利人「利益不存在」免责举证证据规则.md,06-沉淀/裁判规则库/证据规则/R-HT-290-不当得利善意得利人「利益不存在」免责举证证据规则.md,06-沉淀/合同风险规则库/R-HT-290-不当得利善意得利人「利益不存在」免责举证证据规则.md,主卡,,
R-HT-291,HT,R-HT-291-不当得利利益无偿转让第三人返还义务举证证据规则.md,06-沉淀/裁判规则库/证据规则/R-HT-291-不当得利利益无偿转让第三人返还义务举证证据规则.md,06-沉淀/合同风险规则库/R-HT-291-不当得利利益无偿转让第三人返还义务举证证据规则.md,主卡,,
R-HT-292,HT,R-HT-292-无因管理成立要件举证责任分配规则.md,06-沉淀/裁判规则库/证据规则/R-HT-292-无因管理成立要件举证责任分配规则.md,06-沉淀/合同风险规则库/R-HT-292-无因管理成立要件举证责任分配规则.md,主卡,,
R-HT-293,HT,R-HT-293-管理人适当管理义务与损害赔偿责任举证规则.md,06-沉淀/裁判规则库/证据规则/R-HT-293-管理人适当管理义务与损害赔偿责任举证规则.md,06-沉淀/合同风险规则库/R-HT-293-管理人适当管理义务与损害赔偿责任举证规则.md,主卡,,
R-HT-294,HT,R-HT-294-无因管理必要费用偿还与本人债务举证规则.md,06-沉淀/裁判规则库/证据规则/R-HT-294-无因管理必要费用偿还与本人债务举证规则.md,06-沉淀/合同风险规则库/R-HT-294-无因管理必要费用偿还与本人债务举证规则.md,主卡,,
R-HT-295,HT,R-HT-295-保管合同举证规则.md,06-沉淀/裁判规则库/证据规则/R-HT-295-保管合同举证规则.md,06-沉淀/合同风险规则库/R-HT-295-保管合同举证规则.md,主卡,,
R-HT-296,HT,R-HT-296-委托合同举证规则.md,06-沉淀/裁判规则库/证据规则/R-HT-296-委托合同举证规则.md,06-沉淀/合同风险规则库/R-HT-296-委托合同举证规则.md,主卡,,
R-HT-297,HT,R-HT-297-合伙中介行纪合同举证规则.md,06-沉淀/裁判规则库/证据规则/R-HT-297-合伙中介行纪合同举证规则.md,06-沉淀/合同风险规则库/R-HT-297-合伙中介行纪合同举证规则.md,主卡,,
R-HT-298,HT,R-HT-298-合同相对性与实际买受人识别规则.md,06-沉淀/裁判规则库/合同风险/R-HT-298-合同相对性与实际买受人识别规则.md,06-沉淀/合同风险规则库/R-HT-298-合同相对性与实际买受人识别规则.md,主卡,,
(缺失),PI,R-PI-397.md,03-连接/概念页/R-PI-397.md,06-沉淀/人伤法域库/R-PI-397.md,概念页指针,是,
(缺失),PI,R-PI-202-民法典1218条医疗损害责任.md,03-连接/概念页/R-PI-202-民法典1218条医疗损害责任.md,06-沉淀/人伤法域库/R-PI-202-民法典1218条医疗损害责任.md,概念页指针,是,
(缺失),PI,R-PI-146.md,03-连接/概念页/R-PI-146.md,06-沉淀/人伤法域库/R-PI-146.md,概念页指针,是,
(缺失),PI,R-PI-286.md,03-连接/概念页/R-PI-286.md,06-沉淀/人伤法域库/R-PI-286.md,概念页指针,是,
(缺失),PI,R-PI-172.md,03-连接/概念页/R-PI-172.md,06-沉淀/人伤法域库/R-PI-172.md,概念页指针,是,
(缺失),PI,R-PI-210.md,03-连接/概念页/R-PI-210.md,06-沉淀/人伤法域库/R-PI-210.md,概念页指针,是,
(缺失),PI,R-PI-133.md,03-连接/概念页/R-PI-133.md,06-沉淀/人伤法域库/R-PI-133.md,概念页指针,是,
(缺失),PI,R-PI-059-医疗损害过错推定与病历瑕疵攻防边界.md,03-连接/概念页/R-PI-059-医疗损害过错推定与病历瑕疵攻防边界.md,06-沉淀/人伤法域库/R-PI-059-医疗损害过错推定与病历瑕疵攻防边界.md,概念页指针,是,
(缺失),PI,R-PI-252-医疗事故罪的严重不负责任与鉴定意见证据地位.md,03-连接/概念页/R-PI-252-医疗事故罪的严重不负责任与鉴定意见证据地位.md,06-沉淀/人伤法域库/R-PI-252-医疗事故罪的严重不负责任与鉴定意见证据地位.md,概念页指针,是,
(缺失),PI,R-PI-245.md,03-连接/概念页/R-PI-245.md,06-沉淀/人伤法域库/R-PI-245.md,概念页指针,是,
(缺失),PI,R-PI-282.md,03-连接/概念页/R-PI-282.md,06-沉淀/人伤法域库/R-PI-282.md,概念页指针,是,
(缺失),PI,R-PI-393.md,03-连接/概念页/R-PI-393.md,06-沉淀/人伤法域库/R-PI-393.md,概念页指针,是,
(缺失),PI,R-PI-142.md,03-连接/概念页/R-PI-142.md,06-沉淀/人伤法域库/R-PI-142.md,概念页指针,是,
(缺失),PI,R-PI-220.md,03-连接/概念页/R-PI-220.md,06-沉淀/人伤法域库/R-PI-220.md,概念页指针,是,
(缺失),PI,R-PI-092-禁止饲养烈性犬等危险动物致害绝对责任.md,03-连接/概念页/R-PI-092-禁止饲养烈性犬等危险动物致害绝对责任.md,06-沉淀/人伤法域库/R-PI-092-禁止饲养烈性犬等危险动物致害绝对责任.md,概念页指针,是,
(缺失),PI,R-PI-195.md,03-连接/概念页/R-PI-195.md,06-沉淀/人伤法域库/R-PI-195.md,概念页指针,是,
(缺失),PI,R-PI-284-产品缺陷因运输者仓储者等第三人过错生产者销售者赔偿后追偿.md,03-连接/概念页/R-PI-284-产品缺陷因运输者仓储者等第三人过错生产者销售者赔偿后追偿.md,06-沉淀/人伤法域库/R-PI-284-产品缺陷因运输者仓储者等第三人过错生产者销售者赔偿后追偿.md,概念页指针,是,
(缺失),PI,R-PI-137.md,03-连接/概念页/R-PI-137.md,06-沉淀/人伤法域库/R-PI-137.md,概念页指针,是,
(缺失),PI,R-PI-194-病历书写不规范不当然推定过错成立.md,03-连接/概念页/R-PI-194-病历书写不规范不当然推定过错成立.md,06-沉淀/人伤法域库/R-PI-194-病历书写不规范不当然推定过错成立.md,概念页指针,是,
(缺失),PI,R-PI-244.md,03-连接/概念页/R-PI-244.md,06-沉淀/人伤法域库/R-PI-244.md,概念页指针,是,
(缺失),PI,R-PI-215.md,03-连接/概念页/R-PI-215.md,06-沉淀/人伤法域库/R-PI-215.md,概念页指针,是,
(缺失),PI,R-PI-381-医疗纠纷新形势与预防.md,03-连接/概念页/R-PI-381-医疗纠纷新形势与预防.md,06-沉淀/人伤法域库/R-PI-381-医疗纠纷新形势与预防.md,概念页指针,是,
(缺失),PI,R-PI-283.md,03-连接/概念页/R-PI-283.md,06-沉淀/人伤法域库/R-PI-283.md,概念页指针,是,
(缺失),PI,R-PI-392.md,03-连接/概念页/R-PI-392.md,06-沉淀/人伤法域库/R-PI-392.md,概念页指针,是,
(缺失),PI,R-PI-143.md,03-连接/概念页/R-PI-143.md,06-沉淀/人伤法域库/R-PI-143.md,概念页指针,是,
(缺失),PI,R-PI-221.md,03-连接/概念页/R-PI-221.md,06-沉淀/人伤法域库/R-PI-221.md,概念页指针,是,
(缺失),PI,R-PI-214-开门杀事故中车内人员开门行为的过错认定.md,03-连接/概念页/R-PI-214-开门杀事故中车内人员开门行为的过错认定.md,06-沉淀/人伤法域库/R-PI-214-开门杀事故中车内人员开门行为的过错认定.md,概念页指针,是,
(缺失),PI,R-PI-383-医院法治建设嵌入质控行风纠纷三路径.md,03-连接/概念页/R-PI-383-医院法治建设嵌入质控行风纠纷三路径.md,06-沉淀/人伤法域库/R-PI-383-医院法治建设嵌入质控行风纠纷三路径.md,概念页指针,是,
(缺失),PI,R-PI-205.md,03-连接/概念页/R-PI-205.md,06-沉淀/人伤法域库/R-PI-205.md,概念页指针,是,
(缺失),PI,R-PI-194.md,03-连接/概念页/R-PI-194.md,06-沉淀/人伤法域库/R-PI-194.md,概念页指针,是,
(缺失),PI,R-PI-136.md,03-连接/概念页/R-PI-136.md,06-沉淀/人伤法域库/R-PI-136.md,概念页指针,是,
(缺失),PI,R-PI-043-挂靠车辆运营致害挂靠人与被挂靠人连带责任.md,03-连接/概念页/R-PI-043-挂靠车辆运营致害挂靠人与被挂靠人连带责任.md,06-沉淀/人伤法域库/R-PI-043-挂靠车辆运营致害挂靠人与被挂靠人连带责任.md,概念页指针,是,
(缺失),PI,R-PI-241-未投保交强险投保义务人限额内共同赔偿.md,03-连接/概念页/R-PI-241-未投保交强险投保义务人限额内共同赔偿.md,06-沉淀/人伤法域库/R-PI-241-未投保交强险投保义务人限额内共同赔偿.md,概念页指针,是,
(缺失),PI,R-PI-396.md,03-连接/概念页/R-PI-396.md,06-沉淀/人伤法域库/R-PI-396.md,概念页指针,是,
(缺失),PI,R-PI-147.md,03-连接/概念页/R-PI-147.md,06-沉淀/人伤法域库/R-PI-147.md,概念页指针,是,
(缺失),PI,R-PI-225.md,03-连接/概念页/R-PI-225.md,06-沉淀/人伤法域库/R-PI-225.md,概念页指针,是,
(缺失),PI,R-PI-173.md,03-连接/概念页/R-PI-173.md,06-沉淀/人伤法域库/R-PI-173.md,概念页指针,是,
(缺失),PI,R-PI-211.md,03-连接/概念页/R-PI-211.md,06-沉淀/人伤法域库/R-PI-211.md,概念页指针,是,
(缺失),PI,R-PI-129.md,03-连接/概念页/R-PI-129.md,06-沉淀/人伤法域库/R-PI-129.md,概念页指针,是,
(缺失),PI,R-PI-157 医疗告知义务代签规则.md,03-连接/概念页/R-PI-157 医疗告知义务代签规则.md,06-沉淀/人伤法域库/R-PI-157 医疗告知义务代签规则.md,概念页指针,是,
(缺失),PI,R-PI-139.md,03-连接/概念页/R-PI-139.md,06-沉淀/人伤法域库/R-PI-139.md,概念页指针,是,
(缺失),PI,R-PI-283-未经许可进入高度危险区域受损害管理人尽充分安全措施与警示可减责免责.md,03-连接/概念页/R-PI-283-未经许可进入高度危险区域受损害管理人尽充分安全措施与警示可减责免责.md,06-沉淀/人伤法域库/R-PI-283-未经许可进入高度危险区域受损害管理人尽充分安全措施与警示可减责免责.md,概念页指针,是,
(缺失),PI,R-PI-288.md,03-连接/概念页/R-PI-288.md,06-沉淀/人伤法域库/R-PI-288.md,概念页指针,是,
(缺失),PI,R-PI-195-机动车与行人非机动车同责赔偿超五成及交强险优先.md,03-连接/概念页/R-PI-195-机动车与行人非机动车同责赔偿超五成及交强险优先.md,06-沉淀/人伤法域库/R-PI-195-机动车与行人非机动车同责赔偿超五成及交强险优先.md,概念页指针,是,
(缺失),PI,R-PI-046-个人之间劳务受害按双方过错分担.md,03-连接/概念页/R-PI-046-个人之间劳务受害按双方过错分担.md,06-沉淀/人伤法域库/R-PI-046-个人之间劳务受害按双方过错分担.md,概念页指针,是,
(缺失),PI,R-PI-255-未投保交强险投保义务人共同赔偿侵权编解释一第21条.md,03-连接/概念页/R-PI-255-未投保交强险投保义务人共同赔偿侵权编解释一第21条.md,06-沉淀/人伤法域库/R-PI-255-未投保交强险投保义务人共同赔偿侵权编解释一第21条.md,概念页指针,是,
(缺失),PI,R-PI-034-交通事故特殊体质不扣减.md,03-连接/概念页/R-PI-034-交通事故特殊体质不扣减.md,06-沉淀/人伤法域库/R-PI-034-交通事故特殊体质不扣减.md,概念页指针,是,
(缺失),PI,R-PI-036-医保工伤基金已付医疗费不得重复主张.md,03-连接/概念页/R-PI-036-医保工伤基金已付医疗费不得重复主张.md,06-沉淀/人伤法域库/R-PI-036-医保工伤基金已付医疗费不得重复主张.md,概念页指针,是,
(缺失),PI,R-PI-255-未投保交强险时投保义务人与侵权人的共同赔偿责任.md,03-连接/概念页/R-PI-255-未投保交强险时投保义务人与侵权人的共同赔偿责任.md,06-沉淀/人伤法域库/R-PI-255-未投保交强险时投保义务人与侵权人的共同赔偿责任.md,概念页指针,是,
(缺失),PI,R-PI-158.md,03-连接/概念页/R-PI-158.md,06-沉淀/人伤法域库/R-PI-158.md,概念页指针,是,
(缺失),PI,R-PI-091-饲养动物致害无过错责任一般规则.md,03-连接/概念页/R-PI-091-饲养动物致害无过错责任一般规则.md,06-沉淀/人伤法域库/R-PI-091-饲养动物致害无过错责任一般规则.md,概念页指针,是,
(缺失),PI,R-PI-289.md,03-连接/概念页/R-PI-289.md,06-沉淀/人伤法域库/R-PI-289.md,概念页指针,是,
(缺失),PI,R-PI-398.md,03-连接/概念页/R-PI-398.md,06-沉淀/人伤法域库/R-PI-398.md,概念页指针,是,
(缺失),PI,R-PI-213-医疗过错原因力比例与损害赔偿责任划分.md,03-连接/概念页/R-PI-213-医疗过错原因力比例与损害赔偿责任划分.md,06-沉淀/人伤法域库/R-PI-213-医疗过错原因力比例与损害赔偿责任划分.md,概念页指针,是,
(缺失),PI,R-PI-240-医疗事故罪严重不负责任与鉴定意见证据地位.md,03-连接/概念页/R-PI-240-医疗事故罪严重不负责任与鉴定意见证据地位.md,06-沉淀/人伤法域库/R-PI-240-医疗事故罪严重不负责任与鉴定意见证据地位.md,概念页指针,是,
(缺失),PI,R-PI-285-产品投入流通后发现缺陷未采取补救措施致损害扩大连带责任.md,03-连接/概念页/R-PI-285-产品投入流通后发现缺陷未采取补救措施致损害扩大连带责任.md,06-沉淀/人伤法域库/R-PI-285-产品投入流通后发现缺陷未采取补救措施致损害扩大连带责任.md,概念页指针,是,
(缺失),PI,R-PI-033-医疗损害未尸检责任比例.md,03-连接/概念页/R-PI-033-医疗损害未尸检责任比例.md,06-沉淀/人伤法域库/R-PI-033-医疗损害未尸检责任比例.md,概念页指针,是,
(缺失),PI,R-PI-159.md,03-连接/概念页/R-PI-159.md,06-沉淀/人伤法域库/R-PI-159.md,概念页指针,是,
(缺失),PI,R-PI-201-民法典1192条个人劳务.md,03-连接/概念页/R-PI-201-民法典1192条个人劳务.md,06-沉淀/人伤法域库/R-PI-201-民法典1192条个人劳务.md,概念页指针,是,
(缺失),PI,R-PI-254-医疗损害鉴定原因力区间司法采信与以鉴代审否定.md,03-连接/概念页/R-PI-254-医疗损害鉴定原因力区间司法采信与以鉴代审否定.md,06-沉淀/人伤法域库/R-PI-254-医疗损害鉴定原因力区间司法采信与以鉴代审否定.md,概念页指针,是,
(缺失),PI,R-PI-286-教育机构内受第三人人身损害未尽管理职责相应补充责任与追偿.md,03-连接/概念页/R-PI-286-教育机构内受第三人人身损害未尽管理职责相应补充责任与追偿.md,06-沉淀/人伤法域库/R-PI-286-教育机构内受第三人人身损害未尽管理职责相应补充责任与追偿.md,概念页指针,是,
(缺失),PI,R-PI-148-医院加插已封存病历系篡改推定过错致鉴定不能承担全部责任.md,03-连接/概念页/R-PI-148-医院加插已封存病历系篡改推定过错致鉴定不能承担全部责任.md,06-沉淀/人伤法域库/R-PI-148-医院加插已封存病历系篡改推定过错致鉴定不能承担全部责任.md,概念页指针,是,
(缺失),PI,R-PI-058-民事侵权正当防卫免责.md,03-连接/概念页/R-PI-058-民事侵权正当防卫免责.md,06-沉淀/人伤法域库/R-PI-058-民事侵权正当防卫免责.md,概念页指针,是,
(缺失),PI,R-PI-138.md,03-连接/概念页/R-PI-138.md,06-沉淀/人伤法域库/R-PI-138.md,概念页指针,是,
(缺失),PI,R-PI-281-林木折断倾倒果实坠落致害林木所有人管理人过错推定.md,03-连接/概念页/R-PI-281-林木折断倾倒果实坠落致害林木所有人管理人过错推定.md,06-沉淀/人伤法域库/R-PI-281-林木折断倾倒果实坠落致害林木所有人管理人过错推定.md,概念页指针,是,
(缺失),PI,R-PI-288-电子病历封存与操作日志取证实务边界.md,03-连接/概念页/R-PI-288-电子病历封存与操作日志取证实务边界.md,06-沉淀/人伤法域库/R-PI-288-电子病历封存与操作日志取证实务边界.md,概念页指针,是,
(缺失),PI,R-PI-190-急诊PCI过错医疗损害责任.md,03-连接/概念页/R-PI-190-急诊PCI过错医疗损害责任.md,06-沉淀/人伤法域库/R-PI-190-急诊PCI过错医疗损害责任.md,概念页指针,是,
(缺失),PI,R-PI-031-限制类医疗技术未备案加重赔偿.md,03-连接/概念页/R-PI-031-限制类医疗技术未备案加重赔偿.md,06-沉淀/人伤法域库/R-PI-031-限制类医疗技术未备案加重赔偿.md,概念页指针,是,
(缺失),PI,R-PI-280-堆放物倒塌滚落滑落致害堆放人过错推定.md,03-连接/概念页/R-PI-280-堆放物倒塌滚落滑落致害堆放人过错推定.md,06-沉淀/人伤法域库/R-PI-280-堆放物倒塌滚落滑落致害堆放人过错推定.md,概念页指针,是,
(缺失),PI,R-PI-218.md,03-连接/概念页/R-PI-218.md,06-沉淀/人伤法域库/R-PI-218.md,概念页指针,是,
(缺失),PI,R-PI-199-民法典1165条过错侵权责任.md,03-连接/概念页/R-PI-199-民法典1165条过错侵权责任.md,06-沉淀/人伤法域库/R-PI-199-民法典1165条过错侵权责任.md,概念页指针,是,
(缺失),PI,R-PI-055-未投保交强险投保义务人与侵权人限额内共同赔偿.md,03-连接/概念页/R-PI-055-未投保交强险投保义务人与侵权人限额内共同赔偿.md,06-沉淀/人伤法域库/R-PI-055-未投保交强险投保义务人与侵权人限额内共同赔偿.md,概念页指针,是,
(缺失),PI,R-PI-208.md,03-连接/概念页/R-PI-208.md,06-沉淀/人伤法域库/R-PI-208.md,概念页指针,是,
(缺失),PI,R-PI-205-病历管理规定与医疗合规.md,03-连接/概念页/R-PI-205-病历管理规定与医疗合规.md,06-沉淀/人伤法域库/R-PI-205-病历管理规定与医疗合规.md,概念页指针,是,
(缺失),PI,R-PI-287-微信私聊问诊的诊疗行为定性与非合规风险边界.md,03-连接/概念页/R-PI-287-微信私聊问诊的诊疗行为定性与非合规风险边界.md,06-沉淀/人伤法域库/R-PI-287-微信私聊问诊的诊疗行为定性与非合规风险边界.md,概念页指针,是,
(缺失),PI,R-PI-282-公共道路堆放倾倒遗撒妨碍通行致害行为人责任与道路管理人相应责任.md,03-连接/概念页/R-PI-282-公共道路堆放倾倒遗撒妨碍通行致害行为人责任与道路管理人相应责任.md,06-沉淀/人伤法域库/R-PI-282-公共道路堆放倾倒遗撒妨碍通行致害行为人责任与道路管理人相应责任.md,概念页指针,是,
(缺失),PI,R-PI-219.md,03-连接/概念页/R-PI-219.md,06-沉淀/人伤法域库/R-PI-219.md,概念页指针,是,
(缺失),PI,R-PI-078-知情同意告知义务违反的责任构成与举证.md,03-连接/概念页/R-PI-078-知情同意告知义务违反的责任构成与举证.md,06-沉淀/人伤法域库/R-PI-078-知情同意告知义务违反的责任构成与举证.md,概念页指针,是,
(缺失),PI,R-PI-209.md,03-连接/概念页/R-PI-209.md,06-沉淀/人伤法域库/R-PI-209.md,概念页指针,是,
(缺失),PI,R-PI-048-连环买卖未过户机动车原车主不担责.md,03-连接/概念页/R-PI-048-连环买卖未过户机动车原车主不担责.md,06-沉淀/人伤法域库/R-PI-048-连环买卖未过户机动车原车主不担责.md,概念页指针,是,
(缺失),PI,R-PI-254-以鉴代审否定与重新鉴定门槛.md,03-连接/概念页/R-PI-254-以鉴代审否定与重新鉴定门槛.md,06-沉淀/人伤法域库/R-PI-254-以鉴代审否定与重新鉴定门槛.md,概念页指针,是,
(缺失),PI,R-PI-047-义务帮工人受害被帮工人责任.md,03-连接/概念页/R-PI-047-义务帮工人受害被帮工人责任.md,06-沉淀/人伤法域库/R-PI-047-义务帮工人受害被帮工人责任.md,概念页指针,是,
(缺失),PI,R-PI-200-民法典1191条劳务派遣用人者责任.md,03-连接/概念页/R-PI-200-民法典1191条劳务派遣用人者责任.md,06-沉淀/人伤法域库/R-PI-200-民法典1191条劳务派遣用人者责任.md,概念页指针,是,
(缺失),PI,R-PI-194-鉴定退回与推定过错的边界.md,03-连接/概念页/R-PI-194-鉴定退回与推定过错的边界.md,06-沉淀/人伤法域库/R-PI-194-鉴定退回与推定过错的边界.md,概念页指针,是,
(缺失),PI,R-PI-216.md,03-连接/概念页/R-PI-216.md,06-沉淀/人伤法域库/R-PI-216.md,概念页指针,是,
(缺失),PI,R-PI-174.md,03-连接/概念页/R-PI-174.md,06-沉淀/人伤法域库/R-PI-174.md,概念页指针,是,
(缺失),PI,R-PI-222.md,03-连接/概念页/R-PI-222.md,06-沉淀/人伤法域库/R-PI-222.md,概念页指针,是,
(缺失),PI,R-PI-391.md,03-连接/概念页/R-PI-391.md,06-沉淀/人伤法域库/R-PI-391.md,概念页指针,是,
(缺失),PI,R-PI-140.md,03-连接/概念页/R-PI-140.md,06-沉淀/人伤法域库/R-PI-140.md,概念页指针,是,
(缺失),PI,R-PI-280.md,03-连接/概念页/R-PI-280.md,06-沉淀/人伤法域库/R-PI-280.md,概念页指针,是,
(缺失),PI,R-PI-093-遗弃逃逸动物致害原饲养人管理人担责.md,03-连接/概念页/R-PI-093-遗弃逃逸动物致害原饲养人管理人担责.md,06-沉淀/人伤法域库/R-PI-093-遗弃逃逸动物致害原饲养人管理人担责.md,概念页指针,是,
(缺失),PI,R-PI-135.md,03-连接/概念页/R-PI-135.md,06-沉淀/人伤法域库/R-PI-135.md,概念页指针,是,
(缺失),PI,R-PI-206.md,03-连接/概念页/R-PI-206.md,06-沉淀/人伤法域库/R-PI-206.md,概念页指针,是,
(缺失),PI,R-PI-226.md,03-连接/概念页/R-PI-226.md,06-沉淀/人伤法域库/R-PI-226.md,概念页指针,是,
(缺失),PI,R-PI-094-被监护人致害监护人替代责任.md,03-连接/概念页/R-PI-094-被监护人致害监护人替代责任.md,06-沉淀/人伤法域库/R-PI-094-被监护人致害监护人替代责任.md,概念页指针,是,
(缺失),PI,R-PI-284.md,03-连接/概念页/R-PI-284.md,06-沉淀/人伤法域库/R-PI-284.md,概念页指针,是,
(缺失),PI,R-PI-395.md,03-连接/概念页/R-PI-395.md,06-沉淀/人伤法域库/R-PI-395.md,概念页指针,是,
(缺失),PI,R-PI-144.md,03-连接/概念页/R-PI-144.md,06-沉淀/人伤法域库/R-PI-144.md,概念页指针,是,
(缺失),PI,R-PI-243.md,03-连接/概念页/R-PI-243.md,06-沉淀/人伤法域库/R-PI-243.md,概念页指针,是,
(缺失),PI,R-PI-212.md,03-连接/概念页/R-PI-212.md,06-沉淀/人伤法域库/R-PI-212.md,概念页指针,是,
(缺失),PI,R-PI-382-医调委全流程指南.md,03-连接/概念页/R-PI-382-医调委全流程指南.md,06-沉淀/人伤法域库/R-PI-382-医调委全流程指南.md,概念页指针,是,
(缺失),PI,R-PI-131.md,03-连接/概念页/R-PI-131.md,06-沉淀/人伤法域库/R-PI-131.md,概念页指针,是,
(缺失),PI,R-PI-160.md,03-连接/概念页/R-PI-160.md,06-沉淀/人伤法域库/R-PI-160.md,概念页指针,是,
(缺失),PI,R-PI-190-具备介入条件的医院未及时行急诊PCI构成过错按原因力担责.md,03-连接/概念页/R-PI-190-具备介入条件的医院未及时行急诊PCI构成过错按原因力担责.md,06-沉淀/人伤法域库/R-PI-190-具备介入条件的医院未及时行急诊PCI构成过错按原因力担责.md,概念页指针,是,
(缺失),PI,R-PI-367.md,03-连接/概念页/R-PI-367.md,06-沉淀/人伤法域库/R-PI-367.md,概念页指针,是,
(缺失),PI,R-PI-253-未投保交强险投保义务人限额内连带赔偿.md,03-连接/概念页/R-PI-253-未投保交强险投保义务人限额内连带赔偿.md,06-沉淀/人伤法域库/R-PI-253-未投保交强险投保义务人限额内连带赔偿.md,概念页指针,是,
(缺失),PI,R-PI-285.md,03-连接/概念页/R-PI-285.md,06-沉淀/人伤法域库/R-PI-285.md,概念页指针,是,
(缺失),PI,R-PI-394.md,03-连接/概念页/R-PI-394.md,06-沉淀/人伤法域库/R-PI-394.md,概念页指针,是,
(缺失),PI,R-PI-145.md,03-连接/概念页/R-PI-145.md,06-沉淀/人伤法域库/R-PI-145.md,概念页指针,是,
(缺失),PI,R-PI-130.md,03-连接/概念页/R-PI-130.md,06-沉淀/人伤法域库/R-PI-130.md,概念页指针,是,
(缺失),PI,R-PI-203.md,03-连接/概念页/R-PI-203.md,06-沉淀/人伤法域库/R-PI-203.md,概念页指针,是,
(缺失),PI,R-PI-276-医疗美容广告疗效承诺红线.md,03-连接/概念页/R-PI-276-医疗美容广告疗效承诺红线.md,06-沉淀/人伤法域库/R-PI-276-医疗美容广告疗效承诺红线.md,概念页指针,是,
(缺失),PI,R-PI-032-互殴正当防卫认定.md,03-连接/概念页/R-PI-032-互殴正当防卫认定.md,06-沉淀/人伤法域库/R-PI-032-互殴正当防卫认定.md,概念页指针,是,
(缺失),PI,R-PI-179-医疗纠纷卫健委投诉路径匹配.md,03-连接/概念页/R-PI-179-医疗纠纷卫健委投诉路径匹配.md,06-沉淀/人伤法域库/R-PI-179-医疗纠纷卫健委投诉路径匹配.md,概念页指针,是,
(缺失),PI,R-PI-217.md,03-连接/概念页/R-PI-217.md,06-沉淀/人伤法域库/R-PI-217.md,概念页指针,是,
(缺失),PI,R-PI-175.md,03-连接/概念页/R-PI-175.md,06-沉淀/人伤法域库/R-PI-175.md,概念页指针,是,
(缺失),PI,R-PI-289-医疗事故鉴定与医疗损害鉴定的本质区别与裁判适用.md,03-连接/概念页/R-PI-289-医疗事故鉴定与医疗损害鉴定的本质区别与裁判适用.md,06-沉淀/人伤法域库/R-PI-289-医疗事故鉴定与医疗损害鉴定的本质区别与裁判适用.md,概念页指针,是,
(缺失),PI,R-PI-223.md,03-连接/概念页/R-PI-223.md,06-沉淀/人伤法域库/R-PI-223.md,概念页指针,是,
(缺失),PI,R-PI-141.md,03-连接/概念页/R-PI-141.md,06-沉淀/人伤法域库/R-PI-141.md,概念页指针,是,
(缺失),PI,R-PI-281.md,03-连接/概念页/R-PI-281.md,06-沉淀/人伤法域库/R-PI-281.md,概念页指针,是,
(缺失),PI,R-PI-134.md,03-连接/概念页/R-PI-134.md,06-沉淀/人伤法域库/R-PI-134.md,概念页指针,是,
(缺失),PI,R-PI-207.md,03-连接/概念页/R-PI-207.md,06-沉淀/人伤法域库/R-PI-207.md,概念页指针,是,
(缺失),PI,R-PI-248-一次性伤残就业补助金仲裁时效起算.md,02-提炼/人伤法/R-PI-248-一次性伤残就业补助金仲裁时效起算.md,06-沉淀/人伤法域库/R-PI-248-一次性伤残就业补助金仲裁时效起算.md,提炼源/指针,是,
R-PI-001,PI,R-PI-001.md,06-沉淀/裁判规则库/人伤法/R-PI-001.md,06-沉淀/人伤法域库/R-PI-001.md,主卡,,
R-PI-002,PI,R-PI-002.md,06-沉淀/裁判规则库/人伤法/R-PI-002.md,06-沉淀/人伤法域库/R-PI-002.md,主卡,,
R-PI-003,PI,R-PI-003.md,06-沉淀/裁判规则库/人伤法/R-PI-003.md,06-沉淀/人伤法域库/R-PI-003.md,主卡,,
R-PI-004,PI,R-PI-004.md,06-沉淀/裁判规则库/人伤法/R-PI-004.md,06-沉淀/人伤法域库/R-PI-004.md,主卡,,
R-PI-005,PI,R-PI-005.md,06-沉淀/裁判规则库/人伤法/R-PI-005.md,06-沉淀/人伤法域库/R-PI-005.md,主卡,,
R-PI-006,PI,R-PI-006.md,06-沉淀/裁判规则库/人伤法/R-PI-006.md,06-沉淀/人伤法域库/R-PI-006.md,主卡,,
R-PI-007,PI,R-PI-007.md,06-沉淀/裁判规则库/人伤法/R-PI-007.md,06-沉淀/人伤法域库/R-PI-007.md,主卡,,
R-PI-008,PI,R-PI-008.md,06-沉淀/裁判规则库/人伤法/R-PI-008.md,06-沉淀/人伤法域库/R-PI-008.md,主卡,,
R-PI-009,PI,R-PI-009.md,06-沉淀/裁判规则库/人伤法/R-PI-009.md,06-沉淀/人伤法域库/R-PI-009.md,主卡,,
R-PI-010,PI,R-PI-010.md,06-沉淀/裁判规则库/人伤法/R-PI-010.md,06-沉淀/人伤法域库/R-PI-010.md,主卡,,
R-PI-011,PI,R-PI-011.md,06-沉淀/裁判规则库/人伤法/R-PI-011.md,06-沉淀/人伤法域库/R-PI-011.md,主卡,,
R-PI-012,PI,R-PI-012.md,06-沉淀/裁判规则库/人伤法/R-PI-012.md,06-沉淀/人伤法域库/R-PI-012.md,主卡,,
R-PI-013,PI,R-PI-013.md,06-沉淀/裁判规则库/人伤法/R-PI-013.md,06-沉淀/人伤法域库/R-PI-013.md,主卡,,
R-PI-014,PI,R-PI-014.md,06-沉淀/裁判规则库/人伤法/R-PI-014.md,06-沉淀/人伤法域库/R-PI-014.md,主卡,,
R-PI-015,PI,R-PI-015.md,06-沉淀/裁判规则库/人伤法/R-PI-015.md,06-沉淀/人伤法域库/R-PI-015.md,主卡,,
R-PI-016,PI,R-PI-016.md,06-沉淀/裁判规则库/人伤法/R-PI-016.md,06-沉淀/人伤法域库/R-PI-016.md,主卡,,
R-PI-017,PI,R-PI-017.md,06-沉淀/裁判规则库/人伤法/R-PI-017.md,06-沉淀/人伤法域库/R-PI-017.md,主卡,,
R-PI-018,PI,R-PI-018.md,06-沉淀/裁判规则库/人伤法/R-PI-018.md,06-沉淀/人伤法域库/R-PI-018.md,主卡,,
R-PI-019,PI,R-PI-019.md,06-沉淀/裁判规则库/人伤法/R-PI-019.md,06-沉淀/人伤法域库/R-PI-019.md,主卡,,
R-PI-020,PI,R-PI-020.md,06-沉淀/裁判规则库/人伤法/R-PI-020.md,06-沉淀/人伤法域库/R-PI-020.md,主卡,,
R-PI-021,PI,R-PI-021.md,06-沉淀/裁判规则库/人伤法/R-PI-021.md,06-沉淀/人伤法域库/R-PI-021.md,主卡,,
R-PI-022,PI,R-PI-022.md,06-沉淀/裁判规则库/人伤法/R-PI-022.md,06-沉淀/人伤法域库/R-PI-022.md,主卡,,
R-PI-023,PI,R-PI-023.md,06-沉淀/裁判规则库/人伤法/R-PI-023.md,06-沉淀/人伤法域库/R-PI-023.md,主卡,,
R-PI-024,PI,R-PI-024.md,06-沉淀/裁判规则库/人伤法/R-PI-024.md,06-沉淀/人伤法域库/R-PI-024.md,主卡,,
R-PI-025,PI,R-PI-025.md,06-沉淀/裁判规则库/人伤法/R-PI-025.md,06-沉淀/人伤法域库/R-PI-025.md,主卡,,
R-PI-026,PI,R-PI-026.md,06-沉淀/裁判规则库/人伤法/R-PI-026.md,06-沉淀/人伤法域库/R-PI-026.md,主卡,,
R-PI-027,PI,R-PI-027.md,06-沉淀/裁判规则库/人伤法/R-PI-027.md,06-沉淀/人伤法域库/R-PI-027.md,主卡,,
R-PI-028,PI,R-PI-028.md,06-沉淀/裁判规则库/人伤法/R-PI-028.md,06-沉淀/人伤法域库/R-PI-028.md,主卡,,
R-PI-029,PI,R-PI-029.md,06-沉淀/裁判规则库/人伤法/R-PI-029.md,06-沉淀/人伤法域库/R-PI-029.md,主卡,,
R-PI-030,PI,R-PI-030.md,06-沉淀/裁判规则库/人伤法/R-PI-030.md,06-沉淀/人伤法域库/R-PI-030.md,主卡,,
R-PI-031,PI,R-PI-031.md,06-沉淀/裁判规则库/人伤法/R-PI-031.md,06-沉淀/人伤法域库/R-PI-031.md,主卡,,
R-PI-032,PI,R-PI-032.md,06-沉淀/裁判规则库/人伤法/R-PI-032.md,06-沉淀/人伤法域库/R-PI-032.md,主卡,,
R-PI-033,PI,R-PI-033.md,06-沉淀/裁判规则库/人伤法/R-PI-033.md,06-沉淀/人伤法域库/R-PI-033.md,主卡,,
R-PI-034,PI,R-PI-034.md,06-沉淀/裁判规则库/人伤法/R-PI-034.md,06-沉淀/人伤法域库/R-PI-034.md,主卡,,
R-PI-035,PI,R-PI-035.md,06-沉淀/裁判规则库/人伤法/R-PI-035.md,06-沉淀/人伤法域库/R-PI-035.md,主卡,,
R-PI-036,PI,R-PI-036.md,06-沉淀/裁判规则库/人伤法/R-PI-036.md,06-沉淀/人伤法域库/R-PI-036.md,主卡,,
R-PI-037,PI,R-PI-037.md,06-沉淀/裁判规则库/人伤法/R-PI-037.md,06-沉淀/人伤法域库/R-PI-037.md,主卡,,
R-PI-038,PI,R-PI-038.md,06-沉淀/裁判规则库/人伤法/R-PI-038.md,06-沉淀/人伤法域库/R-PI-038.md,主卡,,
R-PI-039,PI,R-PI-039.md,06-沉淀/裁判规则库/人伤法/R-PI-039.md,06-沉淀/人伤法域库/R-PI-039.md,主卡,,
R-PI-040,PI,R-PI-040.md,06-沉淀/裁判规则库/人伤法/R-PI-040.md,06-沉淀/人伤法域库/R-PI-040.md,主卡,,
R-PI-041,PI,R-PI-041.md,06-沉淀/裁判规则库/人伤法/R-PI-041.md,06-沉淀/人伤法域库/R-PI-041.md,主卡,,
R-PI-042,PI,R-PI-042.md,06-沉淀/裁判规则库/人伤法/R-PI-042.md,06-沉淀/人伤法域库/R-PI-042.md,主卡,,
R-PI-043,PI,R-PI-043.md,06-沉淀/裁判规则库/人伤法/R-PI-043.md,06-沉淀/人伤法域库/R-PI-043.md,主卡,,
R-PI-044,PI,R-PI-044.md,06-沉淀/裁判规则库/人伤法/R-PI-044.md,06-沉淀/人伤法域库/R-PI-044.md,主卡,,
R-PI-045,PI,R-PI-045.md,06-沉淀/裁判规则库/人伤法/R-PI-045.md,06-沉淀/人伤法域库/R-PI-045.md,主卡,,
R-PI-046,PI,R-PI-046.md,06-沉淀/裁判规则库/人伤法/R-PI-046.md,06-沉淀/人伤法域库/R-PI-046.md,主卡,,
R-PI-047,PI,R-PI-047.md,06-沉淀/裁判规则库/人伤法/R-PI-047.md,06-沉淀/人伤法域库/R-PI-047.md,主卡,,
R-PI-048,PI,R-PI-048.md,06-沉淀/裁判规则库/人伤法/R-PI-048.md,06-沉淀/人伤法域库/R-PI-048.md,主卡,,
R-PI-049,PI,R-PI-049.md,06-沉淀/裁判规则库/人伤法/R-PI-049.md,06-沉淀/人伤法域库/R-PI-049.md,主卡,,
R-PI-050,PI,R-PI-050.md,06-沉淀/裁判规则库/人伤法/R-PI-050.md,06-沉淀/人伤法域库/R-PI-050.md,主卡,,
R-PI-051,PI,R-PI-051.md,06-沉淀/裁判规则库/人伤法/R-PI-051.md,06-沉淀/人伤法域库/R-PI-051.md,主卡,,
R-PI-052,PI,R-PI-052.md,06-沉淀/裁判规则库/人伤法/R-PI-052.md,06-沉淀/人伤法域库/R-PI-052.md,主卡,,
R-PI-053,PI,R-PI-053.md,06-沉淀/裁判规则库/人伤法/R-PI-053.md,06-沉淀/人伤法域库/R-PI-053.md,主卡,,
R-PI-054,PI,R-PI-054.md,06-沉淀/裁判规则库/人伤法/R-PI-054.md,06-沉淀/人伤法域库/R-PI-054.md,主卡,,
R-PI-055,PI,R-PI-055.md,06-沉淀/裁判规则库/人伤法/R-PI-055.md,06-沉淀/人伤法域库/R-PI-055.md,主卡,,
R-PI-056,PI,R-PI-056.md,06-沉淀/裁判规则库/人伤法/R-PI-056.md,06-沉淀/人伤法域库/R-PI-056.md,主卡,,
R-PI-057,PI,R-PI-057.md,06-沉淀/裁判规则库/人伤法/R-PI-057.md,06-沉淀/人伤法域库/R-PI-057.md,主卡,,
R-PI-058,PI,R-PI-058.md,06-沉淀/裁判规则库/人伤法/R-PI-058.md,06-沉淀/人伤法域库/R-PI-058.md,主卡,,
R-PI-059,PI,R-PI-059.md,06-沉淀/裁判规则库/人伤法/R-PI-059.md,06-沉淀/人伤法域库/R-PI-059.md,主卡,,
R-PI-060,PI,R-PI-060.md,06-沉淀/裁判规则库/人伤法/R-PI-060.md,06-沉淀/人伤法域库/R-PI-060.md,主卡,,
R-PI-061,PI,R-PI-061.md,06-沉淀/裁判规则库/人伤法/R-PI-061.md,06-沉淀/人伤法域库/R-PI-061.md,主卡,,
R-PI-062,PI,R-PI-062.md,06-沉淀/裁判规则库/人伤法/R-PI-062.md,06-沉淀/人伤法域库/R-PI-062.md,主卡,,
R-PI-063,PI,R-PI-063.md,06-沉淀/裁判规则库/人伤法/R-PI-063.md,06-沉淀/人伤法域库/R-PI-063.md,主卡,,
R-PI-064,PI,R-PI-064.md,06-沉淀/裁判规则库/人伤法/R-PI-064.md,06-沉淀/人伤法域库/R-PI-064.md,主卡,,
R-PI-065,PI,R-PI-065.md,06-沉淀/裁判规则库/人伤法/R-PI-065.md,06-沉淀/人伤法域库/R-PI-065.md,主卡,,
R-PI-066,PI,R-PI-066.md,06-沉淀/裁判规则库/人伤法/R-PI-066.md,06-沉淀/人伤法域库/R-PI-066.md,主卡,,
R-PI-067,PI,R-PI-067.md,06-沉淀/裁判规则库/人伤法/R-PI-067.md,06-沉淀/人伤法域库/R-PI-067.md,主卡,,
R-PI-068,PI,R-PI-068.md,06-沉淀/裁判规则库/人伤法/R-PI-068.md,06-沉淀/人伤法域库/R-PI-068.md,主卡,,
R-PI-069,PI,R-PI-069.md,06-沉淀/裁判规则库/人伤法/R-PI-069.md,06-沉淀/人伤法域库/R-PI-069.md,主卡,,
R-PI-070,PI,R-PI-070.md,06-沉淀/裁判规则库/人伤法/R-PI-070.md,06-沉淀/人伤法域库/R-PI-070.md,主卡,,
R-PI-071,PI,R-PI-071.md,06-沉淀/裁判规则库/人伤法/R-PI-071.md,06-沉淀/人伤法域库/R-PI-071.md,主卡,,
R-PI-072,PI,R-PI-072.md,06-沉淀/裁判规则库/人伤法/R-PI-072.md,06-沉淀/人伤法域库/R-PI-072.md,主卡,,
R-PI-073,PI,R-PI-073.md,06-沉淀/裁判规则库/人伤法/R-PI-073.md,06-沉淀/人伤法域库/R-PI-073.md,主卡,,
R-PI-074,PI,R-PI-074.md,06-沉淀/裁判规则库/人伤法/R-PI-074.md,06-沉淀/人伤法域库/R-PI-074.md,主卡,,
R-PI-075,PI,R-PI-075.md,06-沉淀/裁判规则库/人伤法/R-PI-075.md,06-沉淀/人伤法域库/R-PI-075.md,主卡,,
R-PI-076,PI,R-PI-076.md,06-沉淀/裁判规则库/人伤法/R-PI-076.md,06-沉淀/人伤法域库/R-PI-076.md,主卡,,
R-PI-077,PI,R-PI-077.md,06-沉淀/裁判规则库/人伤法/R-PI-077.md,06-沉淀/人伤法域库/R-PI-077.md,主卡,,
R-PI-078,PI,R-PI-078.md,06-沉淀/裁判规则库/人伤法/R-PI-078.md,06-沉淀/人伤法域库/R-PI-078.md,主卡,,
R-PI-079,PI,R-PI-079.md,06-沉淀/裁判规则库/人伤法/R-PI-079.md,06-沉淀/人伤法域库/R-PI-079.md,主卡,,
R-PI-080,PI,R-PI-080.md,06-沉淀/裁判规则库/人伤法/R-PI-080.md,06-沉淀/人伤法域库/R-PI-080.md,主卡,,
R-PI-081,PI,R-PI-081.md,06-沉淀/裁判规则库/人伤法/R-PI-081.md,06-沉淀/人伤法域库/R-PI-081.md,主卡,,
R-PI-082,PI,R-PI-082.md,06-沉淀/裁判规则库/人伤法/R-PI-082.md,06-沉淀/人伤法域库/R-PI-082.md,主卡,,
R-PI-083,PI,R-PI-083.md,06-沉淀/裁判规则库/人伤法/R-PI-083.md,06-沉淀/人伤法域库/R-PI-083.md,主卡,,
R-PI-084,PI,R-PI-084.md,06-沉淀/裁判规则库/人伤法/R-PI-084.md,06-沉淀/人伤法域库/R-PI-084.md,主卡,,
R-PI-085,PI,R-PI-085.md,06-沉淀/裁判规则库/人伤法/R-PI-085.md,06-沉淀/人伤法域库/R-PI-085.md,主卡,,
R-PI-086,PI,R-PI-086.md,06-沉淀/裁判规则库/人伤法/R-PI-086.md,06-沉淀/人伤法域库/R-PI-086.md,主卡,,
R-PI-087,PI,R-PI-087.md,06-沉淀/裁判规则库/人伤法/R-PI-087.md,06-沉淀/人伤法域库/R-PI-087.md,主卡,,
R-PI-088,PI,R-PI-088.md,06-沉淀/裁判规则库/人伤法/R-PI-088.md,06-沉淀/人伤法域库/R-PI-088.md,主卡,,
R-PI-089,PI,R-PI-089.md,06-沉淀/裁判规则库/人伤法/R-PI-089.md,06-沉淀/人伤法域库/R-PI-089.md,主卡,,
R-PI-090,PI,R-PI-090.md,06-沉淀/裁判规则库/人伤法/R-PI-090.md,06-沉淀/人伤法域库/R-PI-090.md,主卡,,
R-PI-091,PI,R-PI-091.md,06-沉淀/裁判规则库/人伤法/R-PI-091.md,06-沉淀/人伤法域库/R-PI-091.md,主卡,,
R-PI-092,PI,R-PI-092.md,06-沉淀/裁判规则库/人伤法/R-PI-092.md,06-沉淀/人伤法域库/R-PI-092.md,主卡,,
R-PI-093,PI,R-PI-093.md,06-沉淀/裁判规则库/人伤法/R-PI-093.md,06-沉淀/人伤法域库/R-PI-093.md,主卡,,
R-PI-094,PI,R-PI-094.md,06-沉淀/裁判规则库/人伤法/R-PI-094.md,06-沉淀/人伤法域库/R-PI-094.md,主卡,,
R-PI-095,PI,R-PI-095.md,06-沉淀/裁判规则库/人伤法/R-PI-095.md,06-沉淀/人伤法域库/R-PI-095.md,主卡,,
R-PI-096,PI,R-PI-096.md,06-沉淀/裁判规则库/人伤法/R-PI-096.md,06-沉淀/人伤法域库/R-PI-096.md,主卡,,
R-PI-097,PI,R-PI-097.md,06-沉淀/裁判规则库/人伤法/R-PI-097.md,06-沉淀/人伤法域库/R-PI-097.md,主卡,,
R-PI-098,PI,R-PI-098.md,06-沉淀/裁判规则库/人伤法/R-PI-098.md,06-沉淀/人伤法域库/R-PI-098.md,主卡,,
R-PI-099,PI,R-PI-099.md,06-沉淀/裁判规则库/人伤法/R-PI-099.md,06-沉淀/人伤法域库/R-PI-099.md,主卡,,
R-PI-100,PI,R-PI-100.md,06-沉淀/裁判规则库/人伤法/R-PI-100.md,06-沉淀/人伤法域库/R-PI-100.md,主卡,,
R-PI-101,PI,R-PI-101.md,06-沉淀/裁判规则库/人伤法/R-PI-101.md,06-沉淀/人伤法域库/R-PI-101.md,主卡,,
R-PI-102,PI,R-PI-102.md,06-沉淀/裁判规则库/人伤法/R-PI-102.md,06-沉淀/人伤法域库/R-PI-102.md,主卡,,
R-PI-103,PI,R-PI-103.md,06-沉淀/裁判规则库/人伤法/R-PI-103.md,06-沉淀/人伤法域库/R-PI-103.md,主卡,,
R-PI-104,PI,R-PI-104.md,06-沉淀/裁判规则库/人伤法/R-PI-104.md,06-沉淀/人伤法域库/R-PI-104.md,主卡,,
R-PI-105,PI,R-PI-105.md,06-沉淀/裁判规则库/人伤法/R-PI-105.md,06-沉淀/人伤法域库/R-PI-105.md,主卡,,
R-PI-106,PI,R-PI-106.md,06-沉淀/裁判规则库/人伤法/R-PI-106.md,06-沉淀/人伤法域库/R-PI-106.md,主卡,,
R-PI-107,PI,R-PI-107.md,06-沉淀/裁判规则库/人伤法/R-PI-107.md,06-沉淀/人伤法域库/R-PI-107.md,主卡,,
R-PI-108,PI,R-PI-108.md,06-沉淀/裁判规则库/人伤法/R-PI-108.md,06-沉淀/人伤法域库/R-PI-108.md,主卡,,
R-PI-109,PI,R-PI-109.md,06-沉淀/裁判规则库/人伤法/R-PI-109.md,06-沉淀/人伤法域库/R-PI-109.md,主卡,,
R-PI-110,PI,R-PI-110.md,06-沉淀/裁判规则库/人伤法/R-PI-110.md,06-沉淀/人伤法域库/R-PI-110.md,主卡,,
R-PI-111,PI,R-PI-111.md,06-沉淀/裁判规则库/人伤法/R-PI-111.md,06-沉淀/人伤法域库/R-PI-111.md,主卡,,
R-PI-112,PI,R-PI-112.md,06-沉淀/裁判规则库/人伤法/R-PI-112.md,06-沉淀/人伤法域库/R-PI-112.md,主卡,,
R-PI-113,PI,R-PI-113.md,06-沉淀/裁判规则库/人伤法/R-PI-113.md,06-沉淀/人伤法域库/R-PI-113.md,主卡,,
R-PI-114,PI,R-PI-114.md,06-沉淀/裁判规则库/人伤法/R-PI-114.md,06-沉淀/人伤法域库/R-PI-114.md,主卡,,
R-PI-115,PI,R-PI-115.md,06-沉淀/裁判规则库/人伤法/R-PI-115.md,06-沉淀/人伤法域库/R-PI-115.md,主卡,,
R-PI-116,PI,R-PI-116.md,06-沉淀/裁判规则库/人伤法/R-PI-116.md,06-沉淀/人伤法域库/R-PI-116.md,主卡,,
R-PI-117,PI,R-PI-117.md,06-沉淀/裁判规则库/人伤法/R-PI-117.md,06-沉淀/人伤法域库/R-PI-117.md,主卡,,
R-PI-118,PI,R-PI-118.md,06-沉淀/裁判规则库/人伤法/R-PI-118.md,06-沉淀/人伤法域库/R-PI-118.md,主卡,,
R-PI-119,PI,R-PI-119.md,06-沉淀/裁判规则库/人伤法/R-PI-119.md,06-沉淀/人伤法域库/R-PI-119.md,主卡,,
R-PI-120,PI,R-PI-120.md,06-沉淀/裁判规则库/人伤法/R-PI-120.md,06-沉淀/人伤法域库/R-PI-120.md,主卡,,
R-PI-121,PI,R-PI-121.md,06-沉淀/裁判规则库/人伤法/R-PI-121.md,06-沉淀/人伤法域库/R-PI-121.md,主卡,,
R-PI-122,PI,R-PI-122.md,06-沉淀/裁判规则库/人伤法/R-PI-122.md,06-沉淀/人伤法域库/R-PI-122.md,主卡,,
R-PI-123,PI,R-PI-123.md,06-沉淀/裁判规则库/人伤法/R-PI-123.md,06-沉淀/人伤法域库/R-PI-123.md,主卡,,
R-PI-124,PI,R-PI-124.md,06-沉淀/裁判规则库/人伤法/R-PI-124.md,06-沉淀/人伤法域库/R-PI-124.md,主卡,,
R-PI-125,PI,R-PI-125.md,06-沉淀/裁判规则库/人伤法/R-PI-125.md,06-沉淀/人伤法域库/R-PI-125.md,主卡,,
R-PI-126,PI,R-PI-126.md,06-沉淀/裁判规则库/人伤法/R-PI-126.md,06-沉淀/人伤法域库/R-PI-126.md,主卡,,
R-PI-127,PI,R-PI-127.md,06-沉淀/裁判规则库/人伤法/R-PI-127.md,06-沉淀/人伤法域库/R-PI-127.md,主卡,,
R-PI-128,PI,R-PI-128.md,06-沉淀/裁判规则库/人伤法/R-PI-128.md,06-沉淀/人伤法域库/R-PI-128.md,主卡,,
R-PI-129,PI,R-PI-129-未尸检不影响鉴定意见效力法院在原因力范围内酌定责任比例.md,06-沉淀/裁判规则库/人伤法/R-PI-129-未尸检不影响鉴定意见效力法院在原因力范围内酌定责任比例.md,06-沉淀/人伤法域库/R-PI-129-未尸检不影响鉴定意见效力法院在原因力范围内酌定责任比例.md,主卡,,
R-PI-130,PI,R-PI-130-医疗损害鉴定陈述法定程序与实战五步准备框架.md,06-沉淀/裁判规则库/人伤法/R-PI-130-医疗损害鉴定陈述法定程序与实战五步准备框架.md,06-沉淀/人伤法域库/R-PI-130-医疗损害鉴定陈述法定程序与实战五步准备框架.md,主卡,,
R-PI-131,PI,R-PI-131-肿瘤误诊三道防线失守与病理金标准刚性规则.md,06-沉淀/裁判规则库/人伤法/R-PI-131-肿瘤误诊三道防线失守与病理金标准刚性规则.md,06-沉淀/人伤法域库/R-PI-131-肿瘤误诊三道防线失守与病理金标准刚性规则.md,主卡,,
R-PI-132,PI,R-PI-132-医疗事故罪刑附民仅赔物质损失与民事死亡赔偿金悖论.md,06-沉淀/裁判规则库/人伤法/R-PI-132-医疗事故罪刑附民仅赔物质损失与民事死亡赔偿金悖论.md,06-沉淀/人伤法域库/R-PI-132-医疗事故罪刑附民仅赔物质损失与民事死亡赔偿金悖论.md,主卡,,
R-PI-133,PI,R-PI-133-高空抛物可能加害使用人补偿与物业安保过错责任.md,06-沉淀/裁判规则库/人伤法/R-PI-133-高空抛物可能加害使用人补偿与物业安保过错责任.md,06-沉淀/人伤法域库/R-PI-133-高空抛物可能加害使用人补偿与物业安保过错责任.md,主卡,,
R-PI-134,PI,R-PI-134-建筑物倒塌建设单位施工单位无过错连带责任.md,06-沉淀/裁判规则库/人伤法/R-PI-134-建筑物倒塌建设单位施工单位无过错连带责任.md,06-沉淀/人伤法域库/R-PI-134-建筑物倒塌建设单位施工单位无过错连带责任.md,主卡,,
R-PI-135,PI,R-PI-135-建筑物搁置物悬挂物脱落坠落过错推定责任.md,06-沉淀/裁判规则库/人伤法/R-PI-135-建筑物搁置物悬挂物脱落坠落过错推定责任.md,06-沉淀/人伤法域库/R-PI-135-建筑物搁置物悬挂物脱落坠落过错推定责任.md,主卡,,
R-PI-136,PI,R-PI-136-窨井地下设施致害管理人过错推定责任.md,06-沉淀/裁判规则库/人伤法/R-PI-136-窨井地下设施致害管理人过错推定责任.md,06-沉淀/人伤法域库/R-PI-136-窨井地下设施致害管理人过错推定责任.md,主卡,,
R-PI-137,PI,R-PI-137-高度危险作业无过错责任一般条款与免责减责事由.md,06-沉淀/裁判规则库/人伤法/R-PI-137-高度危险作业无过错责任一般条款与免责减责事由.md,06-沉淀/人伤法域库/R-PI-137-高度危险作业无过错责任一般条款与免责减责事由.md,主卡,,
R-PI-138,PI,R-PI-138-民用航空器与高速轨道运输工具经营人无过错责任.md,06-沉淀/裁判规则库/人伤法/R-PI-138-民用航空器与高速轨道运输工具经营人无过错责任.md,06-沉淀/人伤法域库/R-PI-138-民用航空器与高速轨道运输工具经营人无过错责任.md,主卡,,
R-PI-139,PI,R-PI-139-高度危险物遗失抛弃非法占有责任主体.md,06-沉淀/裁判规则库/人伤法/R-PI-139-高度危险物遗失抛弃非法占有责任主体.md,06-沉淀/人伤法域库/R-PI-139-高度危险物遗失抛弃非法占有责任主体.md,主卡,,
R-PI-140,PI,R-PI-140-产品缺陷致人身损害生产者无过错责任与择一索赔权.md,06-沉淀/裁判规则库/人伤法/R-PI-140-产品缺陷致人身损害生产者无过错责任与择一索赔权.md,06-沉淀/人伤法域库/R-PI-140-产品缺陷致人身损害生产者无过错责任与择一索赔权.md,主卡,,
R-PI-141,PI,R-PI-141-警示缺陷认定与举证责任分配.md,06-沉淀/裁判规则库/人伤法/R-PI-141-警示缺陷认定与举证责任分配.md,06-沉淀/人伤法域库/R-PI-141-警示缺陷认定与举证责任分配.md,主卡,,
R-PI-142,PI,R-PI-142-明知缺陷仍生产销售致人伤亡惩罚性赔偿.md,06-沉淀/裁判规则库/人伤法/R-PI-142-明知缺陷仍生产销售致人伤亡惩罚性赔偿.md,06-沉淀/人伤法域库/R-PI-142-明知缺陷仍生产销售致人伤亡惩罚性赔偿.md,主卡,,
R-PI-143,PI,R-PI-143-医疗损害诉讼时效不以损害发生日为起算点患方未及时起诉不视为怠于行使权利.md,06-沉淀/裁判规则库/人伤法/R-PI-143-医疗损害诉讼时效不以损害发生日为起算点患方未及时起诉不视为怠于行使权利.md,06-沉淀/人伤法域库/R-PI-143-医疗损害诉讼时效不以损害发生日为起算点患方未及时起诉不视为怠于行使权利.md,主卡,,
R-PI-144,PI,R-PI-144-医患沟通书面留痕无书面记录即未履行告知义务隐匿伪造病历过错推定.md,06-沉淀/裁判规则库/人伤法/R-PI-144-医患沟通书面留痕无书面记录即未履行告知义务隐匿伪造病历过错推定.md,06-沉淀/人伤法域库/R-PI-144-医患沟通书面留痕无书面记录即未履行告知义务隐匿伪造病历过错推定.md,主卡,,
R-PI-145,PI,R-PI-145-员工自身过错受伤工伤认定无过错责任排除四类情形.md,06-沉淀/裁判规则库/人伤法/R-PI-145-员工自身过错受伤工伤认定无过错责任排除四类情形.md,06-沉淀/人伤法域库/R-PI-145-员工自身过错受伤工伤认定无过错责任排除四类情形.md,主卡,,
R-PI-146,PI,R-PI-146-道交和解后诉医院医疗损害竞合按份责任损失填平.md,06-沉淀/裁判规则库/人伤法/R-PI-146-道交和解后诉医院医疗损害竞合按份责任损失填平.md,06-沉淀/人伤法域库/R-PI-146-道交和解后诉医院医疗损害竞合按份责任损失填平.md,主卡,,
R-PI-147,PI,R-PI-147-医院误诊索赔医疗事故赔偿计算与诉讼受理六要件.md,06-沉淀/裁判规则库/人伤法/R-PI-147-医院误诊索赔医疗事故赔偿计算与诉讼受理六要件.md,06-沉淀/人伤法域库/R-PI-147-医院误诊索赔医疗事故赔偿计算与诉讼受理六要件.md,主卡,,
R-PI-148,PI,R-PI-148-医方加插已封存病历系篡改推定过错致鉴定不能承担全部责任.md,06-沉淀/裁判规则库/人伤法/R-PI-148-医方加插已封存病历系篡改推定过错致鉴定不能承担全部责任.md,06-沉淀/人伤法域库/R-PI-148-医方加插已封存病历系篡改推定过错致鉴定不能承担全部责任.md,主卡,,
R-PI-149,PI,R-PI-149-医院法治建设纳入等级评审巡查第一责任人制度与法律顾问机制并行.md,06-沉淀/裁判规则库/人伤法/R-PI-149-医院法治建设纳入等级评审巡查第一责任人制度与法律顾问机制并行.md,06-沉淀/人伤法域库/R-PI-149-医院法治建设纳入等级评审巡查第一责任人制度与法律顾问机制并行.md,主卡,,
R-PI-150,PI,R-PI-150-重新鉴定四类法定情形应当准许以证据打开四道门瑕疵可修复不予准许.md,06-沉淀/裁判规则库/人伤法/R-PI-150-重新鉴定四类法定情形应当准许以证据打开四道门瑕疵可修复不予准许.md,06-沉淀/人伤法域库/R-PI-150-重新鉴定四类法定情形应当准许以证据打开四道门瑕疵可修复不予准许.md,主卡,,
R-PI-151,PI,R-PI-151-无病理依据实施根治性手术未行术中冰冻病理构成重大医疗过错.md,06-沉淀/裁判规则库/人伤法/R-PI-151-无病理依据实施根治性手术未行术中冰冻病理构成重大医疗过错.md,06-沉淀/人伤法域库/R-PI-151-无病理依据实施根治性手术未行术中冰冻病理构成重大医疗过错.md,主卡,,
R-PI-152,PI,R-PI-152-医疗事故罪以严重不负责任七情形为立案标准行刑衔接卫健委移送启动.md,06-沉淀/裁判规则库/人伤法/R-PI-152-医疗事故罪以严重不负责任七情形为立案标准行刑衔接卫健委移送启动.md,06-沉淀/人伤法域库/R-PI-152-医疗事故罪以严重不负责任七情形为立案标准行刑衔接卫健委移送启动.md,主卡,,
R-PI-153,PI,R-PI-153-多主体过错致同一损害按过错程度与原因力大小承担按份责任受害人过错可减轻侵权人责任.md,06-沉淀/裁判规则库/人伤法/R-PI-153-多主体过错致同一损害按过错程度与原因力大小承担按份责任受害人过错可减轻侵权人责任.md,06-沉淀/人伤法域库/R-PI-153-多主体过错致同一损害按过错程度与原因力大小承担按份责任受害人过错可减轻侵权人责任.md,主卡,,
R-PI-154,PI,R-PI-154.md,06-沉淀/裁判规则库/人伤法/R-PI-154.md,06-沉淀/人伤法域库/R-PI-154.md,主卡,,
R-PI-155,PI,R-PI-155.md,06-沉淀/裁判规则库/人伤法/R-PI-155.md,06-沉淀/人伤法域库/R-PI-155.md,主卡,,
R-PI-156,PI,R-PI-156.md,06-沉淀/裁判规则库/人伤法/R-PI-156.md,06-沉淀/人伤法域库/R-PI-156.md,主卡,,
R-PI-157,PI,R-PI-157.md,06-沉淀/裁判规则库/人伤法/R-PI-157.md,06-沉淀/人伤法域库/R-PI-157.md,主卡,,是
R-PI-157,PI,R-PI-157-医疗告知义务代签与举证不能.md,06-沉淀/裁判规则库/人伤法/R-PI-157-医疗告知义务代签与举证不能.md,06-沉淀/人伤法域库/R-PI-157-医疗告知义务代签与举证不能.md,主卡,,是
R-PI-158,PI,R-PI-158-医疗纠纷赔偿竞合案件先核减已获赔部分再按原因力比例计算精神抚慰金单列酌定.md,06-沉淀/裁判规则库/人伤法/R-PI-158-医疗纠纷赔偿竞合案件先核减已获赔部分再按原因力比例计算精神抚慰金单列酌定.md,06-沉淀/人伤法域库/R-PI-158-医疗纠纷赔偿竞合案件先核减已获赔部分再按原因力比例计算精神抚慰金单列酌定.md,主卡,,
R-PI-159,PI,R-PI-159-医源性损害须先判定过错性再定归责紧急抢救免责三要件从严把握.md,06-沉淀/裁判规则库/人伤法/R-PI-159-医源性损害须先判定过错性再定归责紧急抢救免责三要件从严把握.md,06-沉淀/人伤法域库/R-PI-159-医源性损害须先判定过错性再定归责紧急抢救免责三要件从严把握.md,主卡,,
R-PI-160,PI,R-PI-160-道交与工伤竞合有限兼得一次性补偿项目可双赔费用性项目损失填平补差.md,06-沉淀/裁判规则库/人伤法/R-PI-160-道交与工伤竞合有限兼得一次性补偿项目可双赔费用性项目损失填平补差.md,06-沉淀/人伤法域库/R-PI-160-道交与工伤竞合有限兼得一次性补偿项目可双赔费用性项目损失填平补差.md,主卡,,
R-PI-161,PI,R-PI-161-医院合规审核应审尽审未经审核不得提交决策涉法事项须报告.md,06-沉淀/裁判规则库/人伤法/R-PI-161-医院合规审核应审尽审未经审核不得提交决策涉法事项须报告.md,06-沉淀/人伤法域库/R-PI-161-医院合规审核应审尽审未经审核不得提交决策涉法事项须报告.md,主卡,,
R-PI-162,PI,R-PI-162-医疗纠纷处置须全程留痕纠纷受理双登记病历封存2小时启动赔偿超1万禁私了.md,06-沉淀/裁判规则库/人伤法/R-PI-162-医疗纠纷处置须全程留痕纠纷受理双登记病历封存2小时启动赔偿超1万禁私了.md,06-沉淀/人伤法域库/R-PI-162-医疗纠纷处置须全程留痕纠纷受理双登记病历封存2小时启动赔偿超1万禁私了.md,主卡,,
R-PI-163,PI,R-PI-163-医疗损害责任比例取决于原因力大小而非过错数量关键过错须与损害后果有因果关联.md,06-沉淀/裁判规则库/人伤法/R-PI-163-医疗损害责任比例取决于原因力大小而非过错数量关键过错须与损害后果有因果关联.md,06-沉淀/人伤法域库/R-PI-163-医疗损害责任比例取决于原因力大小而非过错数量关键过错须与损害后果有因果关联.md,主卡,,
R-PI-164,PI,R-PI-164-道交和解不丧失医疗损害诉权多因一果按份责任损失填平.md,06-沉淀/裁判规则库/人伤法/R-PI-164-道交和解不丧失医疗损害诉权多因一果按份责任损失填平.md,06-沉淀/人伤法域库/R-PI-164-道交和解不丧失医疗损害诉权多因一果按份责任损失填平.md,主卡,,
R-PI-165,PI,R-PI-165-提供劳务者受害按过错分担雇主责任险怠于请求时第三者可直接诉保险公司.md,06-沉淀/裁判规则库/人伤法/R-PI-165-提供劳务者受害按过错分担雇主责任险怠于请求时第三者可直接诉保险公司.md,06-沉淀/人伤法域库/R-PI-165-提供劳务者受害按过错分担雇主责任险怠于请求时第三者可直接诉保险公司.md,主卡,,
R-PI-166,PI,R-PI-166-医疗损害赔偿范围界定与特殊责任形态死亡赔偿金缺陷儿特别抚养费非医保用药医美双属性.md,06-沉淀/裁判规则库/人伤法/R-PI-166-医疗损害赔偿范围界定与特殊责任形态死亡赔偿金缺陷儿特别抚养费非医保用药医美双属性.md,06-沉淀/人伤法域库/R-PI-166-医疗损害赔偿范围界定与特殊责任形态死亡赔偿金缺陷儿特别抚养费非医保用药医美双属性.md,主卡,,
R-PI-167,PI,R-PI-167.md,06-沉淀/裁判规则库/人伤法/R-PI-167.md,06-沉淀/人伤法域库/R-PI-167.md,主卡,,
R-PI-168,PI,R-PI-168.md,06-沉淀/裁判规则库/人伤法/R-PI-168.md,06-沉淀/人伤法域库/R-PI-168.md,主卡,,
R-PI-169,PI,R-PI-169.md,06-沉淀/裁判规则库/人伤法/R-PI-169.md,06-沉淀/人伤法域库/R-PI-169.md,主卡,,
R-PI-170,PI,R-PI-170.md,06-沉淀/裁判规则库/人伤法/R-PI-170.md,06-沉淀/人伤法域库/R-PI-170.md,主卡,,
R-PI-171,PI,R-PI-171-医疗纠纷应急五步闭环与风险防范五表.md,06-沉淀/裁判规则库/人伤法/R-PI-171-医疗纠纷应急五步闭环与风险防范五表.md,06-沉淀/人伤法域库/R-PI-171-医疗纠纷应急五步闭环与风险防范五表.md,主卡,,
R-PI-172,PI,R-PI-172-病历书写10大败诉漏洞与规范要点.md,06-沉淀/裁判规则库/人伤法/R-PI-172-病历书写10大败诉漏洞与规范要点.md,06-沉淀/人伤法域库/R-PI-172-病历书写10大败诉漏洞与规范要点.md,主卡,,
R-PI-173,PI,R-PI-173-手术分级管理越级手术责任三本账.md,06-沉淀/裁判规则库/人伤法/R-PI-173-手术分级管理越级手术责任三本账.md,06-沉淀/人伤法域库/R-PI-173-手术分级管理越级手术责任三本账.md,主卡,,
R-PI-174,PI,R-PI-174-医疗质量安全核心制度18项违反即过错证据化.md,06-沉淀/裁判规则库/人伤法/R-PI-174-医疗质量安全核心制度18项违反即过错证据化.md,06-沉淀/人伤法域库/R-PI-174-医疗质量安全核心制度18项违反即过错证据化.md,主卡,,
R-PI-175,PI,R-PI-175-医疗损害鉴定采信与术前告知阻却过错推定.md,06-沉淀/裁判规则库/人伤法/R-PI-175-医疗损害鉴定采信与术前告知阻却过错推定.md,06-沉淀/人伤法域库/R-PI-175-医疗损害鉴定采信与术前告知阻却过错推定.md,主卡,,
R-PI-176,PI,R-PI-176-术中变更术式未重新告知侵害知情同意权.md,06-沉淀/裁判规则库/人伤法/R-PI-176-术中变更术式未重新告知侵害知情同意权.md,06-沉淀/人伤法域库/R-PI-176-术中变更术式未重新告知侵害知情同意权.md,主卡,,
R-PI-177,PI,R-PI-177-医疗损害鉴定双轨制与鉴定机构选择六维度.md,06-沉淀/裁判规则库/人伤法/R-PI-177-医疗损害鉴定双轨制与鉴定机构选择六维度.md,06-沉淀/人伤法域库/R-PI-177-医疗损害鉴定双轨制与鉴定机构选择六维度.md,主卡,,
R-PI-178,PI,R-PI-178-医疗损害鉴定全流程六节点与重新鉴定递进救济.md,06-沉淀/裁判规则库/人伤法/R-PI-178-医疗损害鉴定全流程六节点与重新鉴定递进救济.md,06-沉淀/人伤法域库/R-PI-178-医疗损害鉴定全流程六节点与重新鉴定递进救济.md,主卡,,
R-PI-179,PI,R-PI-179-医疗纠纷卫健委投诉路径匹配四宜四不宜.md,06-沉淀/裁判规则库/人伤法/R-PI-179-医疗纠纷卫健委投诉路径匹配四宜四不宜.md,06-沉淀/人伤法域库/R-PI-179-医疗纠纷卫健委投诉路径匹配四宜四不宜.md,主卡,,
R-PI-180,PI,R-PI-180-医疗损害鉴定原因力不等于法律责任比例.md,06-沉淀/裁判规则库/人伤法/R-PI-180-医疗损害鉴定原因力不等于法律责任比例.md,06-沉淀/人伤法域库/R-PI-180-医疗损害鉴定原因力不等于法律责任比例.md,主卡,,
R-PI-181,PI,R-PI-181-医疗事故罪严重不负责任教义学认定争议与新综合说.md,06-沉淀/裁判规则库/人伤法/R-PI-181-医疗事故罪严重不负责任教义学认定争议与新综合说.md,06-沉淀/人伤法域库/R-PI-181-医疗事故罪严重不负责任教义学认定争议与新综合说.md,主卡,,
R-PI-182,PI,R-PI-182-电子病历无痕型瑕疵与篡改的过错推定.md,06-沉淀/裁判规则库/人伤法/R-PI-182-电子病历无痕型瑕疵与篡改的过错推定.md,06-沉淀/人伤法域库/R-PI-182-电子病历无痕型瑕疵与篡改的过错推定.md,主卡,,
R-PI-183,PI,R-PI-183-医疗事故罪刑法因果关系多环节介入与尸检缺失存疑有利被告.md,06-沉淀/裁判规则库/人伤法/R-PI-183-医疗事故罪刑法因果关系多环节介入与尸检缺失存疑有利被告.md,06-沉淀/人伤法域库/R-PI-183-医疗事故罪刑法因果关系多环节介入与尸检缺失存疑有利被告.md,主卡,,
R-PI-184,PI,R-PI-184-病历瑕疵五档裁判梯度从推定全责到酌定因素.md,06-沉淀/裁判规则库/人伤法/R-PI-184-病历瑕疵五档裁判梯度从推定全责到酌定因素.md,06-沉淀/人伤法域库/R-PI-184-病历瑕疵五档裁判梯度从推定全责到酌定因素.md,主卡,,
R-PI-185,PI,R-PI-185-医疗纠纷五条法定路径功能分工与选择规则.md,06-沉淀/裁判规则库/人伤法/R-PI-185-医疗纠纷五条法定路径功能分工与选择规则.md,06-沉淀/人伤法域库/R-PI-185-医疗纠纷五条法定路径功能分工与选择规则.md,主卡,,
R-PI-186,PI,R-PI-186-医疗损害二元鉴定模式选择与赔偿标准双轨.md,06-沉淀/裁判规则库/人伤法/R-PI-186-医疗损害二元鉴定模式选择与赔偿标准双轨.md,06-沉淀/人伤法域库/R-PI-186-医疗损害二元鉴定模式选择与赔偿标准双轨.md,主卡,,
R-PI-187,PI,R-PI-187-医疗说明义务告知对象与意见冲突处理规则.md,06-沉淀/裁判规则库/人伤法/R-PI-187-医疗说明义务告知对象与意见冲突处理规则.md,06-沉淀/人伤法域库/R-PI-187-医疗说明义务告知对象与意见冲突处理规则.md,主卡,,
R-PI-188,PI,R-PI-188-未遵循手术操作指南按原因力担责.md,06-沉淀/裁判规则库/人伤法/R-PI-188-未遵循手术操作指南按原因力担责.md,06-沉淀/人伤法域库/R-PI-188-未遵循手术操作指南按原因力担责.md,主卡,,
R-PI-189,PI,R-PI-189-医疗事故罪结果归责误区与刑法最后手段性.md,06-沉淀/裁判规则库/人伤法/R-PI-189-医疗事故罪结果归责误区与刑法最后手段性.md,06-沉淀/人伤法域库/R-PI-189-医疗事故罪结果归责误区与刑法最后手段性.md,主卡,,
R-PI-190,PI,R-PI-190-具备介入条件的医院未及时行急诊PCI构成过错.md,06-沉淀/裁判规则库/人伤法/R-PI-190-具备介入条件的医院未及时行急诊PCI构成过错.md,06-沉淀/人伤法域库/R-PI-190-具备介入条件的医院未及时行急诊PCI构成过错.md,主卡,,
R-PI-191,PI,R-PI-191-首诊负责制度责任边界与转诊义务.md,06-沉淀/裁判规则库/人伤法/R-PI-191-首诊负责制度责任边界与转诊义务.md,06-沉淀/人伤法域库/R-PI-191-首诊负责制度责任边界与转诊义务.md,主卡,,
R-PI-192,PI,R-PI-192-专家辅助人有专门知识的人申请与证据属性.md,06-沉淀/裁判规则库/人伤法/R-PI-192-专家辅助人有专门知识的人申请与证据属性.md,06-沉淀/人伤法域库/R-PI-192-专家辅助人有专门知识的人申请与证据属性.md,主卡,,
R-PI-193,PI,R-PI-193-医疗费赔偿范围计算与继续治疗费先予执行.md,06-沉淀/裁判规则库/人伤法/R-PI-193-医疗费赔偿范围计算与继续治疗费先予执行.md,06-沉淀/人伤法域库/R-PI-193-医疗费赔偿范围计算与继续治疗费先予执行.md,主卡,,
R-PI-194,PI,R-PI-194-病历篡改致鉴定不能过错推定.md,06-沉淀/裁判规则库/人伤法/R-PI-194-病历篡改致鉴定不能过错推定.md,06-沉淀/人伤法域库/R-PI-194-病历篡改致鉴定不能过错推定.md,主卡,,
R-PI-195,PI,R-PI-195-机动车与行人同责赔偿超五成.md,06-沉淀/裁判规则库/人伤法/R-PI-195-机动车与行人同责赔偿超五成.md,06-沉淀/人伤法域库/R-PI-195-机动车与行人同责赔偿超五成.md,主卡,,
R-PI-196,PI,R-PI-196-工伤与医疗损害责任竞合的并用关系及多因一果对入罪的影响.md,06-沉淀/裁判规则库/人伤法/R-PI-196-工伤与医疗损害责任竞合的并用关系及多因一果对入罪的影响.md,06-沉淀/人伤法域库/R-PI-196-工伤与医疗损害责任竞合的并用关系及多因一果对入罪的影响.md,主卡,,
R-PI-197,PI,R-PI-197-医疗纠纷律师实务全景案由选择双层举证鉴定质证与赔偿精算.md,06-沉淀/裁判规则库/人伤法/R-PI-197-医疗纠纷律师实务全景案由选择双层举证鉴定质证与赔偿精算.md,06-沉淀/人伤法域库/R-PI-197-医疗纠纷律师实务全景案由选择双层举证鉴定质证与赔偿精算.md,主卡,,
R-PI-198,PI,R-PI-198-医疗损害责任纠纷举证证明责任分配与鉴定意见采纳规则.md,06-沉淀/裁判规则库/人伤法/R-PI-198-医疗损害责任纠纷举证证明责任分配与鉴定意见采纳规则.md,06-沉淀/人伤法域库/R-PI-198-医疗损害责任纠纷举证证明责任分配与鉴定意见采纳规则.md,主卡,,
R-PI-199,PI,R-PI-199.md,03-连接/概念页/R-PI-199.md,06-沉淀/人伤法域库/R-PI-199.md,概念页指针,,
R-PI-199,PI,R-PI-199_民法典1165条_要件映射_提炼索引.md,02-提炼/经验卡片/法条解读/R-PI-199_民法典1165条_要件映射_提炼索引.md,06-沉淀/人伤法域库/R-PI-199_民法典1165条_要件映射_提炼索引.md,提炼源/指针,,
R-PI-199,PI,R-PI-199_民法典1165条过错侵权责任.md,06-沉淀/裁判规则库/人伤法/R-PI-199_民法典1165条过错侵权责任.md,06-沉淀/人伤法域库/R-PI-199_民法典1165条过错侵权责任.md,主卡,,
R-PI-200,PI,R-PI-200.md,03-连接/概念页/R-PI-200.md,06-沉淀/人伤法域库/R-PI-200.md,概念页指针,,
R-PI-200,PI,R-PI-200_民法典1191条_要件映射_提炼索引.md,02-提炼/经验卡片/法条解读/R-PI-200_民法典1191条_要件映射_提炼索引.md,06-沉淀/人伤法域库/R-PI-200_民法典1191条_要件映射_提炼索引.md,提炼源/指针,,
R-PI-200,PI,R-PI-200_民法典1191条劳务派遣用人者责任.md,06-沉淀/裁判规则库/人伤法/R-PI-200_民法典1191条劳务派遣用人者责任.md,06-沉淀/人伤法域库/R-PI-200_民法典1191条劳务派遣用人者责任.md,主卡,,
R-PI-201,PI,R-PI-201.md,03-连接/概念页/R-PI-201.md,06-沉淀/人伤法域库/R-PI-201.md,概念页指针,,
R-PI-201,PI,R-PI-201_民法典1192条_要件映射_提炼索引.md,02-提炼/经验卡片/法条解读/R-PI-201_民法典1192条_要件映射_提炼索引.md,06-沉淀/人伤法域库/R-PI-201_民法典1192条_要件映射_提炼索引.md,提炼源/指针,,
R-PI-201,PI,R-PI-201_民法典1192条个人劳务.md,06-沉淀/裁判规则库/人伤法/R-PI-201_民法典1192条个人劳务.md,06-沉淀/人伤法域库/R-PI-201_民法典1192条个人劳务.md,主卡,,
R-PI-202,PI,R-PI-202.md,03-连接/概念页/R-PI-202.md,06-沉淀/人伤法域库/R-PI-202.md,概念页指针,,
R-PI-202,PI,R-PI-202_民法典1218条_要件映射_提炼索引.md,02-提炼/经验卡片/法条解读/R-PI-202_民法典1218条_要件映射_提炼索引.md,06-沉淀/人伤法域库/R-PI-202_民法典1218条_要件映射_提炼索引.md,提炼源/指针,,
R-PI-202,PI,R-PI-202_民法典1218条医疗损害责任.md,06-沉淀/裁判规则库/人伤法/R-PI-202_民法典1218条医疗损害责任.md,06-沉淀/人伤法域库/R-PI-202_民法典1218条医疗损害责任.md,主卡,,
R-PI-203,PI,R-PI-203_医疗机构病历书写不规范的行政法律责任_要件映射_提炼索引.md,02-提炼/经验卡片/法条解读/R-PI-203_医疗机构病历书写不规范的行政法律责任_要件映射_提炼索引.md,06-沉淀/人伤法域库/R-PI-203_医疗机构病历书写不规范的行政法律责任_要件映射_提炼索引.md,提炼源/指针,,
R-PI-203,PI,R-PI-203-医疗机构病历书写不规范的行政法律责任.md,06-沉淀/裁判规则库/人伤法/R-PI-203-医疗机构病历书写不规范的行政法律责任.md,06-沉淀/人伤法域库/R-PI-203-医疗机构病历书写不规范的行政法律责任.md,主卡,,
R-PI-204,PI,R-PI-204_好意同乘的减责规则_要件映射_提炼索引.md,02-提炼/经验卡片/法条解读/R-PI-204_好意同乘的减责规则_要件映射_提炼索引.md,06-沉淀/人伤法域库/R-PI-204_好意同乘的减责规则_要件映射_提炼索引.md,提炼源/指针,,
R-PI-204,PI,R-PI-204-好意同乘的减责规则.md,06-沉淀/裁判规则库/人伤法/R-PI-204-好意同乘的减责规则.md,06-沉淀/人伤法域库/R-PI-204-好意同乘的减责规则.md,主卡,,
R-PI-205,PI,R-PI-205_违反管理规定未对动物采取安全措施致害绝对责任_要件映射_提炼索引.md,02-提炼/经验卡片/法条解读/R-PI-205_违反管理规定未对动物采取安全措施致害绝对责任_要件映射_提炼索引.md,06-沉淀/人伤法域库/R-PI-205_违反管理规定未对动物采取安全措施致害绝对责任_要件映射_提炼索引.md,提炼源/指针,,
R-PI-205,PI,R-PI-205-违反管理规定未对动物采取安全措施致害绝对责任.md,06-沉淀/裁判规则库/人伤法/R-PI-205-违反管理规定未对动物采取安全措施致害绝对责任.md,06-沉淀/人伤法域库/R-PI-205-违反管理规定未对动物采取安全措施致害绝对责任.md,主卡,,
R-PI-206,PI,R-PI-206_动物园动物致害过错推定责任_要件映射_提炼索引.md,02-提炼/经验卡片/法条解读/R-PI-206_动物园动物致害过错推定责任_要件映射_提炼索引.md,06-沉淀/人伤法域库/R-PI-206_动物园动物致害过错推定责任_要件映射_提炼索引.md,提炼源/指针,,
R-PI-206,PI,R-PI-206-动物园动物致害过错推定责任.md,06-沉淀/裁判规则库/人伤法/R-PI-206-动物园动物致害过错推定责任.md,06-沉淀/人伤法域库/R-PI-206-动物园动物致害过错推定责任.md,主卡,,
R-PI-207,PI,R-PI-207_见义勇为受害人补偿受益人适当补偿_要件映射_提炼索引.md,02-提炼/经验卡片/法条解读/R-PI-207_见义勇为受害人补偿受益人适当补偿_要件映射_提炼索引.md,06-沉淀/人伤法域库/R-PI-207_见义勇为受害人补偿受益人适当补偿_要件映射_提炼索引.md,提炼源/指针,,
R-PI-207,PI,R-PI-207-见义勇为受害人补偿受益人适当补偿.md,06-沉淀/裁判规则库/人伤法/R-PI-207-见义勇为受害人补偿受益人适当补偿.md,06-沉淀/人伤法域库/R-PI-207-见义勇为受害人补偿受益人适当补偿.md,主卡,,
R-PI-208,PI,R-PI-208_紧急避险致害责任_要件映射_提炼索引.md,02-提炼/经验卡片/法条解读/R-PI-208_紧急避险致害责任_要件映射_提炼索引.md,06-沉淀/人伤法域库/R-PI-208_紧急避险致害责任_要件映射_提炼索引.md,提炼源/指针,,
R-PI-208,PI,R-PI-208-紧急避险致害责任.md,06-沉淀/裁判规则库/人伤法/R-PI-208-紧急避险致害责任.md,06-沉淀/人伤法域库/R-PI-208-紧急避险致害责任.md,主卡,,
R-PI-209,PI,R-PI-209_承揽关系定作人指示过错责任_要件映射_提炼索引.md,02-提炼/经验卡片/法条解读/R-PI-209_承揽关系定作人指示过错责任_要件映射_提炼索引.md,06-沉淀/人伤法域库/R-PI-209_承揽关系定作人指示过错责任_要件映射_提炼索引.md,提炼源/指针,,
R-PI-209,PI,R-PI-209-承揽关系定作人指示过错责任.md,06-沉淀/裁判规则库/人伤法/R-PI-209-承揽关系定作人指示过错责任.md,06-沉淀/人伤法域库/R-PI-209-承揽关系定作人指示过错责任.md,主卡,,
R-PI-210,PI,R-PI-210_道路交通事故社会救助基金垫付与追偿_要件映射_提炼索引.md,02-提炼/经验卡片/法条解读/R-PI-210_道路交通事故社会救助基金垫付与追偿_要件映射_提炼索引.md,06-沉淀/人伤法域库/R-PI-210_道路交通事故社会救助基金垫付与追偿_要件映射_提炼索引.md,提炼源/指针,,
R-PI-210,PI,R-PI-210-道路交通事故社会救助基金垫付与追偿.md,06-沉淀/裁判规则库/人伤法/R-PI-210-道路交通事故社会救助基金垫付与追偿.md,06-沉淀/人伤法域库/R-PI-210-道路交通事故社会救助基金垫付与追偿.md,主卡,,
R-PI-211,PI,R-PI-211_出生缺陷与错误生命医疗损害责任_要件映射_提炼索引.md,02-提炼/经验卡片/法条解读/R-PI-211_出生缺陷与错误生命医疗损害责任_要件映射_提炼索引.md,06-沉淀/人伤法域库/R-PI-211_出生缺陷与错误生命医疗损害责任_要件映射_提炼索引.md,提炼源/指针,,
R-PI-211,PI,R-PI-211-出生缺陷与错误生命医疗损害责任.md,06-沉淀/裁判规则库/人伤法/R-PI-211-出生缺陷与错误生命医疗损害责任.md,06-沉淀/人伤法域库/R-PI-211-出生缺陷与错误生命医疗损害责任.md,主卡,,
R-PI-212,PI,R-PI-212_试乘试驾与车辆交付前致害责任_要件映射_提炼索引.md,02-提炼/经验卡片/法条解读/R-PI-212_试乘试驾与车辆交付前致害责任_要件映射_提炼索引.md,06-沉淀/人伤法域库/R-PI-212_试乘试驾与车辆交付前致害责任_要件映射_提炼索引.md,提炼源/指针,,
R-PI-212,PI,R-PI-212-试乘试驾与车辆交付前致害责任.md,06-沉淀/裁判规则库/人伤法/R-PI-212-试乘试驾与车辆交付前致害责任.md,06-沉淀/人伤法域库/R-PI-212-试乘试驾与车辆交付前致害责任.md,主卡,,
R-PI-213,PI,R-PI-213_医疗过错原因力比例与鉴定意见的采信规则_要件映射_提炼索引.md,02-提炼/经验卡片/法条解读/R-PI-213_医疗过错原因力比例与鉴定意见的采信规则_要件映射_提炼索引.md,06-沉淀/人伤法域库/R-PI-213_医疗过错原因力比例与鉴定意见的采信规则_要件映射_提炼索引.md,提炼源/指针,,
R-PI-213,PI,R-PI-213-医疗过错原因力比例与鉴定意见的采信规则.md,06-沉淀/裁判规则库/人伤法/R-PI-213-医疗过错原因力比例与鉴定意见的采信规则.md,06-沉淀/人伤法域库/R-PI-213-医疗过错原因力比例与鉴定意见的采信规则.md,主卡,,
R-PI-214,PI,R-PI-214_开门杀属机动车一方责任及保险人不得拒赔_要件映射_提炼索引.md,02-提炼/经验卡片/法条解读/R-PI-214_开门杀属机动车一方责任及保险人不得拒赔_要件映射_提炼索引.md,06-沉淀/人伤法域库/R-PI-214_开门杀属机动车一方责任及保险人不得拒赔_要件映射_提炼索引.md,提炼源/指针,,
R-PI-214,PI,R-PI-214-开门杀属机动车一方责任及保险人不得拒赔.md,06-沉淀/裁判规则库/人伤法/R-PI-214-开门杀属机动车一方责任及保险人不得拒赔.md,06-沉淀/人伤法域库/R-PI-214-开门杀属机动车一方责任及保险人不得拒赔.md,主卡,,
R-PI-215,PI,R-PI-215-交通事故认定书的证据属性与民事赔偿责任区分.md,06-沉淀/裁判规则库/机动车交通事故责任纠纷/R-PI-215-交通事故认定书的证据属性与民事赔偿责任区分.md,06-沉淀/人伤法域库/R-PI-215-交通事故认定书的证据属性与民事赔偿责任区分.md,主卡,,
R-PI-216,PI,R-PI-216-无交通事故认定书案件的责任确定规则.md,06-沉淀/裁判规则库/机动车交通事故责任纠纷/R-PI-216-无交通事故认定书案件的责任确定规则.md,06-沉淀/人伤法域库/R-PI-216-无交通事故认定书案件的责任确定规则.md,主卡,,
R-PI-217,PI,R-PI-217-交强险与商业三者险的三层赔偿顺序.md,06-沉淀/裁判规则库/机动车交通事故责任纠纷/R-PI-217-交强险与商业三者险的三层赔偿顺序.md,06-沉淀/人伤法域库/R-PI-217-交强险与商业三者险的三层赔偿顺序.md,主卡,,
R-PI-218,PI,R-PI-218-人身伤亡的赔偿范围与项目.md,06-沉淀/裁判规则库/机动车交通事故责任纠纷/R-PI-218-人身伤亡的赔偿范围与项目.md,06-沉淀/人伤法域库/R-PI-218-人身伤亡的赔偿范围与项目.md,主卡,,
R-PI-219,PI,R-PI-219-停运损失的认定要件与交强险排除.md,06-沉淀/裁判规则库/机动车交通事故责任纠纷/R-PI-219-停运损失的认定要件与交强险排除.md,06-沉淀/人伤法域库/R-PI-219-停运损失的认定要件与交强险排除.md,主卡,,
R-PI-220,PI,R-PI-220-交强险分项限额不得突破.md,06-沉淀/裁判规则库/机动车交通事故责任纠纷/R-PI-220-交强险分项限额不得突破.md,06-沉淀/人伤法域库/R-PI-220-交强险分项限额不得突破.md,主卡,,
R-PI-221,PI,R-PI-221-租赁借用情形下机动车所有人的过错责任.md,06-沉淀/裁判规则库/机动车交通事故责任纠纷/R-PI-221-租赁借用情形下机动车所有人的过错责任.md,06-沉淀/人伤法域库/R-PI-221-租赁借用情形下机动车所有人的过错责任.md,主卡,,
R-PI-222,PI,R-PI-222-挂靠经营的连带责任及其边界.md,06-沉淀/裁判规则库/机动车交通事故责任纠纷/R-PI-222-挂靠经营的连带责任及其边界.md,06-沉淀/人伤法域库/R-PI-222-挂靠经营的连带责任及其边界.md,主卡,,
R-PI-223,PI,R-PI-223-受害人特殊体质与自身疾病的原因力区分.md,06-沉淀/裁判规则库/机动车交通事故责任纠纷/R-PI-223-受害人特殊体质与自身疾病的原因力区分.md,06-沉淀/人伤法域库/R-PI-223-受害人特殊体质与自身疾病的原因力区分.md,主卡,,
R-PI-224,PI,R-PI-224-本车人员转化为第三者的判断标准.md,06-沉淀/裁判规则库/机动车交通事故责任纠纷/R-PI-224-本车人员转化为第三者的判断标准.md,06-沉淀/人伤法域库/R-PI-224-本车人员转化为第三者的判断标准.md,主卡,,
R-PI-225,PI,R-PI-225-交通意外中机动车一方的责任与交强险有责限额.md,06-沉淀/裁判规则库/机动车交通事故责任纠纷/R-PI-225-交通意外中机动车一方的责任与交强险有责限额.md,06-沉淀/人伤法域库/R-PI-225-交通意外中机动车一方的责任与交强险有责限额.md,主卡,,
R-PI-226,PI,R-PI-226-超标两轮电动车、电动三轮车的责任认定.md,06-沉淀/裁判规则库/机动车交通事故责任纠纷/R-PI-226-超标两轮电动车、电动三轮车的责任认定.md,06-沉淀/人伤法域库/R-PI-226-超标两轮电动车、电动三轮车的责任认定.md,主卡,,
R-PI-227,PI,R-PI-227_共饮者侵权责任的四要件审查_要件映射_提炼索引.md,02-提炼/经验卡片/法条解读/R-PI-227_共饮者侵权责任的四要件审查_要件映射_提炼索引.md,06-沉淀/人伤法域库/R-PI-227_共饮者侵权责任的四要件审查_要件映射_提炼索引.md,提炼源/指针,,
R-PI-227,PI,R-PI-227-共饮者侵权责任的四要件审查.md,06-沉淀/裁判规则库/人伤法/R-PI-227-共饮者侵权责任的四要件审查.md,06-沉淀/人伤法域库/R-PI-227-共饮者侵权责任的四要件审查.md,主卡,,
R-PI-228,PI,R-PI-228_共饮者侵权案件的原告与被告主体审查_要件映射_提炼索引.md,02-提炼/经验卡片/法条解读/R-PI-228_共饮者侵权案件的原告与被告主体审查_要件映射_提炼索引.md,06-沉淀/人伤法域库/R-PI-228_共饮者侵权案件的原告与被告主体审查_要件映射_提炼索引.md,提炼源/指针,,
R-PI-228,PI,R-PI-228-共饮者侵权案件的原告与被告主体审查.md,06-沉淀/裁判规则库/人伤法/R-PI-228-共饮者侵权案件的原告与被告主体审查.md,06-沉淀/人伤法域库/R-PI-228-共饮者侵权案件的原告与被告主体审查.md,主卡,,
R-PI-229,PI,R-PI-229_共饮者侵权案件的管辖审查_要件映射_提炼索引.md,02-提炼/经验卡片/法条解读/R-PI-229_共饮者侵权案件的管辖审查_要件映射_提炼索引.md,06-沉淀/人伤法域库/R-PI-229_共饮者侵权案件的管辖审查_要件映射_提炼索引.md,提炼源/指针,,
R-PI-229,PI,R-PI-229-共饮者侵权案件的管辖审查.md,06-沉淀/裁判规则库/人伤法/R-PI-229-共饮者侵权案件的管辖审查.md,06-沉淀/人伤法域库/R-PI-229-共饮者侵权案件的管辖审查.md,主卡,,
R-PI-230,PI,R-PI-230_共饮者侵权的归责原则与公平责任之审慎适用_要件映射_提炼索引.md,02-提炼/经验卡片/法条解读/R-PI-230_共饮者侵权的归责原则与公平责任之审慎适用_要件映射_提炼索引.md,06-沉淀/人伤法域库/R-PI-230_共饮者侵权的归责原则与公平责任之审慎适用_要件映射_提炼索引.md,提炼源/指针,,
R-PI-230,PI,R-PI-230-共饮者侵权的归责原则与公平责任之审慎适用.md,06-沉淀/裁判规则库/人伤法/R-PI-230-共饮者侵权的归责原则与公平责任之审慎适用.md,06-沉淀/人伤法域库/R-PI-230-共饮者侵权的归责原则与公平责任之审慎适用.md,主卡,,
R-PI-231,PI,R-PI-231_强迫性劝酒的认定与注意情形_要件映射_提炼索引.md,02-提炼/经验卡片/法条解读/R-PI-231_强迫性劝酒的认定与注意情形_要件映射_提炼索引.md,06-沉淀/人伤法域库/R-PI-231_强迫性劝酒的认定与注意情形_要件映射_提炼索引.md,提炼源/指针,,
R-PI-231,PI,R-PI-231-强迫性劝酒的认定与注意情形.md,06-沉淀/裁判规则库/人伤法/R-PI-231-强迫性劝酒的认定与注意情形.md,06-沉淀/人伤法域库/R-PI-231-强迫性劝酒的认定与注意情形.md,主卡,,
R-PI-232,PI,R-PI-232_共饮者安全注意义务的内容与合理限度_要件映射_提炼索引.md,02-提炼/经验卡片/法条解读/R-PI-232_共饮者安全注意义务的内容与合理限度_要件映射_提炼索引.md,06-沉淀/人伤法域库/R-PI-232_共饮者安全注意义务的内容与合理限度_要件映射_提炼索引.md,提炼源/指针,,
R-PI-232,PI,R-PI-232-共饮者安全注意义务的内容与合理限度.md,06-沉淀/裁判规则库/人伤法/R-PI-232-共饮者安全注意义务的内容与合理限度.md,06-沉淀/人伤法域库/R-PI-232-共饮者安全注意义务的内容与合理限度.md,主卡,,
R-PI-233,PI,R-PI-233_因果关系介入因素与无死因鉴定_要件映射_提炼索引.md,02-提炼/经验卡片/法条解读/R-PI-233_因果关系介入因素与无死因鉴定_要件映射_提炼索引.md,06-沉淀/人伤法域库/R-PI-233_因果关系介入因素与无死因鉴定_要件映射_提炼索引.md,提炼源/指针,,
R-PI-233,PI,R-PI-233-因果关系介入因素与无死因鉴定.md,06-沉淀/裁判规则库/人伤法/R-PI-233-因果关系介入因素与无死因鉴定.md,06-沉淀/人伤法域库/R-PI-233-因果关系介入因素与无死因鉴定.md,主卡,,
R-PI-234,PI,R-PI-234_共饮者侵权的责任形态按份为主连带之例外_要件映射_提炼索引.md,02-提炼/经验卡片/法条解读/R-PI-234_共饮者侵权的责任形态按份为主连带之例外_要件映射_提炼索引.md,06-沉淀/人伤法域库/R-PI-234_共饮者侵权的责任形态按份为主连带之例外_要件映射_提炼索引.md,提炼源/指针,,
R-PI-234,PI,R-PI-234-共饮者侵权的责任形态按份为主连带之例外.md,06-沉淀/裁判规则库/人伤法/R-PI-234-共饮者侵权的责任形态按份为主连带之例外.md,06-沉淀/人伤法域库/R-PI-234-共饮者侵权的责任形态按份为主连带之例外.md,主卡,,
R-PI-235,PI,R-PI-235_共饮者侵权的责任比例划分饮酒人自负为主_要件映射_提炼索引.md,02-提炼/经验卡片/法条解读/R-PI-235_共饮者侵权的责任比例划分饮酒人自负为主_要件映射_提炼索引.md,06-沉淀/人伤法域库/R-PI-235_共饮者侵权的责任比例划分饮酒人自负为主_要件映射_提炼索引.md,提炼源/指针,,
R-PI-235,PI,R-PI-235-共饮者侵权的责任比例划分饮酒人自负为主.md,06-沉淀/裁判规则库/人伤法/R-PI-235-共饮者侵权的责任比例划分饮酒人自负为主.md,06-沉淀/人伤法域库/R-PI-235-共饮者侵权的责任比例划分饮酒人自负为主.md,主卡,,
R-PI-236,PI,R-PI-236_共饮者免责未劝酒已护送中途离席_要件映射_提炼索引.md,02-提炼/经验卡片/法条解读/R-PI-236_共饮者免责未劝酒已护送中途离席_要件映射_提炼索引.md,06-沉淀/人伤法域库/R-PI-236_共饮者免责未劝酒已护送中途离席_要件映射_提炼索引.md,提炼源/指针,,
R-PI-236,PI,R-PI-236-共饮者免责未劝酒已护送中途离席.md,06-沉淀/裁判规则库/人伤法/R-PI-236-共饮者免责未劝酒已护送中途离席.md,06-沉淀/人伤法域库/R-PI-236-共饮者免责未劝酒已护送中途离席.md,主卡,,
R-PI-237,PI,R-PI-237_未成年人饮酒与向未成年人售酒经营者的责任_要件映射_提炼索引.md,02-提炼/经验卡片/法条解读/R-PI-237_未成年人饮酒与向未成年人售酒经营者的责任_要件映射_提炼索引.md,06-沉淀/人伤法域库/R-PI-237_未成年人饮酒与向未成年人售酒经营者的责任_要件映射_提炼索引.md,提炼源/指针,,
R-PI-237,PI,R-PI-237-未成年人饮酒与向未成年人售酒经营者的责任.md,06-沉淀/裁判规则库/人伤法/R-PI-237-未成年人饮酒与向未成年人售酒经营者的责任.md,06-沉淀/人伤法域库/R-PI-237-未成年人饮酒与向未成年人售酒经营者的责任.md,主卡,,
R-PI-238,PI,R-PI-238_酒后驾车鼓励饮酒驾车的共饮者责任认定_要件映射_提炼索引.md,02-提炼/经验卡片/法条解读/R-PI-238_酒后驾车鼓励饮酒驾车的共饮者责任认定_要件映射_提炼索引.md,06-沉淀/人伤法域库/R-PI-238_酒后驾车鼓励饮酒驾车的共饮者责任认定_要件映射_提炼索引.md,提炼源/指针,,
R-PI-238,PI,R-PI-238-酒后驾车鼓励饮酒驾车的共饮者责任认定.md,06-沉淀/裁判规则库/人伤法/R-PI-238-酒后驾车鼓励饮酒驾车的共饮者责任认定.md,06-沉淀/人伤法域库/R-PI-238-酒后驾车鼓励饮酒驾车的共饮者责任认定.md,主卡,,
R-PI-239,PI,R-PI-239_特殊主体与场所的共饮者责任_要件映射_提炼索引.md,02-提炼/经验卡片/法条解读/R-PI-239_特殊主体与场所的共饮者责任_要件映射_提炼索引.md,06-沉淀/人伤法域库/R-PI-239_特殊主体与场所的共饮者责任_要件映射_提炼索引.md,提炼源/指针,,
R-PI-239,PI,R-PI-239-特殊主体与场所的共饮者责任.md,06-沉淀/裁判规则库/人伤法/R-PI-239-特殊主体与场所的共饮者责任.md,06-沉淀/人伤法域库/R-PI-239-特殊主体与场所的共饮者责任.md,主卡,,
R-PI-240,PI,R-PI-240-医疗事故罪严重不负责任的认定与鉴定意见的证据地位.md,06-沉淀/裁判规则库/医疗损害责任纠纷/R-PI-240-医疗事故罪严重不负责任的认定与鉴定意见的证据地位.md,06-沉淀/人伤法域库/R-PI-240-医疗事故罪严重不负责任的认定与鉴定意见的证据地位.md,主卡,,
R-PI-241,PI,R-PI-241-未投保交强险时投保义务人与侵权人的共同赔偿责任.md,06-沉淀/裁判规则库/机动车交通事故责任纠纷/R-PI-241-未投保交强险时投保义务人与侵权人的共同赔偿责任.md,06-沉淀/人伤法域库/R-PI-241-未投保交强险时投保义务人与侵权人的共同赔偿责任.md,主卡,,
R-PI-242,PI,R-PI-242-医疗过错参与度责任比例综合裁量.md,06-沉淀/裁判规则库/案例/R-PI-242-医疗过错参与度责任比例综合裁量.md,06-沉淀/人伤法域库/R-PI-242-医疗过错参与度责任比例综合裁量.md,主卡,,
R-PI-243,PI,R-PI-243-雇主责任险与工伤保险待遇双重赔偿边界.md,02-提炼/经验卡片/人伤/R-PI-243-雇主责任险与工伤保险待遇双重赔偿边界.md,06-沉淀/人伤法域库/R-PI-243-雇主责任险与工伤保险待遇双重赔偿边界.md,提炼源/指针,,
R-PI-243,PI,R-PI-243_雇主责任险理赔款与工伤保险待遇的关系_要件映射_提炼索引.md,02-提炼/经验卡片/法条解读/R-PI-243_雇主责任险理赔款与工伤保险待遇的关系_要件映射_提炼索引.md,06-沉淀/人伤法域库/R-PI-243_雇主责任险理赔款与工伤保险待遇的关系_要件映射_提炼索引.md,提炼源/指针,,
R-PI-243,PI,R-PI-243-雇主责任险理赔款与工伤保险待遇的关系.md,06-沉淀/裁判规则库/人伤法/R-PI-243-雇主责任险理赔款与工伤保险待遇的关系.md,06-沉淀/人伤法域库/R-PI-243-雇主责任险理赔款与工伤保险待遇的关系.md,主卡,,
R-PI-244,PI,R-PI-244-指导案例24号体质不减轻侵权人责任.md,02-提炼/经验卡片/人伤/R-PI-244-指导案例24号体质不减轻侵权人责任.md,06-沉淀/人伤法域库/R-PI-244-指导案例24号体质不减轻侵权人责任.md,提炼源/指针,,
R-PI-244,PI,R-PI-244_受害人无过错时体质因素不减轻侵权人责任_要件映射_提炼索引.md,02-提炼/经验卡片/法条解读/R-PI-244_受害人无过错时体质因素不减轻侵权人责任_要件映射_提炼索引.md,06-沉淀/人伤法域库/R-PI-244_受害人无过错时体质因素不减轻侵权人责任_要件映射_提炼索引.md,提炼源/指针,,
R-PI-244,PI,R-PI-244-受害人无过错时体质因素不减轻侵权人责任.md,06-沉淀/裁判规则库/人伤法/R-PI-244-受害人无过错时体质因素不减轻侵权人责任.md,06-沉淀/人伤法域库/R-PI-244-受害人无过错时体质因素不减轻侵权人责任.md,主卡,,
R-PI-245,PI,R-PI-245-交通事故营养费索赔实务.md,02-提炼/经验卡片/人伤/R-PI-245-交通事故营养费索赔实务.md,06-沉淀/人伤法域库/R-PI-245-交通事故营养费索赔实务.md,提炼源/指针,,
R-PI-245,PI,R-PI-245_营养费的计算标准与证据清单_要件映射_提炼索引.md,02-提炼/经验卡片/法条解读/R-PI-245_营养费的计算标准与证据清单_要件映射_提炼索引.md,06-沉淀/人伤法域库/R-PI-245_营养费的计算标准与证据清单_要件映射_提炼索引.md,提炼源/指针,,
R-PI-245,PI,R-PI-245-营养费的计算标准与证据清单.md,06-沉淀/裁判规则库/人伤法/R-PI-245-营养费的计算标准与证据清单.md,06-沉淀/人伤法域库/R-PI-245-营养费的计算标准与证据清单.md,主卡,,
R-PI-246,PI,R-PI-246_护理费的计算口径与护理依赖_要件映射_提炼索引.md,02-提炼/经验卡片/法条解读/R-PI-246_护理费的计算口径与护理依赖_要件映射_提炼索引.md,06-沉淀/人伤法域库/R-PI-246_护理费的计算口径与护理依赖_要件映射_提炼索引.md,提炼源/指针,,
R-PI-246,PI,R-PI-246-护理费的计算口径与护理依赖.md,06-沉淀/裁判规则库/人伤法/R-PI-246-护理费的计算口径与护理依赖.md,06-沉淀/人伤法域库/R-PI-246-护理费的计算口径与护理依赖.md,主卡,,
R-PI-247,PI,R-PI-247_人身损害赔偿项目计算总表_要件映射_提炼索引.md,02-提炼/经验卡片/法条解读/R-PI-247_人身损害赔偿项目计算总表_要件映射_提炼索引.md,06-沉淀/人伤法域库/R-PI-247_人身损害赔偿项目计算总表_要件映射_提炼索引.md,提炼源/指针,,
R-PI-247,PI,R-PI-247-人身损害赔偿项目计算总表.md,06-沉淀/裁判规则库/人伤法/R-PI-247-人身损害赔偿项目计算总表.md,06-沉淀/人伤法域库/R-PI-247-人身损害赔偿项目计算总表.md,主卡,,
R-PI-248,PI,R-PI-248_一次性伤残就业补助金仲裁时效起算_要件映射_提炼索引.md,02-提炼/经验卡片/法条解读/R-PI-248_一次性伤残就业补助金仲裁时效起算_要件映射_提炼索引.md,06-沉淀/人伤法域库/R-PI-248_一次性伤残就业补助金仲裁时效起算_要件映射_提炼索引.md,提炼源/指针,,
R-PI-248,PI,R-PI-248-一次性伤残就业补助金仲裁时效起算.md,06-沉淀/裁判规则库/人伤法/R-PI-248-一次性伤残就业补助金仲裁时效起算.md,06-沉淀/人伤法域库/R-PI-248-一次性伤残就业补助金仲裁时效起算.md,主卡,,
R-PI-249,PI,R-PI-249_成伤机制鉴定的申请要点与避坑_要件映射_提炼索引.md,02-提炼/经验卡片/法条解读/R-PI-249_成伤机制鉴定的申请要点与避坑_要件映射_提炼索引.md,06-沉淀/人伤法域库/R-PI-249_成伤机制鉴定的申请要点与避坑_要件映射_提炼索引.md,提炼源/指针,,
R-PI-249,PI,R-PI-249-成伤机制鉴定的申请要点与避坑.md,06-沉淀/裁判规则库/人伤法/R-PI-249-成伤机制鉴定的申请要点与避坑.md,06-沉淀/人伤法域库/R-PI-249-成伤机制鉴定的申请要点与避坑.md,主卡,,
R-PI-250,PI,R-PI-250_医疗损害鉴定中的法律思维框架_要件映射_提炼索引.md,02-提炼/经验卡片/法条解读/R-PI-250_医疗损害鉴定中的法律思维框架_要件映射_提炼索引.md,06-沉淀/人伤法域库/R-PI-250_医疗损害鉴定中的法律思维框架_要件映射_提炼索引.md,提炼源/指针,,
R-PI-250,PI,R-PI-250-医疗损害鉴定中的法律思维框架.md,06-沉淀/裁判规则库/人伤法/R-PI-250-医疗损害鉴定中的法律思维框架.md,06-沉淀/人伤法域库/R-PI-250-医疗损害鉴定中的法律思维框架.md,主卡,,
R-PI-251,PI,R-PI-251_人身损害被告方答辩的四层体系_要件映射_提炼索引.md,02-提炼/经验卡片/法条解读/R-PI-251_人身损害被告方答辩的四层体系_要件映射_提炼索引.md,06-沉淀/人伤法域库/R-PI-251_人身损害被告方答辩的四层体系_要件映射_提炼索引.md,提炼源/指针,,
R-PI-251,PI,R-PI-251-人身损害被告方答辩的四层体系.md,06-沉淀/裁判规则库/人伤法/R-PI-251-人身损害被告方答辩的四层体系.md,06-沉淀/人伤法域库/R-PI-251-人身损害被告方答辩的四层体系.md,主卡,,
R-PI-252,PI,R-PI-252_医疗过错鉴定意见的实体与程序审查_要件映射_提炼索引.md,02-提炼/经验卡片/法条解读/R-PI-252_医疗过错鉴定意见的实体与程序审查_要件映射_提炼索引.md,06-沉淀/人伤法域库/R-PI-252_医疗过错鉴定意见的实体与程序审查_要件映射_提炼索引.md,提炼源/指针,,
R-PI-252,PI,R-PI-252-医疗过错鉴定意见的实体与程序审查.md,06-沉淀/裁判规则库/人伤法/R-PI-252-医疗过错鉴定意见的实体与程序审查.md,06-沉淀/人伤法域库/R-PI-252-医疗过错鉴定意见的实体与程序审查.md,主卡,,
R-PI-253,PI,R-PI-253_机动车与行人交通事故的注意义务与责任划分_要件映射_提炼索引.md,02-提炼/经验卡片/法条解读/R-PI-253_机动车与行人交通事故的注意义务与责任划分_要件映射_提炼索引.md,06-沉淀/人伤法域库/R-PI-253_机动车与行人交通事故的注意义务与责任划分_要件映射_提炼索引.md,提炼源/指针,,
R-PI-253,PI,R-PI-253-机动车与行人交通事故的注意义务与责任划分.md,06-沉淀/裁判规则库/人伤法/R-PI-253-机动车与行人交通事故的注意义务与责任划分.md,06-沉淀/人伤法域库/R-PI-253-机动车与行人交通事故的注意义务与责任划分.md,主卡,,
R-PI-254,PI,R-PI-254_医疗损害鉴定意见审查与以鉴代审之否定_要件映射_提炼索引.md,02-提炼/经验卡片/法条解读/R-PI-254_医疗损害鉴定意见审查与以鉴代审之否定_要件映射_提炼索引.md,06-沉淀/人伤法域库/R-PI-254_医疗损害鉴定意见审查与以鉴代审之否定_要件映射_提炼索引.md,提炼源/指针,,
R-PI-254,PI,R-PI-254-医疗损害鉴定意见审查与以鉴代审之否定.md,06-沉淀/裁判规则库/人伤法/R-PI-254-医疗损害鉴定意见审查与以鉴代审之否定.md,06-沉淀/人伤法域库/R-PI-254-医疗损害鉴定意见审查与以鉴代审之否定.md,主卡,,
R-PI-255,PI,R-PI-255_未投保交强险投保义务人限额内共同赔偿_要件映射_提炼索引.md,02-提炼/经验卡片/法条解读/R-PI-255_未投保交强险投保义务人限额内共同赔偿_要件映射_提炼索引.md,06-沉淀/人伤法域库/R-PI-255_未投保交强险投保义务人限额内共同赔偿_要件映射_提炼索引.md,提炼源/指针,,
R-PI-255,PI,R-PI-255-未投保交强险投保义务人限额内共同赔偿.md,06-沉淀/裁判规则库/人伤法/R-PI-255-未投保交强险投保义务人限额内共同赔偿.md,06-沉淀/人伤法域库/R-PI-255-未投保交强险投保义务人限额内共同赔偿.md,主卡,,
R-PI-256,PI,R-PI-256-医疗机构病历管理规定2013版关键条款.md,02-提炼/IMA回补笔记/2026-09-07/R-PI-256-医疗机构病历管理规定2013版关键条款.md,06-沉淀/人伤法域库/R-PI-256-医疗机构病历管理规定2013版关键条款.md,提炼源/指针,,
R-PI-256,PI,R-PI-256-医疗机构病历管理规定2013版关键条款.md,06-沉淀/裁判规则库/人伤法/R-PI-256-医疗机构病历管理规定2013版关键条款.md,06-沉淀/人伤法域库/R-PI-256-医疗机构病历管理规定2013版关键条款.md,主卡,,
R-PI-257,PI,R-PI-257-医师外出会诊管理暂行规定2026修订.md,02-提炼/IMA回补笔记/2026-09-07/R-PI-257-医师外出会诊管理暂行规定2026修订.md,06-沉淀/人伤法域库/R-PI-257-医师外出会诊管理暂行规定2026修订.md,提炼源/指针,,
R-PI-257,PI,R-PI-257-医师外出会诊管理暂行规定2026修订.md,06-沉淀/裁判规则库/人伤法/R-PI-257-医师外出会诊管理暂行规定2026修订.md,06-沉淀/人伤法域库/R-PI-257-医师外出会诊管理暂行规定2026修订.md,主卡,,
R-PI-258,PI,R-PI-258-韩杰医生医疗事故罪申诉七疑点.md,02-提炼/IMA回补笔记/2026-09-07/R-PI-258-韩杰医生医疗事故罪申诉七疑点.md,06-沉淀/人伤法域库/R-PI-258-韩杰医生医疗事故罪申诉七疑点.md,提炼源/指针,,
R-PI-258,PI,R-PI-258-韩杰医生医疗事故罪申诉七疑点.md,06-沉淀/裁判规则库/人伤法/R-PI-258-韩杰医生医疗事故罪申诉七疑点.md,06-沉淀/人伤法域库/R-PI-258-韩杰医生医疗事故罪申诉七疑点.md,主卡,,
R-PI-259,PI,R-PI-259-交通事故赔偿项目总表与交强险限额.md,06-沉淀/裁判规则库/人伤法/R-PI-259-交通事故赔偿项目总表与交强险限额.md,06-沉淀/人伤法域库/R-PI-259-交通事故赔偿项目总表与交强险限额.md,主卡,,
R-PI-260,PI,R-PI-260-交强险与商业三者险三层赔偿顺位.md,06-沉淀/裁判规则库/人伤法/R-PI-260-交强险与商业三者险三层赔偿顺位.md,06-沉淀/人伤法域库/R-PI-260-交强险与商业三者险三层赔偿顺位.md,主卡,,
R-PI-261,PI,R-PI-261-残疾赔偿金计算与多等级伤残附加指数.md,06-沉淀/裁判规则库/人伤法/R-PI-261-残疾赔偿金计算与多等级伤残附加指数.md,06-沉淀/人伤法域库/R-PI-261-残疾赔偿金计算与多等级伤残附加指数.md,主卡,,
R-PI-262,PI,R-PI-262-死亡赔偿金与丧葬费计算.md,06-沉淀/裁判规则库/人伤法/R-PI-262-死亡赔偿金与丧葬费计算.md,06-沉淀/人伤法域库/R-PI-262-死亡赔偿金与丧葬费计算.md,主卡,,
R-PI-263,PI,R-PI-263-被扶养人生活费计算与多被扶养人封顶.md,06-沉淀/裁判规则库/人伤法/R-PI-263-被扶养人生活费计算与多被扶养人封顶.md,06-沉淀/人伤法域库/R-PI-263-被扶养人生活费计算与多被扶养人封顶.md,主卡,,
R-PI-264,PI,R-PI-264-误工费计算与误工期认定.md,06-沉淀/裁判规则库/人伤法/R-PI-264-误工费计算与误工期认定.md,06-沉淀/人伤法域库/R-PI-264-误工费计算与误工期认定.md,主卡,,
R-PI-265,PI,R-PI-265-医疗费与非医保用药扣除抗辩.md,06-沉淀/裁判规则库/人伤法/R-PI-265-医疗费与非医保用药扣除抗辩.md,06-沉淀/人伤法域库/R-PI-265-医疗费与非医保用药扣除抗辩.md,主卡,,
R-PI-266,PI,R-PI-266-交通事故与工伤竞合双赔辨析.md,06-沉淀/裁判规则库/人伤法/R-PI-266-交通事故与工伤竞合双赔辨析.md,06-沉淀/人伤法域库/R-PI-266-交通事故与工伤竞合双赔辨析.md,主卡,,
R-PI-267,PI,R-PI-267-医疗过错举证责任与过错推定攻防.md,06-沉淀/裁判规则库/证据规则/R-PI-267-医疗过错举证责任与过错推定攻防.md,06-沉淀/人伤法域库/R-PI-267-医疗过错举证责任与过错推定攻防.md,主卡,,
R-PI-268,PI,R-PI-268-营养费与住院伙食补助费计算.md,06-沉淀/裁判规则库/人伤法/R-PI-268-营养费与住院伙食补助费计算.md,06-沉淀/人伤法域库/R-PI-268-营养费与住院伙食补助费计算.md,主卡,,
R-PI-269,PI,R-PI-269-交通费计算就医转院陪护.md,06-沉淀/裁判规则库/人伤法/R-PI-269-交通费计算就医转院陪护.md,06-沉淀/人伤法域库/R-PI-269-交通费计算就医转院陪护.md,主卡,,
R-PI-270,PI,R-PI-270-残疾辅助器具费计算.md,06-沉淀/裁判规则库/人伤法/R-PI-270-残疾辅助器具费计算.md,06-沉淀/人伤法域库/R-PI-270-残疾辅助器具费计算.md,主卡,,
R-PI-271,PI,R-PI-271-后续治疗费与医疗依赖计算康复费整容费.md,06-沉淀/裁判规则库/人伤法/R-PI-271-后续治疗费与医疗依赖计算康复费整容费.md,06-沉淀/人伤法域库/R-PI-271-后续治疗费与医疗依赖计算康复费整容费.md,主卡,,
R-PI-272,PI,R-PI-272-财产损失与停运损失计算.md,06-沉淀/裁判规则库/人伤法/R-PI-272-财产损失与停运损失计算.md,06-沉淀/人伤法域库/R-PI-272-财产损失与停运损失计算.md,主卡,,
R-PI-273,PI,R-PI-273-精神损害抚慰金计算贵州酌定口径.md,06-沉淀/裁判规则库/人伤法/R-PI-273-精神损害抚慰金计算贵州酌定口径.md,06-沉淀/人伤法域库/R-PI-273-精神损害抚慰金计算贵州酌定口径.md,主卡,,
R-PI-274,PI,R-PI-274-鉴定费与费用负担.md,06-沉淀/裁判规则库/人伤法/R-PI-274-鉴定费与费用负担.md,06-沉淀/人伤法域库/R-PI-274-鉴定费与费用负担.md,主卡,,
R-PI-275,PI,R-PI-275-护理费计算护理期护理人数护理级别.md,06-沉淀/裁判规则库/人伤法/R-PI-275-护理费计算护理期护理人数护理级别.md,06-沉淀/人伤法域库/R-PI-275-护理费计算护理期护理人数护理级别.md,主卡,,
R-PI-276,PI,R-PI-276-医疗美容与服务广告疗效承诺治愈保证合规红线.md,06-沉淀/裁判规则库/人伤法/R-PI-276-医疗美容与服务广告疗效承诺治愈保证合规红线.md,06-沉淀/人伤法域库/R-PI-276-医疗美容与服务广告疗效承诺治愈保证合规红线.md,主卡,,
R-PI-277,PI,R-PI-277-超标电动车交通事故过错责任与机动车方比例.md,06-沉淀/裁判规则库/人伤法/R-PI-277-超标电动车交通事故过错责任与机动车方比例.md,06-沉淀/人伤法域库/R-PI-277-超标电动车交通事故过错责任与机动车方比例.md,主卡,,
R-PI-278,PI,R-PI-278-医疗损害多因一果原因力参与度-2026-09-09.md,06-沉淀/裁判规则库/人伤法/R-PI-278-医疗损害多因一果原因力参与度-2026-09-09.md,06-沉淀/人伤法域库/R-PI-278-医疗损害多因一果原因力参与度-2026-09-09.md,主卡,,
R-PI-279,PI,R-PI-279-交强险无责赔付与投保义务人无过错责任-2026-09-09.md,06-沉淀/裁判规则库/人伤法/R-PI-279-交强险无责赔付与投保义务人无过错责任-2026-09-09.md,06-沉淀/人伤法域库/R-PI-279-交强险无责赔付与投保义务人无过错责任-2026-09-09.md,主卡,,
R-PI-280,PI,R-PI-280-交强险赔偿对象与本车人员、被保险人的界定.md,06-沉淀/裁判规则库/机动车交通事故责任纠纷/R-PI-280-交强险赔偿对象与本车人员、被保险人的界定.md,06-沉淀/人伤法域库/R-PI-280-交强险赔偿对象与本车人员、被保险人的界定.md,主卡,,
R-PI-281,PI,R-PI-281-交强险赔偿范围与限额：有责全赔与无责限额的分野.md,06-沉淀/裁判规则库/机动车交通事故责任纠纷/R-PI-281-交强险赔偿范围与限额：有责全赔与无责限额的分野.md,06-沉淀/人伤法域库/R-PI-281-交强险赔偿范围与限额：有责全赔与无责限额的分野.md,主卡,,
R-PI-282,PI,R-PI-282-交强险保险公司追偿权的行使边界.md,06-沉淀/裁判规则库/机动车交通事故责任纠纷/R-PI-282-交强险保险公司追偿权的行使边界.md,06-沉淀/人伤法域库/R-PI-282-交强险保险公司追偿权的行使边界.md,主卡,,
R-PI-283,PI,R-PI-283-多车事故的保险责任分配规则.md,06-沉淀/裁判规则库/机动车交通事故责任纠纷/R-PI-283-多车事故的保险责任分配规则.md,06-沉淀/人伤法域库/R-PI-283-多车事故的保险责任分配规则.md,主卡,,
R-PI-284,PI,R-PI-284-特种车辆作业事故与主挂车的交强险责任.md,06-沉淀/裁判规则库/机动车交通事故责任纠纷/R-PI-284-特种车辆作业事故与主挂车的交强险责任.md,06-沉淀/人伤法域库/R-PI-284-特种车辆作业事故与主挂车的交强险责任.md,主卡,,
R-PI-285,PI,R-PI-285-交通肇事逃逸的认定：民刑差异与举证责任分配.md,06-沉淀/裁判规则库/机动车交通事故责任纠纷/R-PI-285-交通肇事逃逸的认定：民刑差异与举证责任分配.md,06-沉淀/人伤法域库/R-PI-285-交通肇事逃逸的认定：民刑差异与举证责任分配.md,主卡,,
R-PI-286,PI,R-PI-286-醉酒驾驶与无证驾驶的商业三者险免责认定.md,06-沉淀/裁判规则库/机动车交通事故责任纠纷/R-PI-286-醉酒驾驶与无证驾驶的商业三者险免责认定.md,06-沉淀/人伤法域库/R-PI-286-醉酒驾驶与无证驾驶的商业三者险免责认定.md,主卡,,
R-PI-287,PI,R-PI-287-危险程度显著增加的认定：转让、未年检与改变使用用途.md,06-沉淀/裁判规则库/机动车交通事故责任纠纷/R-PI-287-危险程度显著增加的认定：转让、未年检与改变使用用途.md,06-沉淀/人伤法域库/R-PI-287-危险程度显著增加的认定：转让、未年检与改变使用用途.md,主卡,,
R-PI-288,PI,R-PI-288-电子病历怎么封存-采集笔记-2026-09-11.md,02-提炼/公众号文章笔记/R-PI-288-电子病历怎么封存-采集笔记-2026-09-11.md,06-沉淀/人伤法域库/R-PI-288-电子病历怎么封存-采集笔记-2026-09-11.md,提炼源/指针,,
R-PI-288,PI,R-PI-288-挂靠车辆单方事故致受雇司机受损的责任主体.md,06-沉淀/裁判规则库/机动车交通事故责任纠纷/R-PI-288-挂靠车辆单方事故致受雇司机受损的责任主体.md,06-沉淀/人伤法域库/R-PI-288-挂靠车辆单方事故致受雇司机受损的责任主体.md,主卡,,
R-PI-289,PI,R-PI-289-医疗事故鉴定与医疗损害鉴定的区别-采集笔记-2026-09-11.md,02-提炼/公众号文章笔记/R-PI-289-医疗事故鉴定与医疗损害鉴定的区别-采集笔记-2026-09-11.md,06-沉淀/人伤法域库/R-PI-289-医疗事故鉴定与医疗损害鉴定的区别-采集笔记-2026-09-11.md,提炼源/指针,,
R-PI-289,PI,R-PI-289-租赁、融资租赁与分期付款车辆的责任主体.md,06-沉淀/裁判规则库/机动车交通事故责任纠纷/R-PI-289-租赁、融资租赁与分期付款车辆的责任主体.md,06-沉淀/人伤法域库/R-PI-289-租赁、融资租赁与分期付款车辆的责任主体.md,主卡,,
R-PI-290,PI,R-PI-290-道路管理维护缺陷与不得进入高速公路者的责任主体.md,06-沉淀/裁判规则库/机动车交通事故责任纠纷/R-PI-290-道路管理维护缺陷与不得进入高速公路者的责任主体.md,06-沉淀/人伤法域库/R-PI-290-道路管理维护缺陷与不得进入高速公路者的责任主体.md,主卡,,
R-PI-291,PI,R-PI-291-试乘、借名买车与乘车人开车门致损的责任主体.md,06-沉淀/裁判规则库/机动车交通事故责任纠纷/R-PI-291-试乘、借名买车与乘车人开车门致损的责任主体.md,06-沉淀/人伤法域库/R-PI-291-试乘、借名买车与乘车人开车门致损的责任主体.md,主卡,,
R-PI-292,PI,R-PI-292-机动车交通事故的归责原则与免责事由.md,06-沉淀/裁判规则库/机动车交通事故责任纠纷/R-PI-292-机动车交通事故的归责原则与免责事由.md,06-沉淀/人伤法域库/R-PI-292-机动车交通事故的归责原则与免责事由.md,主卡,,
R-PI-293,PI,R-PI-293-事故责任程度的确定与贵州地方赔偿比例.md,06-沉淀/裁判规则库/机动车交通事故责任纠纷/R-PI-293-事故责任程度的确定与贵州地方赔偿比例.md,06-沉淀/人伤法域库/R-PI-293-事故责任程度的确定与贵州地方赔偿比例.md,主卡,,
R-PI-294,PI,R-PI-294-好意同乘的责任承担与除外情形.md,06-沉淀/裁判规则库/机动车交通事故责任纠纷/R-PI-294-好意同乘的责任承担与除外情形.md,06-沉淀/人伤法域库/R-PI-294-好意同乘的责任承担与除外情形.md,主卡,,
R-PI-295,PI,R-PI-295-网约车交通事故致人损害的责任承担.md,06-沉淀/裁判规则库/机动车交通事故责任纠纷/R-PI-295-网约车交通事故致人损害的责任承担.md,06-沉淀/人伤法域库/R-PI-295-网约车交通事故致人损害的责任承担.md,主卡,,
R-PI-296,PI,R-PI-296-未依法投保交强险时投保义务人与侵权人的责任.md,06-沉淀/裁判规则库/机动车交通事故责任纠纷/R-PI-296-未依法投保交强险时投保义务人与侵权人的责任.md,06-沉淀/人伤法域库/R-PI-296-未依法投保交强险时投保义务人与侵权人的责任.md,主卡,,
R-PI-297,PI,R-PI-297-车损鉴定的审查与鉴定人出庭.md,06-沉淀/裁判规则库/机动车交通事故责任纠纷/R-PI-297-车损鉴定的审查与鉴定人出庭.md,06-沉淀/人伤法域库/R-PI-297-车损鉴定的审查与鉴定人出庭.md,主卡,,
R-PI-298,PI,R-PI-298-事故车辆财产损失的认定规则.md,06-沉淀/裁判规则库/机动车交通事故责任纠纷/R-PI-298-事故车辆财产损失的认定规则.md,06-沉淀/人伤法域库/R-PI-298-事故车辆财产损失的认定规则.md,主卡,,
R-PI-299,PI,R-PI-299-台班费与车主误工费的赔偿归类.md,06-沉淀/裁判规则库/机动车交通事故责任纠纷/R-PI-299-台班费与车主误工费的赔偿归类.md,06-沉淀/人伤法域库/R-PI-299-台班费与车主误工费的赔偿归类.md,主卡,,
R-PI-300,PI,R-PI-300-投保人如实告知义务：故意不告知与重大过失未告知的区分.md,06-沉淀/裁判规则库/机动车交通事故责任纠纷/R-PI-300-投保人如实告知义务：故意不告知与重大过失未告知的区分.md,06-沉淀/人伤法域库/R-PI-300-投保人如实告知义务：故意不告知与重大过失未告知的区分.md,主卡,,
R-PI-301,PI,R-PI-301-超医保用药的认定及其保险责任.md,06-沉淀/裁判规则库/机动车交通事故责任纠纷/R-PI-301-超医保用药的认定及其保险责任.md,06-沉淀/人伤法域库/R-PI-301-超医保用药的认定及其保险责任.md,主卡,,
R-PI-302,PI,R-PI-302-未及时报险的保险责任.md,06-沉淀/裁判规则库/机动车交通事故责任纠纷/R-PI-302-未及时报险的保险责任.md,06-沉淀/人伤法域库/R-PI-302-未及时报险的保险责任.md,主卡,,
R-PI-303,PI,R-PI-303-无道路运输从业资格证驾驶机动车的保险责任.md,06-沉淀/裁判规则库/机动车交通事故责任纠纷/R-PI-303-无道路运输从业资格证驾驶机动车的保险责任.md,06-沉淀/人伤法域库/R-PI-303-无道路运输从业资格证驾驶机动车的保险责任.md,主卡,,
R-PI-304,PI,R-PI-304-增驾实习期内发生交通事故的保险责任.md,06-沉淀/裁判规则库/机动车交通事故责任纠纷/R-PI-304-增驾实习期内发生交通事故的保险责任.md,06-沉淀/人伤法域库/R-PI-304-增驾实习期内发生交通事故的保险责任.md,主卡,,
R-PI-305,PI,R-PI-305-家庭自用汽车改变用途与危险程度显著增加的认定.md,06-沉淀/裁判规则库/机动车交通事故责任纠纷/R-PI-305-家庭自用汽车改变用途与危险程度显著增加的认定.md,06-沉淀/人伤法域库/R-PI-305-家庭自用汽车改变用途与危险程度显著增加的认定.md,主卡,,
R-PI-306,PI,R-PI-306-商业三者险免责条款的类型化审查标准.md,06-沉淀/裁判规则库/机动车交通事故责任纠纷/R-PI-306-商业三者险免责条款的类型化审查标准.md,06-沉淀/人伤法域库/R-PI-306-商业三者险免责条款的类型化审查标准.md,主卡,,
R-PI-307,PI,R-PI-307-保险人法定提示义务的履行标准.md,06-沉淀/裁判规则库/机动车交通事故责任纠纷/R-PI-307-保险人法定提示义务的履行标准.md,06-沉淀/人伤法域库/R-PI-307-保险人法定提示义务的履行标准.md,主卡,,
R-PI-308,PI,R-PI-308-保险人法定明确说明义务的履行标准.md,06-沉淀/裁判规则库/机动车交通事故责任纠纷/R-PI-308-保险人法定明确说明义务的履行标准.md,06-沉淀/人伤法域库/R-PI-308-保险人法定明确说明义务的履行标准.md,主卡,,
R-PI-309,PI,R-PI-309-电子保单中提示与明确说明义务的认定.md,06-沉淀/裁判规则库/机动车交通事故责任纠纷/R-PI-309-电子保单中提示与明确说明义务的认定.md,06-沉淀/人伤法域库/R-PI-309-电子保单中提示与明确说明义务的认定.md,主卡,,
R-PI-310,PI,R-PI-310-营运车辆的认定标准.md,06-沉淀/裁判规则库/机动车交通事故责任纠纷/R-PI-310-营运车辆的认定标准.md,06-沉淀/人伤法域库/R-PI-310-营运车辆的认定标准.md,主卡,,
R-PI-311,PI,R-PI-311-自货自运车辆的营运性认定.md,06-沉淀/裁判规则库/机动车交通事故责任纠纷/R-PI-311-自货自运车辆的营运性认定.md,06-沉淀/人伤法域库/R-PI-311-自货自运车辆的营运性认定.md,主卡,,
R-PI-312,PI,R-PI-312-网约车与顺风车的营运性区分.md,06-沉淀/裁判规则库/机动车交通事故责任纠纷/R-PI-312-网约车与顺风车的营运性区分.md,06-沉淀/人伤法域库/R-PI-312-网约车与顺风车的营运性区分.md,主卡,,
R-PI-313,PI,R-PI-313-营运车辆以非营运性质投保的危险程度显著增加.md,06-沉淀/裁判规则库/机动车交通事故责任纠纷/R-PI-313-营运车辆以非营运性质投保的危险程度显著增加.md,06-沉淀/人伤法域库/R-PI-313-营运车辆以非营运性质投保的危险程度显著增加.md,主卡,,
R-PI-314,PI,R-PI-314-安全统筹企业参与赔付的处理.md,06-沉淀/裁判规则库/机动车交通事故责任纠纷/R-PI-314-安全统筹企业参与赔付的处理.md,06-沉淀/人伤法域库/R-PI-314-安全统筹企业参与赔付的处理.md,主卡,,
R-PI-315,PI,R-PI-315-交通事故调解协议的履行与另行起诉.md,06-沉淀/裁判规则库/机动车交通事故责任纠纷/R-PI-315-交通事故调解协议的履行与另行起诉.md,06-沉淀/人伤法域库/R-PI-315-交通事故调解协议的履行与另行起诉.md,主卡,,
R-PI-316,PI,R-PI-316-道路救助基金垫付款的追偿与诉讼处理.md,06-沉淀/裁判规则库/机动车交通事故责任纠纷/R-PI-316-道路救助基金垫付款的追偿与诉讼处理.md,06-沉淀/人伤法域库/R-PI-316-道路救助基金垫付款的追偿与诉讼处理.md,主卡,,
R-PI-317,PI,R-PI-317-机动车交通事故案件受理费的负担规则.md,06-沉淀/裁判规则库/机动车交通事故责任纠纷/R-PI-317-机动车交通事故案件受理费的负担规则.md,06-沉淀/人伤法域库/R-PI-317-机动车交通事故案件受理费的负担规则.md,主卡,,
R-PI-318,PI,R-PI-318.md,06-沉淀/裁判规则库/人伤法/R-PI-318.md,06-沉淀/人伤法域库/R-PI-318.md,主卡,,
R-PI-319,PI,R-PI-319.md,06-沉淀/裁判规则库/人伤法/R-PI-319.md,06-沉淀/人伤法域库/R-PI-319.md,主卡,,
R-PI-320,PI,R-PI-320.md,06-沉淀/裁判规则库/人伤法/R-PI-320.md,06-沉淀/人伤法域库/R-PI-320.md,主卡,,
R-PI-321,PI,R-PI-321.md,06-沉淀/裁判规则库/人伤法/R-PI-321.md,06-沉淀/人伤法域库/R-PI-321.md,主卡,,
R-PI-322,PI,R-PI-322.md,06-沉淀/裁判规则库/人伤法/R-PI-322.md,06-沉淀/人伤法域库/R-PI-322.md,主卡,,
R-PI-323,PI,R-PI-323.md,06-沉淀/裁判规则库/人伤法/R-PI-323.md,06-沉淀/人伤法域库/R-PI-323.md,主卡,,
R-PI-324,PI,R-PI-324.md,06-沉淀/裁判规则库/人伤法/R-PI-324.md,06-沉淀/人伤法域库/R-PI-324.md,主卡,,
R-PI-325,PI,R-PI-325.md,06-沉淀/裁判规则库/人伤法/R-PI-325.md,06-沉淀/人伤法域库/R-PI-325.md,主卡,,
R-PI-326,PI,R-PI-326.md,06-沉淀/裁判规则库/人伤法/R-PI-326.md,06-沉淀/人伤法域库/R-PI-326.md,主卡,,
R-PI-327,PI,R-PI-327.md,06-沉淀/裁判规则库/人伤法/R-PI-327.md,06-沉淀/人伤法域库/R-PI-327.md,主卡,,
R-PI-328,PI,R-PI-328.md,06-沉淀/裁判规则库/人伤法/R-PI-328.md,06-沉淀/人伤法域库/R-PI-328.md,主卡,,
R-PI-329,PI,R-PI-329.md,06-沉淀/裁判规则库/人伤法/R-PI-329.md,06-沉淀/人伤法域库/R-PI-329.md,主卡,,
R-PI-330,PI,R-PI-330.md,06-沉淀/裁判规则库/人伤法/R-PI-330.md,06-沉淀/人伤法域库/R-PI-330.md,主卡,,
R-PI-331,PI,R-PI-331.md,06-沉淀/裁判规则库/人伤法/R-PI-331.md,06-沉淀/人伤法域库/R-PI-331.md,主卡,,
R-PI-332,PI,R-PI-332.md,06-沉淀/裁判规则库/人伤法/R-PI-332.md,06-沉淀/人伤法域库/R-PI-332.md,主卡,,
R-PI-333,PI,R-PI-333.md,06-沉淀/裁判规则库/人伤法/R-PI-333.md,06-沉淀/人伤法域库/R-PI-333.md,主卡,,
R-PI-334,PI,R-PI-334.md,06-沉淀/裁判规则库/人伤法/R-PI-334.md,06-沉淀/人伤法域库/R-PI-334.md,主卡,,
R-PI-335,PI,R-PI-335.md,06-沉淀/裁判规则库/人伤法/R-PI-335.md,06-沉淀/人伤法域库/R-PI-335.md,主卡,,
R-PI-336,PI,R-PI-336.md,06-沉淀/裁判规则库/人伤法/R-PI-336.md,06-沉淀/人伤法域库/R-PI-336.md,主卡,,
R-PI-337,PI,R-PI-337.md,06-沉淀/裁判规则库/人伤法/R-PI-337.md,06-沉淀/人伤法域库/R-PI-337.md,主卡,,
R-PI-338,PI,R-PI-338.md,06-沉淀/裁判规则库/人伤法/R-PI-338.md,06-沉淀/人伤法域库/R-PI-338.md,主卡,,
R-PI-339,PI,R-PI-339.md,06-沉淀/裁判规则库/人伤法/R-PI-339.md,06-沉淀/人伤法域库/R-PI-339.md,主卡,,
R-PI-340,PI,R-PI-340.md,06-沉淀/裁判规则库/人伤法/R-PI-340.md,06-沉淀/人伤法域库/R-PI-340.md,主卡,,
R-PI-341,PI,R-PI-341.md,06-沉淀/裁判规则库/人伤法/R-PI-341.md,06-沉淀/人伤法域库/R-PI-341.md,主卡,,
R-PI-342,PI,R-PI-342.md,06-沉淀/裁判规则库/人伤法/R-PI-342.md,06-沉淀/人伤法域库/R-PI-342.md,主卡,,
R-PI-343,PI,R-PI-343.md,06-沉淀/裁判规则库/人伤法/R-PI-343.md,06-沉淀/人伤法域库/R-PI-343.md,主卡,,
R-PI-344,PI,R-PI-344.md,06-沉淀/裁判规则库/人伤法/R-PI-344.md,06-沉淀/人伤法域库/R-PI-344.md,主卡,,
R-PI-345,PI,R-PI-345.md,06-沉淀/裁判规则库/人伤法/R-PI-345.md,06-沉淀/人伤法域库/R-PI-345.md,主卡,,
R-PI-346,PI,R-PI-346.md,06-沉淀/裁判规则库/人伤法/R-PI-346.md,06-沉淀/人伤法域库/R-PI-346.md,主卡,,
R-PI-347,PI,R-PI-347.md,06-沉淀/裁判规则库/人伤法/R-PI-347.md,06-沉淀/人伤法域库/R-PI-347.md,主卡,,
R-PI-348,PI,R-PI-348.md,06-沉淀/裁判规则库/人伤法/R-PI-348.md,06-沉淀/人伤法域库/R-PI-348.md,主卡,,
R-PI-349,PI,R-PI-349.md,06-沉淀/裁判规则库/人伤法/R-PI-349.md,06-沉淀/人伤法域库/R-PI-349.md,主卡,,
R-PI-350,PI,R-PI-350.md,06-沉淀/裁判规则库/人伤法/R-PI-350.md,06-沉淀/人伤法域库/R-PI-350.md,主卡,,
R-PI-351,PI,R-PI-351-医疗损害过错推定病历隐匿伪造篡改拒绝提供.md,06-沉淀/裁判规则库/人伤法/R-PI-351-医疗损害过错推定病历隐匿伪造篡改拒绝提供.md,06-沉淀/人伤法域库/R-PI-351-医疗损害过错推定病历隐匿伪造篡改拒绝提供.md,主卡,,
R-PI-352,PI,R-PI-352-好意同乘减轻赔偿责任重大过失除外.md,06-沉淀/裁判规则库/人伤法/R-PI-352-好意同乘减轻赔偿责任重大过失除外.md,06-沉淀/人伤法域库/R-PI-352-好意同乘减轻赔偿责任重大过失除外.md,主卡,,
R-PI-353,PI,R-PI-353-交通事故责任认定与过错举证攻防.md,06-沉淀/裁判规则库/证据规则/R-PI-353-交通事故责任认定与过错举证攻防.md,06-沉淀/人伤法域库/R-PI-353-交通事故责任认定与过错举证攻防.md,主卡,,
R-PI-354,PI,R-PI-354-机动车交通事故保险责任举证交强险与商业险.md,06-沉淀/裁判规则库/证据规则/R-PI-354-机动车交通事故保险责任举证交强险与商业险.md,06-沉淀/人伤法域库/R-PI-354-机动车交通事故保险责任举证交强险与商业险.md,主卡,,
R-PI-355,PI,R-PI-355-机动车交通事故损害赔偿项目与主体资格举证.md,06-沉淀/裁判规则库/证据规则/R-PI-355-机动车交通事故损害赔偿项目与主体资格举证.md,06-沉淀/人伤法域库/R-PI-355-机动车交通事故损害赔偿项目与主体资格举证.md,主卡,,
R-PI-356,PI,R-PI-356-医疗告知义务代签与举证不能.md,06-沉淀/裁判规则库/人伤法/R-PI-356-医疗告知义务代签与举证不能.md,06-沉淀/人伤法域库/R-PI-356-医疗告知义务代签与举证不能.md,主卡,,
R-PI-357,PI,R-PI-357-堆放物倒塌滚落滑落致害堆放人过错推定.md,06-沉淀/裁判规则库/人伤法/R-PI-357-堆放物倒塌滚落滑落致害堆放人过错推定.md,06-沉淀/人伤法域库/R-PI-357-堆放物倒塌滚落滑落致害堆放人过错推定.md,主卡,,
R-PI-358,PI,R-PI-358-林木折断倾倒果实坠落致害林木所有人管理人过错推定.md,06-沉淀/裁判规则库/人伤法/R-PI-358-林木折断倾倒果实坠落致害林木所有人管理人过错推定.md,06-沉淀/人伤法域库/R-PI-358-林木折断倾倒果实坠落致害林木所有人管理人过错推定.md,主卡,,
R-PI-359,PI,R-PI-359-公共道路堆放倾倒遗撒妨碍通行致害行为人责任与道路管理人相应责任.md,06-沉淀/裁判规则库/人伤法/R-PI-359-公共道路堆放倾倒遗撒妨碍通行致害行为人责任与道路管理人相应责任.md,06-沉淀/人伤法域库/R-PI-359-公共道路堆放倾倒遗撒妨碍通行致害行为人责任与道路管理人相应责任.md,主卡,,
R-PI-360,PI,R-PI-360-未经许可进入高度危险区域受损害管理人尽充分安全措施与警示可减责免责.md,06-沉淀/裁判规则库/人伤法/R-PI-360-未经许可进入高度危险区域受损害管理人尽充分安全措施与警示可减责免责.md,06-沉淀/人伤法域库/R-PI-360-未经许可进入高度危险区域受损害管理人尽充分安全措施与警示可减责免责.md,主卡,,
R-PI-361,PI,R-PI-361-产品缺陷因运输者仓储者等第三人过错生产者销售者赔偿后追偿.md,06-沉淀/裁判规则库/人伤法/R-PI-361-产品缺陷因运输者仓储者等第三人过错生产者销售者赔偿后追偿.md,06-沉淀/人伤法域库/R-PI-361-产品缺陷因运输者仓储者等第三人过错生产者销售者赔偿后追偿.md,主卡,,
R-PI-362,PI,R-PI-362-产品投入流通后发现缺陷未采取补救措施致损害扩大连带责任.md,06-沉淀/裁判规则库/人伤法/R-PI-362-产品投入流通后发现缺陷未采取补救措施致损害扩大连带责任.md,06-沉淀/人伤法域库/R-PI-362-产品投入流通后发现缺陷未采取补救措施致损害扩大连带责任.md,主卡,,
R-PI-363,PI,R-PI-363-教育机构内受第三人人身损害未尽管理职责相应补充责任与追偿.md,06-沉淀/裁判规则库/人伤法/R-PI-363-教育机构内受第三人人身损害未尽管理职责相应补充责任与追偿.md,06-沉淀/人伤法域库/R-PI-363-教育机构内受第三人人身损害未尽管理职责相应补充责任与追偿.md,主卡,,
R-PI-364,PI,R-PI-364-微信私聊问诊的诊疗行为定性与非合规风险边界.md,06-沉淀/裁判规则库/人伤法/R-PI-364-微信私聊问诊的诊疗行为定性与非合规风险边界.md,06-沉淀/人伤法域库/R-PI-364-微信私聊问诊的诊疗行为定性与非合规风险边界.md,主卡,,
R-PI-365,PI,R-PI-365-电子病历封存与操作日志取证实务边界.md,06-沉淀/裁判规则库/人伤法/R-PI-365-电子病历封存与操作日志取证实务边界.md,06-沉淀/人伤法域库/R-PI-365-电子病历封存与操作日志取证实务边界.md,主卡,,
R-PI-366,PI,R-PI-366-医疗事故鉴定与医疗损害鉴定的本质区别与裁判适用.md,06-沉淀/裁判规则库/人伤法/R-PI-366-医疗事故鉴定与医疗损害鉴定的本质区别与裁判适用.md,06-沉淀/人伤法域库/R-PI-366-医疗事故鉴定与医疗损害鉴定的本质区别与裁判适用.md,主卡,,
R-PI-367,PI,R-PI-367-医疗纠纷怎么选律师-采集笔记-2026-09-11.md,02-提炼/公众号文章笔记/R-PI-367-医疗纠纷怎么选律师-采集笔记-2026-09-11.md,06-沉淀/人伤法域库/R-PI-367-医疗纠纷怎么选律师-采集笔记-2026-09-11.md,提炼源/指针,,
R-PI-367,PI,R-PI-367-医疗纠纷选律师六维度与避坑指南.md,06-沉淀/裁判规则库/人伤法/R-PI-367-医疗纠纷选律师六维度与避坑指南.md,06-沉淀/人伤法域库/R-PI-367-医疗纠纷选律师六维度与避坑指南.md,主卡,,
R-PI-368,PI,R-PI-368-医疗说明义务违反知情同意侵权赔偿责任民法典1219.md,06-沉淀/裁判规则库/人伤法/R-PI-368-医疗说明义务违反知情同意侵权赔偿责任民法典1219.md,06-沉淀/人伤法域库/R-PI-368-医疗说明义务违反知情同意侵权赔偿责任民法典1219.md,主卡,,
R-PI-369,PI,R-PI-369-医疗损害鉴定原因力区间司法采信多项核心过错适用上限.md,06-沉淀/裁判规则库/人伤法/R-PI-369-医疗损害鉴定原因力区间司法采信多项核心过错适用上限.md,06-沉淀/人伤法域库/R-PI-369-医疗损害鉴定原因力区间司法采信多项核心过错适用上限.md,主卡,,
R-PI-370,PI,R-PI-370-电动自行车机动车属性认定与交强险投保客观不能.md,06-沉淀/裁判规则库/人伤法/R-PI-370-电动自行车机动车属性认定与交强险投保客观不能.md,06-沉淀/人伤法域库/R-PI-370-电动自行车机动车属性认定与交强险投保客观不能.md,主卡,,
R-PI-371,PI,R-PI-371-机动车交通事故车辆贬值损失的赔偿认定.md,06-沉淀/裁判规则库/机动车交通事故责任纠纷/R-PI-371-机动车交通事故车辆贬值损失的赔偿认定.md,06-沉淀/人伤法域库/R-PI-371-机动车交通事故车辆贬值损失的赔偿认定.md,主卡,,
R-PI-372,PI,R-PI-372-快递业特许经营中特许人的补充赔偿责任.md,06-沉淀/裁判规则库/机动车交通事故责任纠纷/R-PI-372-快递业特许经营中特许人的补充赔偿责任.md,06-沉淀/人伤法域库/R-PI-372-快递业特许经营中特许人的补充赔偿责任.md,主卡,,
R-PI-373,PI,R-PI-373-刑事附带民事诉讼的赔偿范围与物质损失的界定.md,06-沉淀/裁判规则库/人伤法/R-PI-373-刑事附带民事诉讼的赔偿范围与物质损失的界定.md,06-沉淀/人伤法域库/R-PI-373-刑事附带民事诉讼的赔偿范围与物质损失的界定.md,主卡,,
R-PI-374,PI,R-PI-374-交通肇事刑附民的特殊赔偿范围与道交法第七十六条的穿透适用.md,06-沉淀/裁判规则库/人伤法/R-PI-374-交通肇事刑附民的特殊赔偿范围与道交法第七十六条的穿透适用.md,06-沉淀/人伤法域库/R-PI-374-交通肇事刑附民的特殊赔偿范围与道交法第七十六条的穿透适用.md,主卡,,
R-PI-375,PI,R-PI-375-刑附民各项赔偿费用的计算标准与无票据损失的酌定.md,06-沉淀/裁判规则库/人伤法/R-PI-375-刑附民各项赔偿费用的计算标准与无票据损失的酌定.md,06-沉淀/人伤法域库/R-PI-375-刑附民各项赔偿费用的计算标准与无票据损失的酌定.md,主卡,,
R-PI-376,PI,R-PI-376-共同致害的连带赔偿责任与内部分额的划分.md,06-沉淀/裁判规则库/人伤法/R-PI-376-共同致害的连带赔偿责任与内部分额的划分.md,06-沉淀/人伤法域库/R-PI-376-共同致害的连带赔偿责任与内部分额的划分.md,主卡,,
R-PI-377,PI,R-PI-377-刑附民调解和解协议对赔偿范围的突破与显失公平救济.md,06-沉淀/裁判规则库/人伤法/R-PI-377-刑附民调解和解协议对赔偿范围的突破与显失公平救济.md,06-沉淀/人伤法域库/R-PI-377-刑附民调解和解协议对赔偿范围的突破与显失公平救济.md,主卡,,
R-PI-381,PI,R-PI-381-医疗纠纷新形势与预防裁判规则.md,06-沉淀/裁判规则库/人伤专业/R-PI-381-医疗纠纷新形势与预防裁判规则.md,06-沉淀/人伤法域库/R-PI-381-医疗纠纷新形势与预防裁判规则.md,主卡,,
R-PI-382,PI,R-PI-382-医调委全流程指南裁判规则.md,06-沉淀/裁判规则库/人伤专业/R-PI-382-医调委全流程指南裁判规则.md,06-沉淀/人伤法域库/R-PI-382-医调委全流程指南裁判规则.md,主卡,,
R-PI-383,PI,R-PI-383-医院法治建设嵌入三路径裁判规则.md,06-沉淀/裁判规则库/人伤专业/R-PI-383-医院法治建设嵌入三路径裁判规则.md,06-沉淀/人伤法域库/R-PI-383-医院法治建设嵌入三路径裁判规则.md,主卡,,
R-PI-384,PI,R-PI-384-医疗美容事故中医疗事故罪的严重不负责任认定.md,06-沉淀/裁判规则库/人伤法/R-PI-384-医疗美容事故中医疗事故罪的严重不负责任认定.md,06-沉淀/人伤法域库/R-PI-384-医疗美容事故中医疗事故罪的严重不负责任认定.md,主卡,,
R-PI-385,PI,R-PI-385-交强险无责限额内赔付规则与无责机动车赔付边界.md,06-沉淀/裁判规则库/人伤法/R-PI-385-交强险无责限额内赔付规则与无责机动车赔付边界.md,06-沉淀/人伤法域库/R-PI-385-交强险无责限额内赔付规则与无责机动车赔付边界.md,主卡,,
R-PI-386,PI,R-PI-386-医疗过错参与度鉴定非法定概念应对照原因力六分情形确定赔偿责任.md,06-沉淀/裁判规则库/人伤法/R-PI-386-医疗过错参与度鉴定非法定概念应对照原因力六分情形确定赔偿责任.md,06-沉淀/人伤法域库/R-PI-386-医疗过错参与度鉴定非法定概念应对照原因力六分情形确定赔偿责任.md,主卡,,
R-PI-387,PI,R-PI-387-机动车交通事故人身损害赔偿统一城镇居民标准同命同价计算规则.md,06-沉淀/裁判规则库/人伤法/R-PI-387-机动车交通事故人身损害赔偿统一城镇居民标准同命同价计算规则.md,06-沉淀/人伤法域库/R-PI-387-机动车交通事故人身损害赔偿统一城镇居民标准同命同价计算规则.md,主卡,,
R-PI-388,PI,R-PI-388-交强险保险公司责任审查赔偿范围分项限额不突破与免赔垫付追偿.md,06-沉淀/裁判规则库/人伤法/R-PI-388-交强险保险公司责任审查赔偿范围分项限额不突破与免赔垫付追偿.md,06-沉淀/人伤法域库/R-PI-388-交强险保险公司责任审查赔偿范围分项限额不突破与免赔垫付追偿.md,主卡,,
R-PI-389,PI,R-PI-389-商业三者险保险公司责任审查赔偿范围鉴定费与绝对免赔额.md,06-沉淀/裁判规则库/人伤法/R-PI-389-商业三者险保险公司责任审查赔偿范围鉴定费与绝对免赔额.md,06-沉淀/人伤法域库/R-PI-389-商业三者险保险公司责任审查赔偿范围鉴定费与绝对免赔额.md,主卡,,
R-PI-390,PI,R-PI-390-侵权人责任审查责任范围与按责比例赔偿方式.md,06-沉淀/裁判规则库/人伤法/R-PI-390-侵权人责任审查责任范围与按责比例赔偿方式.md,06-沉淀/人伤法域库/R-PI-390-侵权人责任审查责任范围与按责比例赔偿方式.md,主卡,,
R-PI-391,PI,R-PI-391-共同侵权有意思联络连带责任.md,06-沉淀/裁判规则库/人伤法/R-PI-391-共同侵权有意思联络连带责任.md,06-沉淀/人伤法域库/R-PI-391-共同侵权有意思联络连带责任.md,主卡,,
R-PI-392,PI,R-PI-392-共同危险行为不能确定具体侵权人连带责任.md,06-沉淀/裁判规则库/人伤法/R-PI-392-共同危险行为不能确定具体侵权人连带责任.md,06-沉淀/人伤法域库/R-PI-392-共同危险行为不能确定具体侵权人连带责任.md,主卡,,
R-PI-393,PI,R-PI-393-无意思联络分别侵权聚合因果连带责任.md,06-沉淀/裁判规则库/人伤法/R-PI-393-无意思联络分别侵权聚合因果连带责任.md,06-沉淀/人伤法域库/R-PI-393-无意思联络分别侵权聚合因果连带责任.md,主卡,,
R-PI-394,PI,R-PI-394-无意思联络分别侵权按份平均责任.md,06-沉淀/裁判规则库/人伤法/R-PI-394-无意思联络分别侵权按份平均责任.md,06-沉淀/人伤法域库/R-PI-394-无意思联络分别侵权按份平均责任.md,主卡,,
R-PI-395,PI,R-PI-395-教唆帮助侵权含教唆帮助无限制民事行为能力人.md,06-沉淀/裁判规则库/人伤法/R-PI-395-教唆帮助侵权含教唆帮助无限制民事行为能力人.md,06-沉淀/人伤法域库/R-PI-395-教唆帮助侵权含教唆帮助无限制民事行为能力人.md,主卡,,
R-PI-396,PI,R-PI-396-用人单位工作人员执行工作任务致害替代责任.md,06-沉淀/裁判规则库/人伤法/R-PI-396-用人单位工作人员执行工作任务致害替代责任.md,06-沉淀/人伤法域库/R-PI-396-用人单位工作人员执行工作任务致害替代责任.md,主卡,,
R-PI-397,PI,R-PI-397-暂时丧失意识致害有过错担责无过错适当补偿.md,06-沉淀/裁判规则库/人伤法/R-PI-397-暂时丧失意识致害有过错担责无过错适当补偿.md,06-沉淀/人伤法域库/R-PI-397-暂时丧失意识致害有过错担责无过错适当补偿.md,主卡,,
R-PI-398,PI,R-PI-398-暂时丧失意识致害醉酒滥用麻精药品自陷风险.md,06-沉淀/裁判规则库/人伤法/R-PI-398-暂时丧失意识致害醉酒滥用麻精药品自陷风险.md,06-沉淀/人伤法域库/R-PI-398-暂时丧失意识致害醉酒滥用麻精药品自陷风险.md,主卡,,
R-PI-399,PI,R-PI-399-医疗美容广告疗效承诺虚假宣传的行政处罚认定与合规边界.md,06-沉淀/裁判规则库/人伤法/R-PI-399-医疗美容广告疗效承诺虚假宣传的行政处罚认定与合规边界.md,06-沉淀/人伤法域库/R-PI-399-医疗美容广告疗效承诺虚假宣传的行政处罚认定与合规边界.md,主卡,,
R-PI-400,PI,R-PI-400-交强险责任限额内优先全额赔付不按过错比例划分.md,06-沉淀/裁判规则库/人伤法/R-PI-400-交强险责任限额内优先全额赔付不按过错比例划分.md,06-沉淀/人伤法域库/R-PI-400-交强险责任限额内优先全额赔付不按过错比例划分.md,主卡,,
R-PI-401,PI,R-PI-401-残疾赔偿金计算锚点.md,06-沉淀/裁判规则库/人伤法/R-PI-401-残疾赔偿金计算锚点.md,06-沉淀/人伤法域库/R-PI-401-残疾赔偿金计算锚点.md,主卡,,
R-PI-402,PI,R-PI-402-被扶养人生活费计算锚点.md,06-沉淀/裁判规则库/人伤法/R-PI-402-被扶养人生活费计算锚点.md,06-沉淀/人伤法域库/R-PI-402-被扶养人生活费计算锚点.md,主卡,,
R-PI-403,PI,R-PI-403-误工费计算锚点.md,06-沉淀/裁判规则库/人伤法/R-PI-403-误工费计算锚点.md,06-沉淀/人伤法域库/R-PI-403-误工费计算锚点.md,主卡,,
R-PI-404,PI,R-PI-404-医疗费计算锚点.md,06-沉淀/裁判规则库/人伤法/R-PI-404-医疗费计算锚点.md,06-沉淀/人伤法域库/R-PI-404-医疗费计算锚点.md,主卡,,
R-PI-405,PI,R-PI-405-护理费计算锚点.md,06-沉淀/裁判规则库/人伤法/R-PI-405-护理费计算锚点.md,06-沉淀/人伤法域库/R-PI-405-护理费计算锚点.md,主卡,,
R-PI-406,PI,R-PI-406-营养费与住院伙食补助费计算锚点.md,06-沉淀/裁判规则库/人伤法/R-PI-406-营养费与住院伙食补助费计算锚点.md,06-沉淀/人伤法域库/R-PI-406-营养费与住院伙食补助费计算锚点.md,主卡,,
R-PI-407,PI,R-PI-407-残疾辅助器具费计算锚点.md,06-沉淀/裁判规则库/人伤法/R-PI-407-残疾辅助器具费计算锚点.md,06-沉淀/人伤法域库/R-PI-407-残疾辅助器具费计算锚点.md,主卡,,
R-PI-408,PI,R-PI-408-后续治疗费计算锚点.md,06-沉淀/裁判规则库/人伤法/R-PI-408-后续治疗费计算锚点.md,06-沉淀/人伤法域库/R-PI-408-后续治疗费计算锚点.md,主卡,,
R-PI-409,PI,R-PI-409-丧葬费与死亡赔偿金计算锚点.md,06-沉淀/裁判规则库/人伤法/R-PI-409-丧葬费与死亡赔偿金计算锚点.md,06-沉淀/人伤法域库/R-PI-409-丧葬费与死亡赔偿金计算锚点.md,主卡,,
R-PI-410,PI,R-PI-410-机动车交强险分项限额法定赔偿锚点.md,06-沉淀/裁判规则库/人伤法/R-PI-410-机动车交强险分项限额法定赔偿锚点.md,06-沉淀/人伤法域库/R-PI-410-机动车交强险分项限额法定赔偿锚点.md,主卡,,
R-PI-411,PI,R-PI-411-医疗损害责任原因力计算锚点.md,06-沉淀/裁判规则库/人伤法/R-PI-411-医疗损害责任原因力计算锚点.md,06-沉淀/人伤法域库/R-PI-411-医疗损害责任原因力计算锚点.md,主卡,,
R-PI-412,PI,R-PI-412-医疗损害知情同意权与未尽说明义务赔偿责任.md,06-沉淀/裁判规则库/人伤法/R-PI-412-医疗损害知情同意权与未尽说明义务赔偿责任.md,06-沉淀/人伤法域库/R-PI-412-医疗损害知情同意权与未尽说明义务赔偿责任.md,主卡,,
R-PI-413,PI,R-PI-413-机动车与行人非机动车事故无过错责任及10%限额.md,06-沉淀/裁判规则库/人伤法/R-PI-413-机动车与行人非机动车事故无过错责任及10%限额.md,06-沉淀/人伤法域库/R-PI-413-机动车与行人非机动车事故无过错责任及10%限额.md,主卡,,
R-PI-414,PI,R-PI-414-医疗美容损害过错与因果关系的举证责任分配证据规则.md,06-沉淀/裁判规则库/证据规则/R-PI-414-医疗美容损害过错与因果关系的举证责任分配证据规则.md,06-沉淀/人伤法域库/R-PI-414-医疗美容损害过错与因果关系的举证责任分配证据规则.md,主卡,,
R-PI-415,PI,R-PI-415-医疗美容损害鉴定过错鉴定伤残鉴定证据规则.md,06-沉淀/裁判规则库/证据规则/R-PI-415-医疗美容损害鉴定过错鉴定伤残鉴定证据规则.md,06-沉淀/人伤法域库/R-PI-415-医疗美容损害鉴定过错鉴定伤残鉴定证据规则.md,主卡,,
R-PI-416,PI,R-PI-416-医疗美容服务关系成立与损害赔偿范围举证责任证据规则.md,06-沉淀/裁判规则库/证据规则/R-PI-416-医疗美容服务关系成立与损害赔偿范围举证责任证据规则.md,06-沉淀/人伤法域库/R-PI-416-医疗美容服务关系成立与损害赔偿范围举证责任证据规则.md,主卡,,
R-PI-417,PI,R-PI-417-产品缺陷与因果关系的举证责任分配证据规则.md,06-沉淀/裁判规则库/证据规则/R-PI-417-产品缺陷与因果关系的举证责任分配证据规则.md,06-沉淀/人伤法域库/R-PI-417-产品缺陷与因果关系的举证责任分配证据规则.md,主卡,,
R-PI-418,PI,R-PI-418-产品责任免责事由与警示召回义务的举证责任证据规则.md,06-沉淀/裁判规则库/证据规则/R-PI-418-产品责任免责事由与警示召回义务的举证责任证据规则.md,06-沉淀/人伤法域库/R-PI-418-产品责任免责事由与警示召回义务的举证责任证据规则.md,主卡,,
R-PI-419,PI,R-PI-419-产品责任惩罚性赔偿与赔偿范围的举证责任证据规则.md,06-沉淀/裁判规则库/证据规则/R-PI-419-产品责任惩罚性赔偿与赔偿范围的举证责任证据规则.md,06-沉淀/人伤法域库/R-PI-419-产品责任惩罚性赔偿与赔偿范围的举证责任证据规则.md,主卡,,
R-PI-420,PI,R-PI-420-高空抛物致害举证责任与可能加害建筑物使用人补偿证据规则.md,06-沉淀/裁判规则库/证据规则/R-PI-420-高空抛物致害举证责任与可能加害建筑物使用人补偿证据规则.md,06-沉淀/人伤法域库/R-PI-420-高空抛物致害举证责任与可能加害建筑物使用人补偿证据规则.md,主卡,,
R-PI-421,PI,R-PI-421-饲养动物致害举证责任证据规则.md,06-沉淀/裁判规则库/证据规则/R-PI-421-饲养动物致害举证责任证据规则.md,06-沉淀/人伤法域库/R-PI-421-饲养动物致害举证责任证据规则.md,主卡,,
R-PI-422,PI,R-PI-422-建筑物物件损害脱落坠落与倒塌过错推定举证证据规则.md,06-沉淀/裁判规则库/证据规则/R-PI-422-建筑物物件损害脱落坠落与倒塌过错推定举证证据规则.md,06-沉淀/人伤法域库/R-PI-422-建筑物物件损害脱落坠落与倒塌过错推定举证证据规则.md,主卡,,
R-PI-423,PI,R-PI-423-医疗事故罪严重不负责任与刑法因果关系认定.md,06-沉淀/裁判规则库/人伤法/R-PI-423-医疗事故罪严重不负责任与刑法因果关系认定.md,06-沉淀/人伤法域库/R-PI-423-医疗事故罪严重不负责任与刑法因果关系认定.md,主卡,,
R-PI-424,PI,R-PI-424-人身损害赔偿死亡赔偿金城乡统一同命同价.md,06-沉淀/裁判规则库/人伤法/R-PI-424-人身损害赔偿死亡赔偿金城乡统一同命同价.md,06-沉淀/人伤法域库/R-PI-424-人身损害赔偿死亡赔偿金城乡统一同命同价.md,主卡,,
(缺失),PR,R-PR-044.md,03-连接/概念页/R-PR-044.md,06-沉淀/证据规则卡族/R-PR-044.md,概念页指针,是,
(缺失),PR,R-PR-040.md,03-连接/概念页/R-PR-040.md,06-沉淀/证据规则卡族/R-PR-040.md,概念页指针,是,
(缺失),PR,R-PR-041.md,03-连接/概念页/R-PR-041.md,06-沉淀/证据规则卡族/R-PR-041.md,概念页指针,是,
(缺失),PR,R-PR-045.md,03-连接/概念页/R-PR-045.md,06-沉淀/证据规则卡族/R-PR-045.md,概念页指针,是,
(缺失),PR,R-PR-042.md,03-连接/概念页/R-PR-042.md,06-沉淀/证据规则卡族/R-PR-042.md,概念页指针,是,
(缺失),PR,R-PR-047.md,03-连接/概念页/R-PR-047.md,06-沉淀/证据规则卡族/R-PR-047.md,概念页指针,是,
(缺失),PR,R-PR-043.md,03-连接/概念页/R-PR-043.md,06-沉淀/证据规则卡族/R-PR-043.md,概念页指针,是,
(缺失),PR,R-PR-039.md,03-连接/概念页/R-PR-039.md,06-沉淀/证据规则卡族/R-PR-039.md,概念页指针,是,
(缺失),PR,R-PR-038.md,03-连接/概念页/R-PR-038.md,06-沉淀/证据规则卡族/R-PR-038.md,概念页指针,是,
R-PR-001,PR,R-PR-001.md,06-沉淀/裁判规则库/通用/R-PR-001.md,06-沉淀/证据规则卡族/R-PR-001.md,主卡,,
R-PR-002,PR,R-PR-002.md,06-沉淀/裁判规则库/通用/R-PR-002.md,06-沉淀/证据规则卡族/R-PR-002.md,主卡,,
R-PR-003,PR,R-PR-003.md,06-沉淀/裁判规则库/通用/R-PR-003.md,06-沉淀/证据规则卡族/R-PR-003.md,主卡,,
R-PR-004,PR,R-PR-004.md,06-沉淀/裁判规则库/通用/R-PR-004.md,06-沉淀/证据规则卡族/R-PR-004.md,主卡,,
R-PR-005,PR,R-PR-005.md,06-沉淀/裁判规则库/通用/R-PR-005.md,06-沉淀/证据规则卡族/R-PR-005.md,主卡,,
R-PR-006,PR,R-PR-006.md,06-沉淀/裁判规则库/通用/R-PR-006.md,06-沉淀/证据规则卡族/R-PR-006.md,主卡,,
R-PR-007,PR,R-PR-007.md,06-沉淀/裁判规则库/通用/R-PR-007.md,06-沉淀/证据规则卡族/R-PR-007.md,主卡,,
R-PR-008,PR,R-PR-008.md,06-沉淀/裁判规则库/通用/R-PR-008.md,06-沉淀/证据规则卡族/R-PR-008.md,主卡,,
R-PR-009,PR,R-PR-009.md,06-沉淀/裁判规则库/通用/R-PR-009.md,06-沉淀/证据规则卡族/R-PR-009.md,主卡,,
R-PR-010,PR,R-PR-010.md,06-沉淀/裁判规则库/通用/R-PR-010.md,06-沉淀/证据规则卡族/R-PR-010.md,主卡,,
R-PR-011,PR,R-PR-011.md,06-沉淀/裁判规则库/通用/R-PR-011.md,06-沉淀/证据规则卡族/R-PR-011.md,主卡,,
R-PR-012,PR,R-PR-012.md,06-沉淀/裁判规则库/通用/R-PR-012.md,06-沉淀/证据规则卡族/R-PR-012.md,主卡,,
R-PR-013,PR,R-PR-013.md,06-沉淀/裁判规则库/通用/R-PR-013.md,06-沉淀/证据规则卡族/R-PR-013.md,主卡,,
R-PR-014,PR,R-PR-014.md,06-沉淀/裁判规则库/通用/R-PR-014.md,06-沉淀/证据规则卡族/R-PR-014.md,主卡,,
R-PR-015,PR,R-PR-015.md,06-沉淀/裁判规则库/通用/R-PR-015.md,06-沉淀/证据规则卡族/R-PR-015.md,主卡,,
R-PR-016,PR,R-PR-016.md,06-沉淀/裁判规则库/通用/R-PR-016.md,06-沉淀/证据规则卡族/R-PR-016.md,主卡,,
R-PR-017,PR,R-PR-017.md,06-沉淀/裁判规则库/通用/R-PR-017.md,06-沉淀/证据规则卡族/R-PR-017.md,主卡,,
R-PR-018,PR,R-PR-018.md,06-沉淀/裁判规则库/通用/R-PR-018.md,06-沉淀/证据规则卡族/R-PR-018.md,主卡,,
R-PR-019,PR,R-PR-019.md,06-沉淀/裁判规则库/通用/R-PR-019.md,06-沉淀/证据规则卡族/R-PR-019.md,主卡,,
R-PR-020,PR,R-PR-020.md,06-沉淀/裁判规则库/通用/R-PR-020.md,06-沉淀/证据规则卡族/R-PR-020.md,主卡,,
R-PR-022,PR,R-PR-022.md,06-沉淀/裁判规则库/通用/R-PR-022.md,06-沉淀/证据规则卡族/R-PR-022.md,主卡,,
R-PR-023,PR,R-PR-023.md,06-沉淀/裁判规则库/通用/R-PR-023.md,06-沉淀/证据规则卡族/R-PR-023.md,主卡,,
R-PR-024,PR,R-PR-024.md,06-沉淀/裁判规则库/通用/R-PR-024.md,06-沉淀/证据规则卡族/R-PR-024.md,主卡,,
R-PR-025,PR,R-PR-025.md,06-沉淀/裁判规则库/通用/R-PR-025.md,06-沉淀/证据规则卡族/R-PR-025.md,主卡,,
R-PR-026,PR,R-PR-026.md,06-沉淀/裁判规则库/通用/R-PR-026.md,06-沉淀/证据规则卡族/R-PR-026.md,主卡,,
R-PR-027,PR,R-PR-027.md,06-沉淀/裁判规则库/通用/R-PR-027.md,06-沉淀/证据规则卡族/R-PR-027.md,主卡,,
R-PR-028,PR,R-PR-028.md,06-沉淀/裁判规则库/通用/R-PR-028.md,06-沉淀/证据规则卡族/R-PR-028.md,主卡,,
R-PR-029,PR,R-PR-029.md,06-沉淀/裁判规则库/通用/R-PR-029.md,06-沉淀/证据规则卡族/R-PR-029.md,主卡,,
R-PR-030,PR,R-PR-030.md,06-沉淀/裁判规则库/通用/R-PR-030.md,06-沉淀/证据规则卡族/R-PR-030.md,主卡,,
R-PR-031,PR,R-PR-031.md,06-沉淀/裁判规则库/通用/R-PR-031.md,06-沉淀/证据规则卡族/R-PR-031.md,主卡,,
R-PR-032,PR,R-PR-032.md,06-沉淀/裁判规则库/通用/R-PR-032.md,06-沉淀/证据规则卡族/R-PR-032.md,主卡,,
R-PR-033,PR,R-PR-033.md,06-沉淀/裁判规则库/通用/R-PR-033.md,06-沉淀/证据规则卡族/R-PR-033.md,主卡,,
R-PR-034,PR,R-PR-034.md,06-沉淀/裁判规则库/通用/R-PR-034.md,06-沉淀/证据规则卡族/R-PR-034.md,主卡,,
R-PR-035,PR,R-PR-035.md,06-沉淀/裁判规则库/通用/R-PR-035.md,06-沉淀/证据规则卡族/R-PR-035.md,主卡,,
R-PR-036,PR,R-PR-036.md,06-沉淀/裁判规则库/通用/R-PR-036.md,06-沉淀/证据规则卡族/R-PR-036.md,主卡,,
R-PR-037,PR,R-PR-037.md,06-沉淀/裁判规则库/通用/R-PR-037.md,06-沉淀/证据规则卡族/R-PR-037.md,主卡,,
R-PR-038,PR,R-PR-038-执行异议之诉的受理条件与前置程序.md,06-沉淀/裁判规则库/案外人执行异议之诉/R-PR-038-执行异议之诉的受理条件与前置程序.md,06-沉淀/证据规则卡族/R-PR-038-执行异议之诉的受理条件与前置程序.md,主卡,,
R-PR-039,PR,R-PR-039-执行异议之诉的三项裁判原则.md,06-沉淀/裁判规则库/案外人执行异议之诉/R-PR-039-执行异议之诉的三项裁判原则.md,06-沉淀/证据规则卡族/R-PR-039-执行异议之诉的三项裁判原则.md,主卡,,
R-PR-040,PR,R-PR-040-权利优先顺位规则与举证责任分配.md,06-沉淀/裁判规则库/案外人执行异议之诉/R-PR-040-权利优先顺位规则与举证责任分配.md,06-沉淀/证据规则卡族/R-PR-040-权利优先顺位规则与举证责任分配.md,主卡,,
R-PR-041,PR,R-PR-041-商品房消费者排除执行（生存权优先）.md,06-沉淀/裁判规则库/案外人执行异议之诉/R-PR-041-商品房消费者排除执行（生存权优先）.md,06-沉淀/证据规则卡族/R-PR-041-商品房消费者排除执行（生存权优先）.md,主卡,,
R-PR-042,PR,R-PR-042-一般不动产买受人排除执行四要件.md,06-沉淀/裁判规则库/案外人执行异议之诉/R-PR-042-一般不动产买受人排除执行四要件.md,06-沉淀/证据规则卡族/R-PR-042-一般不动产买受人排除执行四要件.md,主卡,,
R-PR-043,PR,R-PR-043-以物抵债与折抵工程款排除执行.md,06-沉淀/裁判规则库/案外人执行异议之诉/R-PR-043-以物抵债与折抵工程款排除执行.md,06-沉淀/证据规则卡族/R-PR-043-以物抵债与折抵工程款排除执行.md,主卡,,
R-PR-044,PR,R-PR-044-借名买房、租赁关系与特殊动产的排除执行.md,06-沉淀/裁判规则库/案外人执行异议之诉/R-PR-044-借名买房、租赁关系与特殊动产的排除执行.md,06-沉淀/证据规则卡族/R-PR-044-借名买房、租赁关系与特殊动产的排除执行.md,主卡,,
R-PR-045,PR,R-PR-045-股权代持排除执行的四项条件.md,06-沉淀/裁判规则库/案外人执行异议之诉/R-PR-045-股权代持排除执行的四项条件.md,06-沉淀/证据规则卡族/R-PR-045-股权代持排除执行的四项条件.md,主卡,,
R-PR-046,PR,R-PR-046-账户资金权属：占有即所有与错误汇款.md,06-沉淀/裁判规则库/案外人执行异议之诉/R-PR-046-账户资金权属：占有即所有与错误汇款.md,06-沉淀/证据规则卡族/R-PR-046-账户资金权属：占有即所有与错误汇款.md,主卡,,
R-PR-047,PR,R-PR-047-夫妻共同财产与原配偶过户请求权·慎用调解.md,06-沉淀/裁判规则库/案外人执行异议之诉/R-PR-047-夫妻共同财产与原配偶过户请求权·慎用调解.md,06-沉淀/证据规则卡族/R-PR-047-夫妻共同财产与原配偶过户请求权·慎用调解.md,主卡,,
R-PR-048,PR,R-PR-048-第三人撤销之诉的四项起诉要件.md,06-沉淀/裁判规则库/通用/R-PR-048-第三人撤销之诉的四项起诉要件.md,06-沉淀/证据规则卡族/R-PR-048-第三人撤销之诉的四项起诉要件.md,主卡,,
R-PR-049,PR,R-PR-049-原告主体资格的正面范围与九类不适格情形.md,06-沉淀/裁判规则库/通用/R-PR-049-原告主体资格的正面范围与九类不适格情形.md,06-沉淀/证据规则卡族/R-PR-049-原告主体资格的正面范围与九类不适格情形.md,主卡,,
R-PR-050,PR,R-PR-050-债权人可提起第三人撤销之诉的三类例外.md,06-沉淀/裁判规则库/通用/R-PR-050-债权人可提起第三人撤销之诉的三类例外.md,06-沉淀/证据规则卡族/R-PR-050-债权人可提起第三人撤销之诉的三类例外.md,主卡,,
R-PR-051,PR,R-PR-051-起诉期间与可撤销裁判文书的类型边界.md,06-沉淀/裁判规则库/通用/R-PR-051-起诉期间与可撤销裁判文书的类型边界.md,06-沉淀/证据规则卡族/R-PR-051-起诉期间与可撤销裁判文书的类型边界.md,主卡,,
R-PR-052,PR,R-PR-052-第三人撤销之诉的管辖与立案审查.md,06-沉淀/裁判规则库/通用/R-PR-052-第三人撤销之诉的管辖与立案审查.md,06-沉淀/证据规则卡族/R-PR-052-第三人撤销之诉的管辖与立案审查.md,主卡,,
R-PR-053,PR,R-PR-053-不能归责于本人未参诉的事由判断.md,06-沉淀/裁判规则库/通用/R-PR-053-不能归责于本人未参诉的事由判断.md,06-沉淀/证据规则卡族/R-PR-053-不能归责于本人未参诉的事由判断.md,主卡,,
R-PR-054,PR,R-PR-054-第三人的举证责任与生效裁判错误的判断标准.md,06-沉淀/裁判规则库/通用/R-PR-054-第三人的举证责任与生效裁判错误的判断标准.md,06-沉淀/证据规则卡族/R-PR-054-第三人的举证责任与生效裁判错误的判断标准.md,主卡,,
R-PR-055,PR,R-PR-055-撤销对象的范围当事人诉讼地位与受理费.md,06-沉淀/裁判规则库/通用/R-PR-055-撤销对象的范围当事人诉讼地位与受理费.md,06-沉淀/证据规则卡族/R-PR-055-撤销对象的范围当事人诉讼地位与受理费.md,主卡,,
R-PR-056,PR,R-PR-056-第三人撤销之诉的裁判方式与相关审理事项.md,06-沉淀/裁判规则库/通用/R-PR-056-第三人撤销之诉的裁判方式与相关审理事项.md,06-沉淀/证据规则卡族/R-PR-056-第三人撤销之诉的裁判方式与相关审理事项.md,主卡,,
R-PR-057,PR,R-PR-057-案外人救济三制度的分工与程序选择.md,06-沉淀/裁判规则库/通用/R-PR-057-案外人救济三制度的分工与程序选择.md,06-沉淀/证据规则卡族/R-PR-057-案外人救济三制度的分工与程序选择.md,主卡,,
R-PR-058,PR,R-PR-058-高度盖然性证明标准适用边界.md,06-沉淀/裁判规则库/证据规则/R-PR-058-高度盖然性证明标准适用边界.md,06-沉淀/证据规则卡族/R-PR-058-高度盖然性证明标准适用边界.md,主卡,,
R-PR-059,PR,R-PR-059-非法证据排除民事证据资格红线.md,06-沉淀/裁判规则库/证据规则/R-PR-059-非法证据排除民事证据资格红线.md,06-沉淀/证据规则卡族/R-PR-059-非法证据排除民事证据资格红线.md,主卡,,
R-PR-060,PR,R-PR-060-证据链构建全案证据综合审查.md,06-沉淀/裁判规则库/证据规则/R-PR-060-证据链构建全案证据综合审查.md,06-沉淀/证据规则卡族/R-PR-060-证据链构建全案证据综合审查.md,主卡,,
R-PR-061,PR,R-PR-061-庭审主持卡总索引与卡型定义.md,06-沉淀/裁判规则库/通用/R-PR-061-庭审主持卡总索引与卡型定义.md,06-沉淀/证据规则卡族/R-PR-061-庭审主持卡总索引与卡型定义.md,主卡,,
R-PR-062,PR,R-PR-062-开庭即固定争点主持卡.md,06-沉淀/裁判规则库/通用/R-PR-062-开庭即固定争点主持卡.md,06-沉淀/证据规则卡族/R-PR-062-开庭即固定争点主持卡.md,主卡,,
R-PR-063,PR,R-PR-063-释明权适时行使主持卡.md,06-沉淀/裁判规则库/通用/R-PR-063-释明权适时行使主持卡.md,06-沉淀/证据规则卡族/R-PR-063-释明权适时行使主持卡.md,主卡,,
R-PR-064,PR,R-PR-064-举证质证围绕争点指挥主持卡.md,06-沉淀/裁判规则库/通用/R-PR-064-举证质证围绕争点指挥主持卡.md,06-沉淀/证据规则卡族/R-PR-064-举证质证围绕争点指挥主持卡.md,主卡,,
R-PR-065,PR,R-PR-065-心证适度开示主持卡.md,06-沉淀/裁判规则库/通用/R-PR-065-心证适度开示主持卡.md,06-沉淀/证据规则卡族/R-PR-065-心证适度开示主持卡.md,主卡,,
R-PR-066,PR,R-PR-066-阶段小结主持卡.md,06-沉淀/裁判规则库/通用/R-PR-066-阶段小结主持卡.md,06-沉淀/证据规则卡族/R-PR-066-阶段小结主持卡.md,主卡,,
R-PR-067,PR,R-PR-067-调解优先但不久调不决主持卡.md,06-沉淀/裁判规则库/通用/R-PR-067-调解优先但不久调不决主持卡.md,06-沉淀/证据规则卡族/R-PR-067-调解优先但不久调不决主持卡.md,主卡,,
R-PR-068,PR,R-PR-068-诉讼指挥克制主持卡.md,06-沉淀/裁判规则库/通用/R-PR-068-诉讼指挥克制主持卡.md,06-沉淀/证据规则卡族/R-PR-068-诉讼指挥克制主持卡.md,主卡,,
R-PR-069,PR,R-PR-069-执行异议之诉的三类分野与程序分流.md,06-沉淀/裁判规则库/案外人执行异议之诉/R-PR-069-执行异议之诉的三类分野与程序分流.md,06-沉淀/证据规则卡族/R-PR-069-执行异议之诉的三类分野与程序分流.md,主卡,,
R-PR-070,PR,R-PR-070-审理难点之权益交织边界模糊与虚假诉讼甄别.md,06-沉淀/裁判规则库/案外人执行异议之诉/R-PR-070-审理难点之权益交织边界模糊与虚假诉讼甄别.md,06-沉淀/证据规则卡族/R-PR-070-审理难点之权益交织边界模糊与虚假诉讼甄别.md,主卡,,
R-PR-071,PR,R-PR-071-执行异议之诉适用普通程序与案件受理费的计收.md,06-沉淀/裁判规则库/案外人执行异议之诉/R-PR-071-执行异议之诉适用普通程序与案件受理费的计收.md,06-沉淀/证据规则卡族/R-PR-071-执行异议之诉适用普通程序与案件受理费的计收.md,主卡,,
R-PR-072,PR,R-PR-072-案外人对执行行为提出异议的处理与并存时的审理范围.md,06-沉淀/裁判规则库/案外人执行异议之诉/R-PR-072-案外人对执行行为提出异议的处理与并存时的审理范围.md,06-沉淀/证据规则卡族/R-PR-072-案外人对执行行为提出异议的处理与并存时的审理范围.md,主卡,,
R-PR-073,PR,R-PR-073-执行标的已处置完毕并执行终结的处理.md,06-沉淀/裁判规则库/案外人执行异议之诉/R-PR-073-执行标的已处置完毕并执行终结的处理.md,06-沉淀/证据规则卡族/R-PR-073-执行标的已处置完毕并执行终结的处理.md,主卡,,
R-PR-074,PR,R-PR-074-执行案件未处分且执行措施已解除的处理与终结诉讼.md,06-沉淀/裁判规则库/案外人执行异议之诉/R-PR-074-执行案件未处分且执行措施已解除的处理与终结诉讼.md,06-沉淀/证据规则卡族/R-PR-074-执行案件未处分且执行措施已解除的处理与终结诉讼.md,主卡,,
R-PR-075,PR,R-PR-075-案外人对执行依据提起执行异议之诉的处理与释明另诉.md,06-沉淀/裁判规则库/案外人执行异议之诉/R-PR-075-案外人对执行依据提起执行异议之诉的处理与释明另诉.md,06-沉淀/证据规则卡族/R-PR-075-案外人对执行依据提起执行异议之诉的处理与释明另诉.md,主卡,,
R-PR-076,PR,R-PR-076-被执行人破产受理时异议之诉的中止与恢复审理.md,06-沉淀/裁判规则库/案外人执行异议之诉/R-PR-076-被执行人破产受理时异议之诉的中止与恢复审理.md,06-沉淀/证据规则卡族/R-PR-076-被执行人破产受理时异议之诉的中止与恢复审理.md,主卡,,
R-PR-077,PR,R-PR-077-执行依据决定再审时异议之诉的继续审理与中止分野.md,06-沉淀/裁判规则库/案外人执行异议之诉/R-PR-077-执行依据决定再审时异议之诉的继续审理与中止分野.md,06-沉淀/证据规则卡族/R-PR-077-执行依据决定再审时异议之诉的继续审理与中止分野.md,主卡,,
R-PR-078,PR,R-PR-078-审理程序审查要点之实质审查与外观判断的分野.md,06-沉淀/裁判规则库/案外人执行异议之诉/R-PR-078-审理程序审查要点之实质审查与外观判断的分野.md,06-沉淀/证据规则卡族/R-PR-078-审理程序审查要点之实质审查与外观判断的分野.md,主卡,,
R-PR-079,PR,R-PR-079-被拆迁人提起执行异议之诉的审查要点与安置权最优先.md,06-沉淀/裁判规则库/案外人执行异议之诉/R-PR-079-被拆迁人提起执行异议之诉的审查要点与安置权最优先.md,06-沉淀/证据规则卡族/R-PR-079-被拆迁人提起执行异议之诉的审查要点与安置权最优先.md,主卡,,
R-PR-080,PR,R-PR-080-不动产预告登记权利人提起执行异议之诉的审查要点.md,06-沉淀/裁判规则库/案外人执行异议之诉/R-PR-080-不动产预告登记权利人提起执行异议之诉的审查要点.md,06-沉淀/证据规则卡族/R-PR-080-不动产预告登记权利人提起执行异议之诉的审查要点.md,主卡,,
R-PR-081,PR,R-PR-081-不动产买受人代为清偿情形下的排除执行.md,06-沉淀/裁判规则库/案外人执行异议之诉/R-PR-081-不动产买受人代为清偿情形下的排除执行.md,06-沉淀/证据规则卡族/R-PR-081-不动产买受人代为清偿情形下的排除执行.md,主卡,,
R-PR-082,PR,R-PR-082-附录案例之以房抵债购房与代持关系的认定.md,06-沉淀/裁判规则库/案外人执行异议之诉/R-PR-082-附录案例之以房抵债购房与代持关系的认定.md,06-沉淀/证据规则卡族/R-PR-082-附录案例之以房抵债购房与代持关系的认定.md,主卡,,
R-PR-083,PR,R-PR-083-附录案例之被拆迁人安置权与保证金账户质权.md,06-沉淀/裁判规则库/案外人执行异议之诉/R-PR-083-附录案例之被拆迁人安置权与保证金账户质权.md,06-沉淀/证据规则卡族/R-PR-083-附录案例之被拆迁人安置权与保证金账户质权.md,主卡,,
R-PR-084,PR,R-PR-084-微信聊天记录证据提交规范.md,06-沉淀/裁判规则库/公众号/R-PR-084-微信聊天记录证据提交规范.md,06-沉淀/证据规则卡族/R-PR-084-微信聊天记录证据提交规范.md,主卡,,
R-PR-085,PR,R-PR-085-起诉签名身份不符时授权意思表示真实的审查.md,06-沉淀/裁判规则库/通用/R-PR-085-起诉签名身份不符时授权意思表示真实的审查.md,06-沉淀/证据规则卡族/R-PR-085-起诉签名身份不符时授权意思表示真实的审查.md,主卡,,
R-PR-086,PR,R-PR-086-质证次序(三性审查顺序).md,06-沉淀/裁判规则库/证据规则/R-PR-086-质证次序(三性审查顺序).md,06-沉淀/证据规则卡族/R-PR-086-质证次序(三性审查顺序).md,主卡,,
R-PR-087,PR,R-PR-087-质证内容(真实性合法性关联性审查).md,06-沉淀/裁判规则库/证据规则/R-PR-087-质证内容(真实性合法性关联性审查).md,06-沉淀/证据规则卡族/R-PR-087-质证内容(真实性合法性关联性审查).md,主卡,,
R-PR-088,PR,R-PR-088-质证方式(出示辨认质询).md,06-沉淀/裁判规则库/证据规则/R-PR-088-质证方式(出示辨认质询).md,06-沉淀/证据规则卡族/R-PR-088-质证方式(出示辨认质询).md,主卡,,
R-PR-106,PR,R-PR-106-自认与认诺的区分.md,06-沉淀/裁判规则库/证据规则/R-PR-106-自认与认诺的区分.md,06-沉淀/证据规则卡族/R-PR-106-自认与认诺的区分.md,主卡,,
R-PR-107,PR,R-PR-107-诉讼外自认.md,06-沉淀/裁判规则库/证据规则/R-PR-107-诉讼外自认.md,06-沉淀/证据规则卡族/R-PR-107-诉讼外自认.md,主卡,,
R-PR-108,PR,R-PR-108-拟制自认.md,06-沉淀/裁判规则库/证据规则/R-PR-108-拟制自认.md,06-沉淀/证据规则卡族/R-PR-108-拟制自认.md,主卡,,
R-PR-109,PR,R-PR-109-撤销自认.md,06-沉淀/裁判规则库/证据规则/R-PR-109-撤销自认.md,06-沉淀/证据规则卡族/R-PR-109-撤销自认.md,主卡,,
R-PR-110,PR,R-PR-110-延长举证期限及于双方.md,06-沉淀/裁判规则库/证据规则/R-PR-110-延长举证期限及于双方.md,06-沉淀/证据规则卡族/R-PR-110-延长举证期限及于双方.md,主卡,,
R-PR-111,PR,R-PR-111-不受举证期限约束的情形.md,06-沉淀/裁判规则库/证据规则/R-PR-111-不受举证期限约束的情形.md,06-沉淀/证据规则卡族/R-PR-111-不受举证期限约束的情形.md,主卡,,
R-PR-112,PR,R-PR-112-变更诉讼请求与举证期限.md,06-沉淀/裁判规则库/证据规则/R-PR-112-变更诉讼请求与举证期限.md,06-沉淀/证据规则卡族/R-PR-112-变更诉讼请求与举证期限.md,主卡,,
R-PR-113,PR,R-PR-113-书证的载体与范围(狭义书证).md,06-沉淀/裁判规则库/证据规则/R-PR-113-书证的载体与范围(狭义书证).md,06-沉淀/证据规则卡族/R-PR-113-书证的载体与范围(狭义书证).md,主卡,,
R-PR-114,PR,R-PR-114-书证复印件的性质与质证.md,06-沉淀/裁判规则库/证据规则/R-PR-114-书证复印件的性质与质证.md,06-沉淀/证据规则卡族/R-PR-114-书证复印件的性质与质证.md,主卡,,
R-PR-115,PR,R-PR-115-复写件的性质与效力.md,06-沉淀/裁判规则库/证据规则/R-PR-115-复写件的性质与效力.md,06-沉淀/证据规则卡族/R-PR-115-复写件的性质与效力.md,主卡,,
R-PR-116,PR,R-PR-116-单位证明材料的形式要件与性质.md,06-沉淀/裁判规则库/证据规则/R-PR-116-单位证明材料的形式要件与性质.md,06-沉淀/证据规则卡族/R-PR-116-单位证明材料的形式要件与性质.md,主卡,,
R-PR-117,PR,R-PR-117-笔迹鉴定的申请主体.md,06-沉淀/裁判规则库/证据规则/R-PR-117-笔迹鉴定的申请主体.md,06-沉淀/证据规则卡族/R-PR-117-笔迹鉴定的申请主体.md,主卡,,
R-PR-118,PR,R-PR-118-传真件的认证.md,06-沉淀/裁判规则库/证据规则/R-PR-118-传真件的认证.md,06-沉淀/证据规则卡族/R-PR-118-传真件的认证.md,主卡,,
R-PR-119,PR,R-PR-119-书证提出命令制度.md,06-沉淀/裁判规则库/证据规则/R-PR-119-书证提出命令制度.md,06-沉淀/证据规则卡族/R-PR-119-书证提出命令制度.md,主卡,,
R-PR-120,PR,R-PR-120-电子邮件的质证与认证.md,06-沉淀/裁判规则库/证据规则/R-PR-120-电子邮件的质证与认证.md,06-沉淀/证据规则卡族/R-PR-120-电子邮件的质证与认证.md,主卡,,
R-PR-121,PR,R-PR-121-手机短信的质证与认证.md,06-沉淀/裁判规则库/证据规则/R-PR-121-手机短信的质证与认证.md,06-沉淀/证据规则卡族/R-PR-121-手机短信的质证与认证.md,主卡,,
R-PR-122,PR,R-PR-122-微信聊天记录的质证与认证.md,06-沉淀/裁判规则库/证据规则/R-PR-122-微信聊天记录的质证与认证.md,06-沉淀/证据规则卡族/R-PR-122-微信聊天记录的质证与认证.md,主卡,,
R-PR-123,PR,R-PR-123-鉴定的范围与对象(事实问题·专业事实).md,06-沉淀/裁判规则库/证据规则/R-PR-123-鉴定的范围与对象(事实问题·专业事实).md,06-沉淀/证据规则卡族/R-PR-123-鉴定的范围与对象(事实问题·专业事实).md,主卡,,
R-PR-124,PR,R-PR-124-鉴定材料未经质证的后果.md,06-沉淀/裁判规则库/证据规则/R-PR-124-鉴定材料未经质证的后果.md,06-沉淀/证据规则卡族/R-PR-124-鉴定材料未经质证的后果.md,主卡,,
R-PR-125,PR,R-PR-125-鉴定程序严重违法与重新鉴定.md,06-沉淀/裁判规则库/证据规则/R-PR-125-鉴定程序严重违法与重新鉴定.md,06-沉淀/证据规则卡族/R-PR-125-鉴定程序严重违法与重新鉴定.md,主卡,,
R-PR-126,PR,R-PR-126-鉴定报告的有效期.md,06-沉淀/裁判规则库/证据规则/R-PR-126-鉴定报告的有效期.md,06-沉淀/证据规则卡族/R-PR-126-鉴定报告的有效期.md,主卡,,
R-PR-127,PR,R-PR-127-公估报告的性质.md,06-沉淀/裁判规则库/证据规则/R-PR-127-公估报告的性质.md,06-沉淀/证据规则卡族/R-PR-127-公估报告的性质.md,主卡,,
R-PR-128,PR,R-PR-128-鉴定意见的审查.md,06-沉淀/裁判规则库/证据规则/R-PR-128-鉴定意见的审查.md,06-沉淀/证据规则卡族/R-PR-128-鉴定意见的审查.md,主卡,,
R-PR-129,PR,R-PR-129-鉴定书内容与鉴定人出庭.md,06-沉淀/裁判规则库/证据规则/R-PR-129-鉴定书内容与鉴定人出庭.md,06-沉淀/证据规则卡族/R-PR-129-鉴定书内容与鉴定人出庭.md,主卡,,
R-PR-130,PR,R-PR-130-变更、追加执行当事人的法定原则与三类典型不得追加情形.md,06-沉淀/裁判规则库/执行程序/R-PR-130-变更、追加执行当事人的法定原则与三类典型不得追加情形.md,06-沉淀/证据规则卡族/R-PR-130-变更、追加执行当事人的法定原则与三类典型不得追加情形.md,主卡,,
R-PR-131,PR,R-PR-131-因权利继受变更、追加申请执行人的审查.md,06-沉淀/裁判规则库/执行程序/R-PR-131-因权利继受变更、追加申请执行人的审查.md,06-沉淀/证据规则卡族/R-PR-131-因权利继受变更、追加申请执行人的审查.md,主卡,,
R-PR-132,PR,R-PR-132-因债权转让变更、追加申请执行人的三要件与形式审查边界.md,06-沉淀/裁判规则库/执行程序/R-PR-132-因债权转让变更、追加申请执行人的三要件与形式审查边界.md,06-沉淀/证据规则卡族/R-PR-132-因债权转让变更、追加申请执行人的三要件与形式审查边界.md,主卡,,
R-PR-133,PR,R-PR-133-未出资或未足额出资股东的追加与出资期限利益保护.md,06-沉淀/裁判规则库/执行程序/R-PR-133-未出资或未足额出资股东的追加与出资期限利益保护.md,06-沉淀/证据规则卡族/R-PR-133-未出资或未足额出资股东的追加与出资期限利益保护.md,主卡,,
R-PR-134,PR,R-PR-134-抽逃出资股东的追加与初步举证责任分配.md,06-沉淀/裁判规则库/执行程序/R-PR-134-抽逃出资股东的追加与初步举证责任分配.md,06-沉淀/证据规则卡族/R-PR-134-抽逃出资股东的追加与初步举证责任分配.md,主卡,,
R-PR-135,PR,R-PR-135-第三人代履行构成债务加入的追加与三类执行担保的分野.md,06-沉淀/裁判规则库/执行程序/R-PR-135-第三人代履行构成债务加入的追加与三类执行担保的分野.md,06-沉淀/证据规则卡族/R-PR-135-第三人代履行构成债务加入的追加与三类执行担保的分野.md,主卡,,
R-PR-136,PR,R-PR-136-一人公司股东的追加与财产独立的举证责任倒置.md,06-沉淀/裁判规则库/执行程序/R-PR-136-一人公司股东的追加与财产独立的举证责任倒置.md,06-沉淀/证据规则卡族/R-PR-136-一人公司股东的追加与财产独立的举证责任倒置.md,主卡,,
R-PR-137,PR,R-PR-137-解散事由出现后无偿接受财产主体的追加审查.md,06-沉淀/裁判规则库/执行程序/R-PR-137-解散事由出现后无偿接受财产主体的追加审查.md,06-沉淀/证据规则卡族/R-PR-137-解散事由出现后无偿接受财产主体的追加审查.md,主卡,,
R-PR-138,PR,R-PR-138-依行政命令无偿调拨、划转财产的第三人追加.md,06-沉淀/裁判规则库/执行程序/R-PR-138-依行政命令无偿调拨、划转财产的第三人追加.md,06-沉淀/证据规则卡族/R-PR-138-依行政命令无偿调拨、划转财产的第三人追加.md,主卡,,
R-PR-139,PR,R-PR-139-证据·定案证据·证据材料之区分.md,06-沉淀/裁判规则库/证据规则/R-PR-139-证据·定案证据·证据材料之区分.md,06-沉淀/证据规则卡族/R-PR-139-证据·定案证据·证据材料之区分.md,主卡,,
R-PR-140,PR,R-PR-140-证据真实性(形式真实与内容真实).md,06-沉淀/裁判规则库/证据规则/R-PR-140-证据真实性(形式真实与内容真实).md,06-沉淀/证据规则卡族/R-PR-140-证据真实性(形式真实与内容真实).md,主卡,,
R-PR-141,PR,R-PR-141-证据合法性(四要件与非法证据排除).md,06-沉淀/裁判规则库/证据规则/R-PR-141-证据合法性(四要件与非法证据排除).md,06-沉淀/证据规则卡族/R-PR-141-证据合法性(四要件与非法证据排除).md,主卡,,
R-PR-142,PR,R-PR-142-证据关联性(实质性与证明性).md,06-沉淀/裁判规则库/证据规则/R-PR-142-证据关联性(实质性与证明性).md,06-沉淀/证据规则卡族/R-PR-142-证据关联性(实质性与证明性).md,主卡,,
R-PR-143,PR,R-PR-143-证据能力(证据资格)与证明力之区分.md,06-沉淀/裁判规则库/证据规则/R-PR-143-证据能力(证据资格)与证明力之区分.md,06-沉淀/证据规则卡族/R-PR-143-证据能力(证据资格)与证明力之区分.md,主卡,,
R-PR-144,PR,R-PR-144-本证与反证之区分.md,06-沉淀/裁判规则库/证据规则/R-PR-144-本证与反证之区分.md,06-沉淀/证据规则卡族/R-PR-144-本证与反证之区分.md,主卡,,
R-PR-145,PR,R-PR-145-自由心证原则(法定证据能力+自由证明力).md,06-沉淀/裁判规则库/证据规则/R-PR-145-自由心证原则(法定证据能力+自由证明力).md,06-沉淀/证据规则卡族/R-PR-145-自由心证原则(法定证据能力+自由证明力).md,主卡,,
R-PR-146,PR,R-PR-146-取证权(当事人·法院·代理人三轨与非法证据利益衡量).md,06-沉淀/裁判规则库/证据规则/R-PR-146-取证权(当事人·法院·代理人三轨与非法证据利益衡量).md,06-沉淀/证据规则卡族/R-PR-146-取证权(当事人·法院·代理人三轨与非法证据利益衡量).md,主卡,,
R-PR-147,PR,R-PR-147-举证责任分配规范说(民诉法解释91).md,06-沉淀/裁判规则库/证据规则/R-PR-147-举证责任分配规范说(民诉法解释91).md,06-沉淀/证据规则卡族/R-PR-147-举证责任分配规范说(民诉法解释91).md,主卡,,
R-PR-148,PR,R-PR-148-否认与抗辩之区分及举证转移.md,06-沉淀/裁判规则库/证据规则/R-PR-148-否认与抗辩之区分及举证转移.md,06-沉淀/证据规则卡族/R-PR-148-否认与抗辩之区分及举证转移.md,主卡,,
R-PR-149,PR,R-PR-149-法官无权分配举证责任(原证据规定第7条已删).md,06-沉淀/裁判规则库/证据规则/R-PR-149-法官无权分配举证责任(原证据规定第7条已删).md,06-沉淀/证据规则卡族/R-PR-149-法官无权分配举证责任(原证据规定第7条已删).md,主卡,,
R-PR-150,PR,R-PR-150-证据撤回之限制(防突袭诉讼).md,06-沉淀/裁判规则库/证据规则/R-PR-150-证据撤回之限制(防突袭诉讼).md,06-沉淀/证据规则卡族/R-PR-150-证据撤回之限制(防突袭诉讼).md,主卡,,
R-PR-151,PR,R-PR-151-证据目录之制作规范.md,06-沉淀/裁判规则库/证据规则/R-PR-151-证据目录之制作规范.md,06-沉淀/证据规则卡族/R-PR-151-证据目录之制作规范.md,主卡,,
R-PR-152,PR,R-PR-152-法律推定与事实推定之区分(可反驳的相对推定).md,06-沉淀/裁判规则库/证据规则/R-PR-152-法律推定与事实推定之区分(可反驳的相对推定).md,06-沉淀/证据规则卡族/R-PR-152-法律推定与事实推定之区分(可反驳的相对推定).md,主卡,,
R-PR-153,PR,R-PR-153-推定·假定·推测之区分(禁猜测评论).md,06-沉淀/裁判规则库/证据规则/R-PR-153-推定·假定·推测之区分(禁猜测评论).md,06-沉淀/证据规则卡族/R-PR-153-推定·假定·推测之区分(禁猜测评论).md,主卡,,
R-PR-154,PR,R-PR-154-禁反言原则(直接与间接禁反言).md,06-沉淀/裁判规则库/证据规则/R-PR-154-禁反言原则(直接与间接禁反言).md,06-沉淀/证据规则卡族/R-PR-154-禁反言原则(直接与间接禁反言).md,主卡,,
R-PR-155,PR,R-PR-155-经验法则之证据法功能(常识常理常情).md,06-沉淀/裁判规则库/证据规则/R-PR-155-经验法则之证据法功能(常识常理常情).md,06-沉淀/证据规则卡族/R-PR-155-经验法则之证据法功能(常识常理常情).md,主卡,,
R-PR-156,PR,R-PR-156-经验法则在合同解释与事实认定中之运用.md,06-沉淀/裁判规则库/证据规则/R-PR-156-经验法则在合同解释与事实认定中之运用.md,06-沉淀/证据规则卡族/R-PR-156-经验法则在合同解释与事实认定中之运用.md,主卡,,
R-PR-157,PR,R-PR-157-物证之概念与三特征(外部特征·物质属性·存在状况).md,06-沉淀/裁判规则库/证据规则/R-PR-157-物证之概念与三特征(外部特征·物质属性·存在状况).md,06-沉淀/证据规则卡族/R-PR-157-物证之概念与三特征(外部特征·物质属性·存在状况).md,主卡,,
R-PR-158,PR,R-PR-158-物证与书证之区分(证明机制：物理存在vs思想内容).md,06-沉淀/裁判规则库/证据规则/R-PR-158-物证与书证之区分(证明机制：物理存在vs思想内容).md,06-沉淀/证据规则卡族/R-PR-158-物证与书证之区分(证明机制：物理存在vs思想内容).md,主卡,,
R-PR-159,PR,R-PR-159-物证原物出示规则(动产·不动产·复制件替代).md,06-沉淀/裁判规则库/证据规则/R-PR-159-物证原物出示规则(动产·不动产·复制件替代).md,06-沉淀/证据规则卡族/R-PR-159-物证原物出示规则(动产·不动产·复制件替代).md,主卡,,
R-PR-160,PR,R-PR-160-单一视听资料能否采信(疑点规则与印证).md,06-沉淀/裁判规则库/证据规则/R-PR-160-单一视听资料能否采信(疑点规则与印证).md,06-沉淀/证据规则卡族/R-PR-160-单一视听资料能否采信(疑点规则与印证).md,主卡,,
R-PR-161,PR,R-PR-161-偷拍偷录取得视听资料之证据能力(非法证据排除利益衡量).md,06-沉淀/裁判规则库/证据规则/R-PR-161-偷拍偷录取得视听资料之证据能力(非法证据排除利益衡量).md,06-沉淀/证据规则卡族/R-PR-161-偷拍偷录取得视听资料之证据能力(非法证据排除利益衡量).md,主卡,,
R-PR-162,PR,R-PR-162-视听资料真实性判断(六异议·原始载体·声纹鉴定).md,06-沉淀/裁判规则库/证据规则/R-PR-162-视听资料真实性判断(六异议·原始载体·声纹鉴定).md,06-沉淀/证据规则卡族/R-PR-162-视听资料真实性判断(六异议·原始载体·声纹鉴定).md,主卡,,
R-PR-163,PR,R-PR-163-证人资格(感知事实·正确表达意思·不能作证).md,06-沉淀/裁判规则库/证据规则/R-PR-163-证人资格(感知事实·正确表达意思·不能作证).md,06-沉淀/证据规则卡族/R-PR-163-证人资格(感知事实·正确表达意思·不能作证).md,主卡,,
R-PR-164,PR,R-PR-164-单位不能作为证人(证明归入书证).md,06-沉淀/裁判规则库/证据规则/R-PR-164-单位不能作为证人(证明归入书证).md,06-沉淀/证据规则卡族/R-PR-164-单位不能作为证人(证明归入书证).md,主卡,,
R-PR-165,PR,R-PR-165-证人具结保证书制度.md,06-沉淀/裁判规则库/证据规则/R-PR-165-证人具结保证书制度.md,06-沉淀/证据规则卡族/R-PR-165-证人具结保证书制度.md,主卡,,
R-PR-166,PR,R-PR-166-证人证言真实性七维审查.md,06-沉淀/裁判规则库/证据规则/R-PR-166-证人证言真实性七维审查.md,06-沉淀/证据规则卡族/R-PR-166-证人证言真实性七维审查.md,主卡,,
R-PR-167,PR,R-PR-167-证人禁猜测评论规则(意见证据排除).md,06-沉淀/裁判规则库/证据规则/R-PR-167-证人禁猜测评论规则(意见证据排除).md,06-沉淀/证据规则卡族/R-PR-167-证人禁猜测评论规则(意见证据排除).md,主卡,,
R-PR-168,PR,R-PR-168-当事人陈述之限定(诉讼过程中·自认扩展).md,06-沉淀/裁判规则库/证据规则/R-PR-168-当事人陈述之限定(诉讼过程中·自认扩展).md,06-沉淀/证据规则卡族/R-PR-168-当事人陈述之限定(诉讼过程中·自认扩展).md,主卡,,
R-PR-169,PR,R-PR-169-诉讼代理人陈述之效力(代理自认与权限防护).md,06-沉淀/裁判规则库/证据规则/R-PR-169-诉讼代理人陈述之效力(代理自认与权限防护).md,06-沉淀/证据规则卡族/R-PR-169-诉讼代理人陈述之效力(代理自认与权限防护).md,主卡,,
R-PR-170,PR,R-PR-170-对方当事人陈述之慎重对待(自认固定·拟制·妥协排除).md,06-沉淀/裁判规则库/证据规则/R-PR-170-对方当事人陈述之慎重对待(自认固定·拟制·妥协排除).md,06-沉淀/证据规则卡族/R-PR-170-对方当事人陈述之慎重对待(自认固定·拟制·妥协排除).md,主卡,,
R-PR-171,PR,R-PR-171-附带民事诉讼原告人主体资格的审查.md,06-沉淀/裁判规则库/刑事程序/R-PR-171-附带民事诉讼原告人主体资格的审查.md,06-沉淀/证据规则卡族/R-PR-171-附带民事诉讼原告人主体资格的审查.md,主卡,,
R-PR-172,PR,R-PR-172-附带民事诉讼被告人的范围与不适格情形.md,06-沉淀/裁判规则库/刑事程序/R-PR-172-附带民事诉讼被告人的范围与不适格情形.md,06-沉淀/证据规则卡族/R-PR-172-附带民事诉讼被告人的范围与不适格情形.md,主卡,,
R-PR-173,PR,R-PR-173-刑事附带民事诉讼受案范围的审查.md,06-沉淀/裁判规则库/刑事程序/R-PR-173-刑事附带民事诉讼受案范围的审查.md,06-沉淀/证据规则卡族/R-PR-173-刑事附带民事诉讼受案范围的审查.md,主卡,,
R-PR-174,PR,R-PR-174-赔偿与量刑关系的处理规则.md,06-沉淀/裁判规则库/刑事程序/R-PR-174-赔偿与量刑关系的处理规则.md,06-沉淀/证据规则卡族/R-PR-174-赔偿与量刑关系的处理规则.md,主卡,,
R-PR-175,PR,R-PR-175-刑事附带民事诉讼的审理程序与受理审查.md,06-沉淀/裁判规则库/刑事程序/R-PR-175-刑事附带民事诉讼的审理程序与受理审查.md,06-沉淀/证据规则卡族/R-PR-175-刑事附带民事诉讼的审理程序与受理审查.md,主卡,,
R-PR-176,PR,R-PR-176-附带民事诉讼的执行启动与清偿顺序.md,06-沉淀/裁判规则库/刑事程序/R-PR-176-附带民事诉讼的执行启动与清偿顺序.md,06-沉淀/证据规则卡族/R-PR-176-附带民事诉讼的执行启动与清偿顺序.md,主卡,,
R-PR-177,PR,R-PR-177-另行提起民事诉讼的处理与赔偿范围的同一性.md,06-沉淀/裁判规则库/刑事程序/R-PR-177-另行提起民事诉讼的处理与赔偿范围的同一性.md,06-沉淀/证据规则卡族/R-PR-177-另行提起民事诉讼的处理与赔偿范围的同一性.md,主卡,,
R-PR-178,PR,R-PR-178-诉讼代理授权委托书形式要件与委托人可识别性.md,06-沉淀/裁判规则库/通用/R-PR-178-诉讼代理授权委托书形式要件与委托人可识别性.md,06-沉淀/证据规则卡族/R-PR-178-诉讼代理授权委托书形式要件与委托人可识别性.md,主卡,,
R-PR-179,PR,R-PR-179-授权瑕疵的法律效果层级权限限缩与起诉无效.md,06-沉淀/裁判规则库/通用/R-PR-179-授权瑕疵的法律效果层级权限限缩与起诉无效.md,06-沉淀/证据规则卡族/R-PR-179-授权瑕疵的法律效果层级权限限缩与起诉无效.md,主卡,,
R-PR-180,PR,R-PR-180-无权代理起诉的追认规则与催告要件.md,06-沉淀/裁判规则库/通用/R-PR-180-无权代理起诉的追认规则与催告要件.md,06-沉淀/证据规则卡族/R-PR-180-无权代理起诉的追认规则与催告要件.md,主卡,,
R-PR-181,PR,R-PR-181-借用他人名义起诉与起诉条件的程序层含义.md,06-沉淀/裁判规则库/通用/R-PR-181-借用他人名义起诉与起诉条件的程序层含义.md,06-沉淀/证据规则卡族/R-PR-181-借用他人名义起诉与起诉条件的程序层含义.md,主卡,,
R-PR-182,PR,R-PR-182-程序战中的自认边界与反向自认债务防范.md,06-沉淀/裁判规则库/通用/R-PR-182-程序战中的自认边界与反向自认债务防范.md,06-沉淀/证据规则卡族/R-PR-182-程序战中的自认边界与反向自认债务防范.md,主卡,,
R-PR-183,PR,R-PR-183-当事人举证基本要求与起诉证据提供规则.md,06-沉淀/裁判规则库/证据规则/R-PR-183-当事人举证基本要求与起诉证据提供规则.md,06-沉淀/证据规则卡族/R-PR-183-当事人举证基本要求与起诉证据提供规则.md,主卡,,
R-PR-184,PR,R-PR-184-法院调查收集证据规则（依申请与依职权）.md,06-沉淀/裁判规则库/证据规则/R-PR-184-法院调查收集证据规则（依申请与依职权）.md,06-沉淀/证据规则卡族/R-PR-184-法院调查收集证据规则（依申请与依职权）.md,主卡,,
R-PR-185,PR,R-PR-185-证据保全规则（诉前与诉讼中）.md,06-沉淀/裁判规则库/证据规则/R-PR-185-证据保全规则（诉前与诉讼中）.md,06-沉淀/证据规则卡族/R-PR-185-证据保全规则（诉前与诉讼中）.md,主卡,,
R-PR-186,PR,R-PR-186-瑕疵证据补强规则（不能单独作为定案根据）.md,06-沉淀/裁判规则库/证据规则/R-PR-186-瑕疵证据补强规则（不能单独作为定案根据）.md,06-沉淀/证据规则卡族/R-PR-186-瑕疵证据补强规则（不能单独作为定案根据）.md,主卡,,
