{
  "schema": "lawtwin-health-v1",
  "scanned_at": "2026-09-28T11:25:35",
  "overall": "OK",
  "probes": {
    "lti_gate": {
      "alive": true,
      "level": "OK",
      "detail": "lti-gate 守护进程存活"
    },
    "crypto_perms": {
      "exists": true,
      "perms": "0o600",
      "expected": "0o600",
      "level": "OK",
      "detail": "L1 密钥脚本权限合规"
    },
    "desensitize": {
      "present": true,
      "level": "OK",
      "detail": "脱敏门禁脚本在位"
    },
    "m1_mode": {
      "mode": "local-only",
      "level": "OK",
      "detail": "M1 网络模式=local-only（whitelist 更严，allow_external 为默认）"
    },
    "d3_freshness": {
      "present": true,
      "latest": "lawtwin-backup-20260928.L1.tar.gz.enc",
      "age_hours": 2.7,
      "threshold_hours": 25,
      "level": "OK",
      "detail": "最新备份 lawtwin-backup-20260928.L1.tar.gz.enc 距今 2.7h（新鲜）"
    }
  },
  "pii_safe": true
}
{
  "schema": "lawtwin-health-v1",
  "scanned_at": "2026-09-28T11:35:35",
  "overall": "OK",
  "probes": {
    "lti_gate": {
      "alive": true,
      "level": "OK",
      "detail": "lti-gate 守护进程存活"
    },
    "crypto_perms": {
      "exists": true,
      "perms": "0o600",
      "expected": "0o600",
      "level": "OK",
      "detail": "L1 密钥脚本权限合规"
    },
    "desensitize": {
      "present": true,
      "level": "OK",
      "detail": "脱敏门禁脚本在位"
    },
    "m1_mode": {
      "mode": "local-only",
      "level": "OK",
      "detail": "M1 网络模式=local-only（whitelist 更严，allow_external 为默认）"
    },
    "d3_freshness": {
      "present": true,
      "latest": "lawtwin-backup-20260928.L1.tar.gz.enc",
      "age_hours": 2.8,
      "threshold_hours": 25,
      "level": "OK",
      "detail": "最新备份 lawtwin-backup-20260928.L1.tar.gz.enc 距今 2.8h（新鲜）"
    }
  },
  "pii_safe": true
}
{
  "schema": "lawtwin-health-v1",
  "scanned_at": "2026-09-28T11:45:35",
  "overall": "OK",
  "probes": {
    "lti_gate": {
      "alive": true,
      "level": "OK",
      "detail": "lti-gate 守护进程存活"
    },
    "crypto_perms": {
      "exists": true,
      "perms": "0o600",
      "expected": "0o600",
      "level": "OK",
      "detail": "L1 密钥脚本权限合规"
    },
    "desensitize": {
      "present": true,
      "level": "OK",
      "detail": "脱敏门禁脚本在位"
    },
    "m1_mode": {
      "mode": "local-only",
      "level": "OK",
      "detail": "M1 网络模式=local-only（whitelist 更严，allow_external 为默认）"
    },
    "d3_freshness": {
      "present": true,
      "latest": "lawtwin-backup-20260928.L1.tar.gz.enc",
      "age_hours": 3.0,
      "threshold_hours": 25,
      "level": "OK",
      "detail": "最新备份 lawtwin-backup-20260928.L1.tar.gz.enc 距今 3.0h（新鲜）"
    }
  },
  "pii_safe": true
}
{
  "schema": "lawtwin-health-v1",
  "scanned_at": "2026-09-28T11:55:35",
  "overall": "OK",
  "probes": {
    "lti_gate": {
      "alive": true,
      "level": "OK",
      "detail": "lti-gate 守护进程存活"
    },
    "crypto_perms": {
      "exists": true,
      "perms": "0o600",
      "expected": "0o600",
      "level": "OK",
      "detail": "L1 密钥脚本权限合规"
    },
    "desensitize": {
      "present": true,
      "level": "OK",
      "detail": "脱敏门禁脚本在位"
    },
    "m1_mode": {
      "mode": "local-only",
      "level": "OK",
      "detail": "M1 网络模式=local-only（whitelist 更严，allow_external 为默认）"
    },
    "d3_freshness": {
      "present": true,
      "latest": "lawtwin-backup-20260928.L1.tar.gz.enc",
      "age_hours": 3.2,
      "threshold_hours": 25,
      "level": "OK",
      "detail": "最新备份 lawtwin-backup-20260928.L1.tar.gz.enc 距今 3.2h（新鲜）"
    }
  },
  "pii_safe": true
}
{
  "schema": "lawtwin-health-v1",
  "scanned_at": "2026-09-28T12:05:35",
  "overall": "OK",
  "probes": {
    "lti_gate": {
      "alive": true,
      "level": "OK",
      "detail": "lti-gate 守护进程存活"
    },
    "crypto_perms": {
      "exists": true,
      "perms": "0o600",
      "expected": "0o600",
      "level": "OK",
      "detail": "L1 密钥脚本权限合规"
    },
    "desensitize": {
      "present": true,
      "level": "OK",
      "detail": "脱敏门禁脚本在位"
    },
    "m1_mode": {
      "mode": "local-only",
      "level": "OK",
      "detail": "M1 网络模式=local-only（whitelist 更严，allow_external 为默认）"
    },
    "d3_freshness": {
      "present": true,
      "latest": "lawtwin-backup-20260928.L1.tar.gz.enc",
      "age_hours": 3.3,
      "threshold_hours": 25,
      "level": "OK",
      "detail": "最新备份 lawtwin-backup-20260928.L1.tar.gz.enc 距今 3.3h（新鲜）"
    }
  },
  "pii_safe": true
}
{
  "schema": "lawtwin-health-v1",
  "scanned_at": "2026-09-28T12:15:36",
  "overall": "OK",
  "probes": {
    "lti_gate": {
      "alive": true,
      "level": "OK",
      "detail": "lti-gate 守护进程存活"
    },
    "crypto_perms": {
      "exists": true,
      "perms": "0o600",
      "expected": "0o600",
      "level": "OK",
      "detail": "L1 密钥脚本权限合规"
    },
    "desensitize": {
      "present": true,
      "level": "OK",
      "detail": "脱敏门禁脚本在位"
    },
    "m1_mode": {
      "mode": "local-only",
      "level": "OK",
      "detail": "M1 网络模式=local-only（whitelist 更严，allow_external 为默认）"
    },
    "d3_freshness": {
      "present": true,
      "latest": "lawtwin-backup-20260928.L1.tar.gz.enc",
      "age_hours": 3.5,
      "threshold_hours": 25,
      "level": "OK",
      "detail": "最新备份 lawtwin-backup-20260928.L1.tar.gz.enc 距今 3.5h（新鲜）"
    }
  },
  "pii_safe": true
}
{
  "schema": "lawtwin-health-v1",
  "scanned_at": "2026-09-28T12:25:36",
  "overall": "OK",
  "probes": {
    "lti_gate": {
      "alive": true,
      "level": "OK",
      "detail": "lti-gate 守护进程存活"
    },
    "crypto_perms": {
      "exists": true,
      "perms": "0o600",
      "expected": "0o600",
      "level": "OK",
      "detail": "L1 密钥脚本权限合规"
    },
    "desensitize": {
      "present": true,
      "level": "OK",
      "detail": "脱敏门禁脚本在位"
    },
    "m1_mode": {
      "mode": "local-only",
      "level": "OK",
      "detail": "M1 网络模式=local-only（whitelist 更严，allow_external 为默认）"
    },
    "d3_freshness": {
      "present": true,
      "latest": "lawtwin-backup-20260928.L1.tar.gz.enc",
      "age_hours": 3.7,
      "threshold_hours": 25,
      "level": "OK",
      "detail": "最新备份 lawtwin-backup-20260928.L1.tar.gz.enc 距今 3.7h（新鲜）"
    }
  },
  "pii_safe": true
}
{
  "schema": "lawtwin-health-v1",
  "scanned_at": "2026-09-28T12:35:36",
  "overall": "OK",
  "probes": {
    "lti_gate": {
      "alive": true,
      "level": "OK",
      "detail": "lti-gate 守护进程存活"
    },
    "crypto_perms": {
      "exists": true,
      "perms": "0o600",
      "expected": "0o600",
      "level": "OK",
      "detail": "L1 密钥脚本权限合规"
    },
    "desensitize": {
      "present": true,
      "level": "OK",
      "detail": "脱敏门禁脚本在位"
    },
    "m1_mode": {
      "mode": "local-only",
      "level": "OK",
      "detail": "M1 网络模式=local-only（whitelist 更严，allow_external 为默认）"
    },
    "d3_freshness": {
      "present": true,
      "latest": "lawtwin-backup-20260928.L1.tar.gz.enc",
      "age_hours": 3.8,
      "threshold_hours": 25,
      "level": "OK",
      "detail": "最新备份 lawtwin-backup-20260928.L1.tar.gz.enc 距今 3.8h（新鲜）"
    }
  },
  "pii_safe": true
}
{
  "schema": "lawtwin-health-v1",
  "scanned_at": "2026-09-28T12:45:36",
  "overall": "OK",
  "probes": {
    "lti_gate": {
      "alive": true,
      "level": "OK",
      "detail": "lti-gate 守护进程存活"
    },
    "crypto_perms": {
      "exists": true,
      "perms": "0o600",
      "expected": "0o600",
      "level": "OK",
      "detail": "L1 密钥脚本权限合规"
    },
    "desensitize": {
      "present": true,
      "level": "OK",
      "detail": "脱敏门禁脚本在位"
    },
    "m1_mode": {
      "mode": "local-only",
      "level": "OK",
      "detail": "M1 网络模式=local-only（whitelist 更严，allow_external 为默认）"
    },
    "d3_freshness": {
      "present": true,
      "latest": "lawtwin-backup-20260928.L1.tar.gz.enc",
      "age_hours": 4.0,
      "threshold_hours": 25,
      "level": "OK",
      "detail": "最新备份 lawtwin-backup-20260928.L1.tar.gz.enc 距今 4.0h（新鲜）"
    }
  },
  "pii_safe": true
}
{
  "schema": "lawtwin-health-v1",
  "scanned_at": "2026-09-28T12:55:36",
  "overall": "OK",
  "probes": {
    "lti_gate": {
      "alive": true,
      "level": "OK",
      "detail": "lti-gate 守护进程存活"
    },
    "crypto_perms": {
      "exists": true,
      "perms": "0o600",
      "expected": "0o600",
      "level": "OK",
      "detail": "L1 密钥脚本权限合规"
    },
    "desensitize": {
      "present": true,
      "level": "OK",
      "detail": "脱敏门禁脚本在位"
    },
    "m1_mode": {
      "mode": "local-only",
      "level": "OK",
      "detail": "M1 网络模式=local-only（whitelist 更严，allow_external 为默认）"
    },
    "d3_freshness": {
      "present": true,
      "latest": "lawtwin-backup-20260928.L1.tar.gz.enc",
      "age_hours": 4.2,
      "threshold_hours": 25,
      "level": "OK",
      "detail": "最新备份 lawtwin-backup-20260928.L1.tar.gz.enc 距今 4.2h（新鲜）"
    }
  },
  "pii_safe": true
}
{
  "schema": "lawtwin-health-v1",
  "scanned_at": "2026-09-28T13:05:37",
  "overall": "OK",
  "probes": {
    "lti_gate": {
      "alive": true,
      "level": "OK",
      "detail": "lti-gate 守护进程存活"
    },
    "crypto_perms": {
      "exists": true,
      "perms": "0o600",
      "expected": "0o600",
      "level": "OK",
      "detail": "L1 密钥脚本权限合规"
    },
    "desensitize": {
      "present": true,
      "level": "OK",
      "detail": "脱敏门禁脚本在位"
    },
    "m1_mode": {
      "mode": "local-only",
      "level": "OK",
      "detail": "M1 网络模式=local-only（whitelist 更严，allow_external 为默认）"
    },
    "d3_freshness": {
      "present": true,
      "latest": "lawtwin-backup-20260928.L1.tar.gz.enc",
      "age_hours": 4.3,
      "threshold_hours": 25,
      "level": "OK",
      "detail": "最新备份 lawtwin-backup-20260928.L1.tar.gz.enc 距今 4.3h（新鲜）"
    }
  },
  "pii_safe": true
}
{
  "schema": "lawtwin-health-v1",
  "scanned_at": "2026-09-28T13:15:37",
  "overall": "OK",
  "probes": {
    "lti_gate": {
      "alive": true,
      "level": "OK",
      "detail": "lti-gate 守护进程存活"
    },
    "crypto_perms": {
      "exists": true,
      "perms": "0o600",
      "expected": "0o600",
      "level": "OK",
      "detail": "L1 密钥脚本权限合规"
    },
    "desensitize": {
      "present": true,
      "level": "OK",
      "detail": "脱敏门禁脚本在位"
    },
    "m1_mode": {
      "mode": "local-only",
      "level": "OK",
      "detail": "M1 网络模式=local-only（whitelist 更严，allow_external 为默认）"
    },
    "d3_freshness": {
      "present": true,
      "latest": "lawtwin-backup-20260928.L1.tar.gz.enc",
      "age_hours": 4.5,
      "threshold_hours": 25,
      "level": "OK",
      "detail": "最新备份 lawtwin-backup-20260928.L1.tar.gz.enc 距今 4.5h（新鲜）"
    }
  },
  "pii_safe": true
}
{
  "schema": "lawtwin-health-v1",
  "scanned_at": "2026-09-28T13:25:37",
  "overall": "OK",
  "probes": {
    "lti_gate": {
      "alive": true,
      "level": "OK",
      "detail": "lti-gate 守护进程存活"
    },
    "crypto_perms": {
      "exists": true,
      "perms": "0o600",
      "expected": "0o600",
      "level": "OK",
      "detail": "L1 密钥脚本权限合规"
    },
    "desensitize": {
      "present": true,
      "level": "OK",
      "detail": "脱敏门禁脚本在位"
    },
    "m1_mode": {
      "mode": "local-only",
      "level": "OK",
      "detail": "M1 网络模式=local-only（whitelist 更严，allow_external 为默认）"
    },
    "d3_freshness": {
      "present": true,
      "latest": "lawtwin-backup-20260928.L1.tar.gz.enc",
      "age_hours": 4.7,
      "threshold_hours": 25,
      "level": "OK",
      "detail": "最新备份 lawtwin-backup-20260928.L1.tar.gz.enc 距今 4.7h（新鲜）"
    }
  },
  "pii_safe": true
}
{
  "schema": "lawtwin-health-v1",
  "scanned_at": "2026-09-28T13:35:37",
  "overall": "OK",
  "probes": {
    "lti_gate": {
      "alive": true,
      "level": "OK",
      "detail": "lti-gate 守护进程存活"
    },
    "crypto_perms": {
      "exists": true,
      "perms": "0o600",
      "expected": "0o600",
      "level": "OK",
      "detail": "L1 密钥脚本权限合规"
    },
    "desensitize": {
      "present": true,
      "level": "OK",
      "detail": "脱敏门禁脚本在位"
    },
    "m1_mode": {
      "mode": "local-only",
      "level": "OK",
      "detail": "M1 网络模式=local-only（whitelist 更严，allow_external 为默认）"
    },
    "d3_freshness": {
      "present": true,
      "latest": "lawtwin-backup-20260928.L1.tar.gz.enc",
      "age_hours": 4.8,
      "threshold_hours": 25,
      "level": "OK",
      "detail": "最新备份 lawtwin-backup-20260928.L1.tar.gz.enc 距今 4.8h（新鲜）"
    }
  },
  "pii_safe": true
}
{
  "schema": "lawtwin-health-v1",
  "scanned_at": "2026-09-28T13:45:37",
  "overall": "OK",
  "probes": {
    "lti_gate": {
      "alive": true,
      "level": "OK",
      "detail": "lti-gate 守护进程存活"
    },
    "crypto_perms": {
      "exists": true,
      "perms": "0o600",
      "expected": "0o600",
      "level": "OK",
      "detail": "L1 密钥脚本权限合规"
    },
    "desensitize": {
      "present": true,
      "level": "OK",
      "detail": "脱敏门禁脚本在位"
    },
    "m1_mode": {
      "mode": "local-only",
      "level": "OK",
      "detail": "M1 网络模式=local-only（whitelist 更严，allow_external 为默认）"
    },
    "d3_freshness": {
      "present": true,
      "latest": "lawtwin-backup-20260928.L1.tar.gz.enc",
      "age_hours": 5.0,
      "threshold_hours": 25,
      "level": "OK",
      "detail": "最新备份 lawtwin-backup-20260928.L1.tar.gz.enc 距今 5.0h（新鲜）"
    }
  },
  "pii_safe": true
}
{
  "schema": "lawtwin-health-v1",
  "scanned_at": "2026-09-28T13:55:37",
  "overall": "OK",
  "probes": {
    "lti_gate": {
      "alive": true,
      "level": "OK",
      "detail": "lti-gate 守护进程存活"
    },
    "crypto_perms": {
      "exists": true,
      "perms": "0o600",
      "expected": "0o600",
      "level": "OK",
      "detail": "L1 密钥脚本权限合规"
    },
    "desensitize": {
      "present": true,
      "level": "OK",
      "detail": "脱敏门禁脚本在位"
    },
    "m1_mode": {
      "mode": "local-only",
      "level": "OK",
      "detail": "M1 网络模式=local-only（whitelist 更严，allow_external 为默认）"
    },
    "d3_freshness": {
      "present": true,
      "latest": "lawtwin-backup-20260928.L1.tar.gz.enc",
      "age_hours": 5.2,
      "threshold_hours": 25,
      "level": "OK",
      "detail": "最新备份 lawtwin-backup-20260928.L1.tar.gz.enc 距今 5.2h（新鲜）"
    }
  },
  "pii_safe": true
}
{
  "schema": "lawtwin-health-v1",
  "scanned_at": "2026-09-28T14:05:37",
  "overall": "OK",
  "probes": {
    "lti_gate": {
      "alive": true,
      "level": "OK",
      "detail": "lti-gate 守护进程存活"
    },
    "crypto_perms": {
      "exists": true,
      "perms": "0o600",
      "expected": "0o600",
      "level": "OK",
      "detail": "L1 密钥脚本权限合规"
    },
    "desensitize": {
      "present": true,
      "level": "OK",
      "detail": "脱敏门禁脚本在位"
    },
    "m1_mode": {
      "mode": "local-only",
      "level": "OK",
      "detail": "M1 网络模式=local-only（whitelist 更严，allow_external 为默认）"
    },
    "d3_freshness": {
      "present": true,
      "latest": "lawtwin-backup-20260928.L1.tar.gz.enc",
      "age_hours": 5.3,
      "threshold_hours": 25,
      "level": "OK",
      "detail": "最新备份 lawtwin-backup-20260928.L1.tar.gz.enc 距今 5.3h（新鲜）"
    }
  },
  "pii_safe": true
}
{
  "schema": "lawtwin-health-v1",
  "scanned_at": "2026-09-28T14:15:37",
  "overall": "OK",
  "probes": {
    "lti_gate": {
      "alive": true,
      "level": "OK",
      "detail": "lti-gate 守护进程存活"
    },
    "crypto_perms": {
      "exists": true,
      "perms": "0o600",
      "expected": "0o600",
      "level": "OK",
      "detail": "L1 密钥脚本权限合规"
    },
    "desensitize": {
      "present": true,
      "level": "OK",
      "detail": "脱敏门禁脚本在位"
    },
    "m1_mode": {
      "mode": "local-only",
      "level": "OK",
      "detail": "M1 网络模式=local-only（whitelist 更严，allow_external 为默认）"
    },
    "d3_freshness": {
      "present": true,
      "latest": "lawtwin-backup-20260928.L1.tar.gz.enc",
      "age_hours": 5.5,
      "threshold_hours": 25,
      "level": "OK",
      "detail": "最新备份 lawtwin-backup-20260928.L1.tar.gz.enc 距今 5.5h（新鲜）"
    }
  },
  "pii_safe": true
}
{
  "schema": "lawtwin-health-v1",
  "scanned_at": "2026-09-28T15:57:30",
  "overall": "OK",
  "probes": {
    "lti_gate": {
      "alive": true,
      "level": "OK",
      "detail": "lti-gate 守护进程存活"
    },
    "crypto_perms": {
      "exists": true,
      "perms": "0o600",
      "expected": "0o600",
      "level": "OK",
      "detail": "L1 密钥脚本权限合规"
    },
    "desensitize": {
      "present": true,
      "level": "OK",
      "detail": "脱敏门禁脚本在位"
    },
    "m1_mode": {
      "mode": "local-only",
      "level": "OK",
      "detail": "M1 网络模式=local-only（whitelist 更严，allow_external 为默认）"
    },
    "d3_freshness": {
      "present": true,
      "latest": "lawtwin-backup-20260928.L1.tar.gz.enc",
      "age_hours": 7.2,
      "threshold_hours": 25,
      "level": "OK",
      "detail": "最新备份 lawtwin-backup-20260928.L1.tar.gz.enc 距今 7.2h（新鲜）"
    }
  },
  "pii_safe": true
}
{
  "schema": "lawtwin-health-v1",
  "scanned_at": "2026-09-28T16:07:30",
  "overall": "OK",
  "probes": {
    "lti_gate": {
      "alive": true,
      "level": "OK",
      "detail": "lti-gate 守护进程存活"
    },
    "crypto_perms": {
      "exists": true,
      "perms": "0o600",
      "expected": "0o600",
      "level": "OK",
      "detail": "L1 密钥脚本权限合规"
    },
    "desensitize": {
      "present": true,
      "level": "OK",
      "detail": "脱敏门禁脚本在位"
    },
    "m1_mode": {
      "mode": "local-only",
      "level": "OK",
      "detail": "M1 网络模式=local-only（whitelist 更严，allow_external 为默认）"
    },
    "d3_freshness": {
      "present": true,
      "latest": "lawtwin-backup-20260928.L1.tar.gz.enc",
      "age_hours": 7.4,
      "threshold_hours": 25,
      "level": "OK",
      "detail": "最新备份 lawtwin-backup-20260928.L1.tar.gz.enc 距今 7.4h（新鲜）"
    }
  },
  "pii_safe": true
}
{
  "schema": "lawtwin-health-v1",
  "scanned_at": "2026-09-28T16:17:30",
  "overall": "OK",
  "probes": {
    "lti_gate": {
      "alive": true,
      "level": "OK",
      "detail": "lti-gate 守护进程存活"
    },
    "crypto_perms": {
      "exists": true,
      "perms": "0o600",
      "expected": "0o600",
      "level": "OK",
      "detail": "L1 密钥脚本权限合规"
    },
    "desensitize": {
      "present": true,
      "level": "OK",
      "detail": "脱敏门禁脚本在位"
    },
    "m1_mode": {
      "mode": "local-only",
      "level": "OK",
      "detail": "M1 网络模式=local-only（whitelist 更严，allow_external 为默认）"
    },
    "d3_freshness": {
      "present": true,
      "latest": "lawtwin-backup-20260928.L1.tar.gz.enc",
      "age_hours": 7.5,
      "threshold_hours": 25,
      "level": "OK",
      "detail": "最新备份 lawtwin-backup-20260928.L1.tar.gz.enc 距今 7.5h（新鲜）"
    }
  },
  "pii_safe": true
}
{
  "schema": "lawtwin-health-v1",
  "scanned_at": "2026-09-28T16:27:30",
  "overall": "OK",
  "probes": {
    "lti_gate": {
      "alive": true,
      "level": "OK",
      "detail": "lti-gate 守护进程存活"
    },
    "crypto_perms": {
      "exists": true,
      "perms": "0o600",
      "expected": "0o600",
      "level": "OK",
      "detail": "L1 密钥脚本权限合规"
    },
    "desensitize": {
      "present": true,
      "level": "OK",
      "detail": "脱敏门禁脚本在位"
    },
    "m1_mode": {
      "mode": "local-only",
      "level": "OK",
      "detail": "M1 网络模式=local-only（whitelist 更严，allow_external 为默认）"
    },
    "d3_freshness": {
      "present": true,
      "latest": "lawtwin-backup-20260928.L1.tar.gz.enc",
      "age_hours": 7.7,
      "threshold_hours": 25,
      "level": "OK",
      "detail": "最新备份 lawtwin-backup-20260928.L1.tar.gz.enc 距今 7.7h（新鲜）"
    }
  },
  "pii_safe": true
}
{
  "schema": "lawtwin-health-v1",
  "scanned_at": "2026-09-28T16:39:28",
  "overall": "OK",
  "probes": {
    "lti_gate": {
      "alive": true,
      "level": "OK",
      "detail": "lti-gate 守护进程存活"
    },
    "crypto_perms": {
      "exists": true,
      "perms": "0o600",
      "expected": "0o600",
      "level": "OK",
      "detail": "L1 密钥脚本权限合规"
    },
    "desensitize": {
      "present": true,
      "level": "OK",
      "detail": "脱敏门禁脚本在位"
    },
    "m1_mode": {
      "mode": "local-only",
      "level": "OK",
      "detail": "M1 网络模式=local-only（whitelist 更严，allow_external 为默认）"
    },
    "d3_freshness": {
      "present": true,
      "latest": "lawtwin-backup-20260928.L1.tar.gz.enc",
      "age_hours": 7.9,
      "threshold_hours": 25,
      "level": "OK",
      "detail": "最新备份 lawtwin-backup-20260928.L1.tar.gz.enc 距今 7.9h（新鲜）"
    }
  },
  "pii_safe": true
}
{
  "schema": "lawtwin-health-v1",
  "scanned_at": "2026-09-28T16:49:28",
  "overall": "OK",
  "probes": {
    "lti_gate": {
      "alive": true,
      "level": "OK",
      "detail": "lti-gate 守护进程存活"
    },
    "crypto_perms": {
      "exists": true,
      "perms": "0o600",
      "expected": "0o600",
      "level": "OK",
      "detail": "L1 密钥脚本权限合规"
    },
    "desensitize": {
      "present": true,
      "level": "OK",
      "detail": "脱敏门禁脚本在位"
    },
    "m1_mode": {
      "mode": "local-only",
      "level": "OK",
      "detail": "M1 网络模式=local-only（whitelist 更严，allow_external 为默认）"
    },
    "d3_freshness": {
      "present": true,
      "latest": "lawtwin-backup-20260928.L1.tar.gz.enc",
      "age_hours": 8.1,
      "threshold_hours": 25,
      "level": "OK",
      "detail": "最新备份 lawtwin-backup-20260928.L1.tar.gz.enc 距今 8.1h（新鲜）"
    }
  },
  "pii_safe": true
}
{
  "schema": "lawtwin-health-v1",
  "scanned_at": "2026-09-28T16:59:28",
  "overall": "OK",
  "probes": {
    "lti_gate": {
      "alive": true,
      "level": "OK",
      "detail": "lti-gate 守护进程存活"
    },
    "crypto_perms": {
      "exists": true,
      "perms": "0o600",
      "expected": "0o600",
      "level": "OK",
      "detail": "L1 密钥脚本权限合规"
    },
    "desensitize": {
      "present": true,
      "level": "OK",
      "detail": "脱敏门禁脚本在位"
    },
    "m1_mode": {
      "mode": "local-only",
      "level": "OK",
      "detail": "M1 网络模式=local-only（whitelist 更严，allow_external 为默认）"
    },
    "d3_freshness": {
      "present": true,
      "latest": "lawtwin-backup-20260928.L1.tar.gz.enc",
      "age_hours": 8.2,
      "threshold_hours": 25,
      "level": "OK",
      "detail": "最新备份 lawtwin-backup-20260928.L1.tar.gz.enc 距今 8.2h（新鲜）"
    }
  },
  "pii_safe": true
}
{
  "schema": "lawtwin-health-v1",
  "scanned_at": "2026-09-28T17:09:28",
  "overall": "OK",
  "probes": {
    "lti_gate": {
      "alive": true,
      "level": "OK",
      "detail": "lti-gate 守护进程存活"
    },
    "crypto_perms": {
      "exists": true,
      "perms": "0o600",
      "expected": "0o600",
      "level": "OK",
      "detail": "L1 密钥脚本权限合规"
    },
    "desensitize": {
      "present": true,
      "level": "OK",
      "detail": "脱敏门禁脚本在位"
    },
    "m1_mode": {
      "mode": "local-only",
      "level": "OK",
      "detail": "M1 网络模式=local-only（whitelist 更严，allow_external 为默认）"
    },
    "d3_freshness": {
      "present": true,
      "latest": "lawtwin-backup-20260928.L1.tar.gz.enc",
      "age_hours": 8.4,
      "threshold_hours": 25,
      "level": "OK",
      "detail": "最新备份 lawtwin-backup-20260928.L1.tar.gz.enc 距今 8.4h（新鲜）"
    }
  },
  "pii_safe": true
}
{
  "schema": "lawtwin-health-v1",
  "scanned_at": "2026-09-28T17:19:28",
  "overall": "OK",
  "probes": {
    "lti_gate": {
      "alive": true,
      "level": "OK",
      "detail": "lti-gate 守护进程存活"
    },
    "crypto_perms": {
      "exists": true,
      "perms": "0o600",
      "expected": "0o600",
      "level": "OK",
      "detail": "L1 密钥脚本权限合规"
    },
    "desensitize": {
      "present": true,
      "level": "OK",
      "detail": "脱敏门禁脚本在位"
    },
    "m1_mode": {
      "mode": "local-only",
      "level": "OK",
      "detail": "M1 网络模式=local-only（whitelist 更严，allow_external 为默认）"
    },
    "d3_freshness": {
      "present": true,
      "latest": "lawtwin-backup-20260928.L1.tar.gz.enc",
      "age_hours": 8.6,
      "threshold_hours": 25,
      "level": "OK",
      "detail": "最新备份 lawtwin-backup-20260928.L1.tar.gz.enc 距今 8.6h（新鲜）"
    }
  },
  "pii_safe": true
}
{
  "schema": "lawtwin-health-v1",
  "scanned_at": "2026-09-28T17:29:28",
  "overall": "OK",
  "probes": {
    "lti_gate": {
      "alive": true,
      "level": "OK",
      "detail": "lti-gate 守护进程存活"
    },
    "crypto_perms": {
      "exists": true,
      "perms": "0o600",
      "expected": "0o600",
      "level": "OK",
      "detail": "L1 密钥脚本权限合规"
    },
    "desensitize": {
      "present": true,
      "level": "OK",
      "detail": "脱敏门禁脚本在位"
    },
    "m1_mode": {
      "mode": "local-only",
      "level": "OK",
      "detail": "M1 网络模式=local-only（whitelist 更严，allow_external 为默认）"
    },
    "d3_freshness": {
      "present": true,
      "latest": "lawtwin-backup-20260928.L1.tar.gz.enc",
      "age_hours": 8.7,
      "threshold_hours": 25,
      "level": "OK",
      "detail": "最新备份 lawtwin-backup-20260928.L1.tar.gz.enc 距今 8.7h（新鲜）"
    }
  },
  "pii_safe": true
}
{
  "schema": "lawtwin-health-v1",
  "scanned_at": "2026-09-28T17:39:28",
  "overall": "OK",
  "probes": {
    "lti_gate": {
      "alive": true,
      "level": "OK",
      "detail": "lti-gate 守护进程存活"
    },
    "crypto_perms": {
      "exists": true,
      "perms": "0o600",
      "expected": "0o600",
      "level": "OK",
      "detail": "L1 密钥脚本权限合规"
    },
    "desensitize": {
      "present": true,
      "level": "OK",
      "detail": "脱敏门禁脚本在位"
    },
    "m1_mode": {
      "mode": "local-only",
      "level": "OK",
      "detail": "M1 网络模式=local-only（whitelist 更严，allow_external 为默认）"
    },
    "d3_freshness": {
      "present": true,
      "latest": "lawtwin-backup-20260928.L1.tar.gz.enc",
      "age_hours": 8.9,
      "threshold_hours": 25,
      "level": "OK",
      "detail": "最新备份 lawtwin-backup-20260928.L1.tar.gz.enc 距今 8.9h（新鲜）"
    }
  },
  "pii_safe": true
}
{
  "schema": "lawtwin-health-v1",
  "scanned_at": "2026-09-28T17:49:28",
  "overall": "OK",
  "probes": {
    "lti_gate": {
      "alive": true,
      "level": "OK",
      "detail": "lti-gate 守护进程存活"
    },
    "crypto_perms": {
      "exists": true,
      "perms": "0o600",
      "expected": "0o600",
      "level": "OK",
      "detail": "L1 密钥脚本权限合规"
    },
    "desensitize": {
      "present": true,
      "level": "OK",
      "detail": "脱敏门禁脚本在位"
    },
    "m1_mode": {
      "mode": "local-only",
      "level": "OK",
      "detail": "M1 网络模式=local-only（whitelist 更严，allow_external 为默认）"
    },
    "d3_freshness": {
      "present": true,
      "latest": "lawtwin-backup-20260928.L1.tar.gz.enc",
      "age_hours": 9.1,
      "threshold_hours": 25,
      "level": "OK",
      "detail": "最新备份 lawtwin-backup-20260928.L1.tar.gz.enc 距今 9.1h（新鲜）"
    }
  },
  "pii_safe": true
}
{
  "schema": "lawtwin-health-v1",
  "scanned_at": "2026-09-28T17:59:28",
  "overall": "OK",
  "probes": {
    "lti_gate": {
      "alive": true,
      "level": "OK",
      "detail": "lti-gate 守护进程存活"
    },
    "crypto_perms": {
      "exists": true,
      "perms": "0o600",
      "expected": "0o600",
      "level": "OK",
      "detail": "L1 密钥脚本权限合规"
    },
    "desensitize": {
      "present": true,
      "level": "OK",
      "detail": "脱敏门禁脚本在位"
    },
    "m1_mode": {
      "mode": "local-only",
      "level": "OK",
      "detail": "M1 网络模式=local-only（whitelist 更严，allow_external 为默认）"
    },
    "d3_freshness": {
      "present": true,
      "latest": "lawtwin-backup-20260928.L1.tar.gz.enc",
      "age_hours": 9.2,
      "threshold_hours": 25,
      "level": "OK",
      "detail": "最新备份 lawtwin-backup-20260928.L1.tar.gz.enc 距今 9.2h（新鲜）"
    }
  },
  "pii_safe": true
}
{
  "schema": "lawtwin-health-v1",
  "scanned_at": "2026-09-28T18:09:28",
  "overall": "OK",
  "probes": {
    "lti_gate": {
      "alive": true,
      "level": "OK",
      "detail": "lti-gate 守护进程存活"
    },
    "crypto_perms": {
      "exists": true,
      "perms": "0o600",
      "expected": "0o600",
      "level": "OK",
      "detail": "L1 密钥脚本权限合规"
    },
    "desensitize": {
      "present": true,
      "level": "OK",
      "detail": "脱敏门禁脚本在位"
    },
    "m1_mode": {
      "mode": "local-only",
      "level": "OK",
      "detail": "M1 网络模式=local-only（whitelist 更严，allow_external 为默认）"
    },
    "d3_freshness": {
      "present": true,
      "latest": "lawtwin-backup-20260928.L1.tar.gz.enc",
      "age_hours": 9.4,
      "threshold_hours": 25,
      "level": "OK",
      "detail": "最新备份 lawtwin-backup-20260928.L1.tar.gz.enc 距今 9.4h（新鲜）"
    }
  },
  "pii_safe": true
}
{
  "schema": "lawtwin-health-v1",
  "scanned_at": "2026-09-28T18:19:28",
  "overall": "OK",
  "probes": {
    "lti_gate": {
      "alive": true,
      "level": "OK",
      "detail": "lti-gate 守护进程存活"
    },
    "crypto_perms": {
      "exists": true,
      "perms": "0o600",
      "expected": "0o600",
      "level": "OK",
      "detail": "L1 密钥脚本权限合规"
    },
    "desensitize": {
      "present": true,
      "level": "OK",
      "detail": "脱敏门禁脚本在位"
    },
    "m1_mode": {
      "mode": "local-only",
      "level": "OK",
      "detail": "M1 网络模式=local-only（whitelist 更严，allow_external 为默认）"
    },
    "d3_freshness": {
      "present": true,
      "latest": "lawtwin-backup-20260928.L1.tar.gz.enc",
      "age_hours": 9.6,
      "threshold_hours": 25,
      "level": "OK",
      "detail": "最新备份 lawtwin-backup-20260928.L1.tar.gz.enc 距今 9.6h（新鲜）"
    }
  },
  "pii_safe": true
}
{
  "schema": "lawtwin-health-v1",
  "scanned_at": "2026-09-28T18:59:23",
  "overall": "OK",
  "probes": {
    "lti_gate": {
      "alive": true,
      "level": "OK",
      "detail": "lti-gate 守护进程存活"
    },
    "crypto_perms": {
      "exists": true,
      "perms": "0o600",
      "expected": "0o600",
      "level": "OK",
      "detail": "L1 密钥脚本权限合规"
    },
    "desensitize": {
      "present": true,
      "level": "OK",
      "detail": "脱敏门禁脚本在位"
    },
    "m1_mode": {
      "mode": "local-only",
      "level": "OK",
      "detail": "M1 网络模式=local-only（whitelist 更严，allow_external 为默认）"
    },
    "d3_freshness": {
      "present": true,
      "latest": "lawtwin-backup-20260928.L1.tar.gz.enc",
      "age_hours": 10.2,
      "threshold_hours": 25,
      "level": "OK",
      "detail": "最新备份 lawtwin-backup-20260928.L1.tar.gz.enc 距今 10.2h（新鲜）"
    }
  },
  "pii_safe": true
}
{
  "schema": "lawtwin-health-v1",
  "scanned_at": "2026-09-28T19:09:23",
  "overall": "OK",
  "probes": {
    "lti_gate": {
      "alive": true,
      "level": "OK",
      "detail": "lti-gate 守护进程存活"
    },
    "crypto_perms": {
      "exists": true,
      "perms": "0o600",
      "expected": "0o600",
      "level": "OK",
      "detail": "L1 密钥脚本权限合规"
    },
    "desensitize": {
      "present": true,
      "level": "OK",
      "detail": "脱敏门禁脚本在位"
    },
    "m1_mode": {
      "mode": "local-only",
      "level": "OK",
      "detail": "M1 网络模式=local-only（whitelist 更严，allow_external 为默认）"
    },
    "d3_freshness": {
      "present": true,
      "latest": "lawtwin-backup-20260928.L1.tar.gz.enc",
      "age_hours": 10.4,
      "threshold_hours": 25,
      "level": "OK",
      "detail": "最新备份 lawtwin-backup-20260928.L1.tar.gz.enc 距今 10.4h（新鲜）"
    }
  },
  "pii_safe": true
}
{
  "schema": "lawtwin-health-v1",
  "scanned_at": "2026-09-28T19:19:23",
  "overall": "OK",
  "probes": {
    "lti_gate": {
      "alive": true,
      "level": "OK",
      "detail": "lti-gate 守护进程存活"
    },
    "crypto_perms": {
      "exists": true,
      "perms": "0o600",
      "expected": "0o600",
      "level": "OK",
      "detail": "L1 密钥脚本权限合规"
    },
    "desensitize": {
      "present": true,
      "level": "OK",
      "detail": "脱敏门禁脚本在位"
    },
    "m1_mode": {
      "mode": "local-only",
      "level": "OK",
      "detail": "M1 网络模式=local-only（whitelist 更严，allow_external 为默认）"
    },
    "d3_freshness": {
      "present": true,
      "latest": "lawtwin-backup-20260928.L1.tar.gz.enc",
      "age_hours": 10.6,
      "threshold_hours": 25,
      "level": "OK",
      "detail": "最新备份 lawtwin-backup-20260928.L1.tar.gz.enc 距今 10.6h（新鲜）"
    }
  },
  "pii_safe": true
}
{
  "schema": "lawtwin-health-v1",
  "scanned_at": "2026-09-28T19:45:13",
  "overall": "OK",
  "probes": {
    "lti_gate": {
      "alive": true,
      "level": "OK",
      "detail": "lti-gate 守护进程存活"
    },
    "crypto_perms": {
      "exists": true,
      "perms": "0o600",
      "expected": "0o600",
      "level": "OK",
      "detail": "L1 密钥脚本权限合规"
    },
    "desensitize": {
      "present": true,
      "level": "OK",
      "detail": "脱敏门禁脚本在位"
    },
    "m1_mode": {
      "mode": "local-only",
      "level": "OK",
      "detail": "M1 网络模式=local-only（whitelist 更严，allow_external 为默认）"
    },
    "d3_freshness": {
      "present": true,
      "latest": "lawtwin-backup-20260928.L1.tar.gz.enc",
      "age_hours": 11.0,
      "threshold_hours": 25,
      "level": "OK",
      "detail": "最新备份 lawtwin-backup-20260928.L1.tar.gz.enc 距今 11.0h（新鲜）"
    }
  },
  "pii_safe": true
}
{
  "schema": "lawtwin-health-v1",
  "scanned_at": "2026-09-28T20:21:08",
  "overall": "OK",
  "probes": {
    "lti_gate": {
      "alive": true,
      "level": "OK",
      "detail": "lti-gate 守护进程存活"
    },
    "crypto_perms": {
      "exists": true,
      "perms": "0o600",
      "expected": "0o600",
      "level": "OK",
      "detail": "L1 密钥脚本权限合规"
    },
    "desensitize": {
      "present": true,
      "level": "OK",
      "detail": "脱敏门禁脚本在位"
    },
    "m1_mode": {
      "mode": "local-only",
      "level": "OK",
      "detail": "M1 网络模式=local-only（whitelist 更严，allow_external 为默认）"
    },
    "d3_freshness": {
      "present": true,
      "latest": "lawtwin-backup-20260928.L1.tar.gz.enc",
      "age_hours": 11.6,
      "threshold_hours": 25,
      "level": "OK",
      "detail": "最新备份 lawtwin-backup-20260928.L1.tar.gz.enc 距今 11.6h（新鲜）"
    }
  },
  "pii_safe": true
}
{
  "schema": "lawtwin-health-v1",
  "scanned_at": "2026-09-28T20:46:55",
  "overall": "OK",
  "probes": {
    "lti_gate": {
      "alive": true,
      "level": "OK",
      "detail": "lti-gate 守护进程存活"
    },
    "crypto_perms": {
      "exists": true,
      "perms": "0o600",
      "expected": "0o600",
      "level": "OK",
      "detail": "L1 密钥脚本权限合规"
    },
    "desensitize": {
      "present": true,
      "level": "OK",
      "detail": "脱敏门禁脚本在位"
    },
    "m1_mode": {
      "mode": "local-only",
      "level": "OK",
      "detail": "M1 网络模式=local-only（whitelist 更严，allow_external 为默认）"
    },
    "d3_freshness": {
      "present": true,
      "latest": "lawtwin-backup-20260928.L1.tar.gz.enc",
      "age_hours": 12.0,
      "threshold_hours": 25,
      "level": "OK",
      "detail": "最新备份 lawtwin-backup-20260928.L1.tar.gz.enc 距今 12.0h（新鲜）"
    }
  },
  "pii_safe": true
}
{
  "schema": "lawtwin-health-v1",
  "scanned_at": "2026-09-28T21:44:25",
  "overall": "OK",
  "probes": {
    "lti_gate": {
      "alive": true,
      "level": "OK",
      "detail": "lti-gate 守护进程存活"
    },
    "crypto_perms": {
      "exists": true,
      "perms": "0o600",
      "expected": "0o600",
      "level": "OK",
      "detail": "L1 密钥脚本权限合规"
    },
    "desensitize": {
      "present": true,
      "level": "OK",
      "detail": "脱敏门禁脚本在位"
    },
    "m1_mode": {
      "mode": "local-only",
      "level": "OK",
      "detail": "M1 网络模式=local-only（whitelist 更严，allow_external 为默认）"
    },
    "d3_freshness": {
      "present": true,
      "latest": "lawtwin-backup-20260928.L1.tar.gz.enc",
      "age_hours": 13.0,
      "threshold_hours": 25,
      "level": "OK",
      "detail": "最新备份 lawtwin-backup-20260928.L1.tar.gz.enc 距今 13.0h（新鲜）"
    }
  },
  "pii_safe": true
}
{
  "schema": "lawtwin-health-v1",
  "scanned_at": "2026-09-28T21:56:22",
  "overall": "OK",
  "probes": {
    "lti_gate": {
      "alive": true,
      "level": "OK",
      "detail": "lti-gate 守护进程存活"
    },
    "crypto_perms": {
      "exists": true,
      "perms": "0o600",
      "expected": "0o600",
      "level": "OK",
      "detail": "L1 密钥脚本权限合规"
    },
    "desensitize": {
      "present": true,
      "level": "OK",
      "detail": "脱敏门禁脚本在位"
    },
    "m1_mode": {
      "mode": "local-only",
      "level": "OK",
      "detail": "M1 网络模式=local-only（whitelist 更严，allow_external 为默认）"
    },
    "d3_freshness": {
      "present": true,
      "latest": "lawtwin-backup-20260928.L1.tar.gz.enc",
      "age_hours": 13.2,
      "threshold_hours": 25,
      "level": "OK",
      "detail": "最新备份 lawtwin-backup-20260928.L1.tar.gz.enc 距今 13.2h（新鲜）"
    }
  },
  "pii_safe": true
}
{
  "schema": "lawtwin-health-v1",
  "scanned_at": "2026-09-28T22:06:22",
  "overall": "OK",
  "probes": {
    "lti_gate": {
      "alive": true,
      "level": "OK",
      "detail": "lti-gate 守护进程存活"
    },
    "crypto_perms": {
      "exists": true,
      "perms": "0o600",
      "expected": "0o600",
      "level": "OK",
      "detail": "L1 密钥脚本权限合规"
    },
    "desensitize": {
      "present": true,
      "level": "OK",
      "detail": "脱敏门禁脚本在位"
    },
    "m1_mode": {
      "mode": "local-only",
      "level": "OK",
      "detail": "M1 网络模式=local-only（whitelist 更严，allow_external 为默认）"
    },
    "d3_freshness": {
      "present": true,
      "latest": "lawtwin-backup-20260928.L1.tar.gz.enc",
      "age_hours": 13.3,
      "threshold_hours": 25,
      "level": "OK",
      "detail": "最新备份 lawtwin-backup-20260928.L1.tar.gz.enc 距今 13.3h（新鲜）"
    }
  },
  "pii_safe": true
}
{
  "schema": "lawtwin-health-v1",
  "scanned_at": "2026-09-28T22:16:22",
  "overall": "OK",
  "probes": {
    "lti_gate": {
      "alive": true,
      "level": "OK",
      "detail": "lti-gate 守护进程存活"
    },
    "crypto_perms": {
      "exists": true,
      "perms": "0o600",
      "expected": "0o600",
      "level": "OK",
      "detail": "L1 密钥脚本权限合规"
    },
    "desensitize": {
      "present": true,
      "level": "OK",
      "detail": "脱敏门禁脚本在位"
    },
    "m1_mode": {
      "mode": "local-only",
      "level": "OK",
      "detail": "M1 网络模式=local-only（whitelist 更严，allow_external 为默认）"
    },
    "d3_freshness": {
      "present": true,
      "latest": "lawtwin-backup-20260928.L1.tar.gz.enc",
      "age_hours": 13.5,
      "threshold_hours": 25,
      "level": "OK",
      "detail": "最新备份 lawtwin-backup-20260928.L1.tar.gz.enc 距今 13.5h（新鲜）"
    }
  },
  "pii_safe": true
}
{
  "schema": "lawtwin-health-v1",
  "scanned_at": "2026-09-28T22:26:22",
  "overall": "OK",
  "probes": {
    "lti_gate": {
      "alive": true,
      "level": "OK",
      "detail": "lti-gate 守护进程存活"
    },
    "crypto_perms": {
      "exists": true,
      "perms": "0o600",
      "expected": "0o600",
      "level": "OK",
      "detail": "L1 密钥脚本权限合规"
    },
    "desensitize": {
      "present": true,
      "level": "OK",
      "detail": "脱敏门禁脚本在位"
    },
    "m1_mode": {
      "mode": "local-only",
      "level": "OK",
      "detail": "M1 网络模式=local-only（whitelist 更严，allow_external 为默认）"
    },
    "d3_freshness": {
      "present": true,
      "latest": "lawtwin-backup-20260928.L1.tar.gz.enc",
      "age_hours": 13.7,
      "threshold_hours": 25,
      "level": "OK",
      "detail": "最新备份 lawtwin-backup-20260928.L1.tar.gz.enc 距今 13.7h（新鲜）"
    }
  },
  "pii_safe": true
}
{
  "schema": "lawtwin-health-v1",
  "scanned_at": "2026-09-28T22:36:22",
  "overall": "OK",
  "probes": {
    "lti_gate": {
      "alive": true,
      "level": "OK",
      "detail": "lti-gate 守护进程存活"
    },
    "crypto_perms": {
      "exists": true,
      "perms": "0o600",
      "expected": "0o600",
      "level": "OK",
      "detail": "L1 密钥脚本权限合规"
    },
    "desensitize": {
      "present": true,
      "level": "OK",
      "detail": "脱敏门禁脚本在位"
    },
    "m1_mode": {
      "mode": "local-only",
      "level": "OK",
      "detail": "M1 网络模式=local-only（whitelist 更严，allow_external 为默认）"
    },
    "d3_freshness": {
      "present": true,
      "latest": "lawtwin-backup-20260928.L1.tar.gz.enc",
      "age_hours": 13.8,
      "threshold_hours": 25,
      "level": "OK",
      "detail": "最新备份 lawtwin-backup-20260928.L1.tar.gz.enc 距今 13.8h（新鲜）"
    }
  },
  "pii_safe": true
}
{
  "schema": "lawtwin-health-v1",
  "scanned_at": "2026-09-28T22:46:22",
  "overall": "OK",
  "probes": {
    "lti_gate": {
      "alive": true,
      "level": "OK",
      "detail": "lti-gate 守护进程存活"
    },
    "crypto_perms": {
      "exists": true,
      "perms": "0o600",
      "expected": "0o600",
      "level": "OK",
      "detail": "L1 密钥脚本权限合规"
    },
    "desensitize": {
      "present": true,
      "level": "OK",
      "detail": "脱敏门禁脚本在位"
    },
    "m1_mode": {
      "mode": "local-only",
      "level": "OK",
      "detail": "M1 网络模式=local-only（whitelist 更严，allow_external 为默认）"
    },
    "d3_freshness": {
      "present": true,
      "latest": "lawtwin-backup-20260928.L1.tar.gz.enc",
      "age_hours": 14.0,
      "threshold_hours": 25,
      "level": "OK",
      "detail": "最新备份 lawtwin-backup-20260928.L1.tar.gz.enc 距今 14.0h（新鲜）"
    }
  },
  "pii_safe": true
}
{
  "schema": "lawtwin-health-v1",
  "scanned_at": "2026-09-28T22:56:22",
  "overall": "OK",
  "probes": {
    "lti_gate": {
      "alive": true,
      "level": "OK",
      "detail": "lti-gate 守护进程存活"
    },
    "crypto_perms": {
      "exists": true,
      "perms": "0o600",
      "expected": "0o600",
      "level": "OK",
      "detail": "L1 密钥脚本权限合规"
    },
    "desensitize": {
      "present": true,
      "level": "OK",
      "detail": "脱敏门禁脚本在位"
    },
    "m1_mode": {
      "mode": "local-only",
      "level": "OK",
      "detail": "M1 网络模式=local-only（whitelist 更严，allow_external 为默认）"
    },
    "d3_freshness": {
      "present": true,
      "latest": "lawtwin-backup-20260928.L1.tar.gz.enc",
      "age_hours": 14.2,
      "threshold_hours": 25,
      "level": "OK",
      "detail": "最新备份 lawtwin-backup-20260928.L1.tar.gz.enc 距今 14.2h（新鲜）"
    }
  },
  "pii_safe": true
}
{
  "schema": "lawtwin-health-v1",
  "scanned_at": "2026-09-28T23:06:22",
  "overall": "OK",
  "probes": {
    "lti_gate": {
      "alive": true,
      "level": "OK",
      "detail": "lti-gate 守护进程存活"
    },
    "crypto_perms": {
      "exists": true,
      "perms": "0o600",
      "expected": "0o600",
      "level": "OK",
      "detail": "L1 密钥脚本权限合规"
    },
    "desensitize": {
      "present": true,
      "level": "OK",
      "detail": "脱敏门禁脚本在位"
    },
    "m1_mode": {
      "mode": "local-only",
      "level": "OK",
      "detail": "M1 网络模式=local-only（whitelist 更严，allow_external 为默认）"
    },
    "d3_freshness": {
      "present": true,
      "latest": "lawtwin-backup-20260928.L1.tar.gz.enc",
      "age_hours": 14.3,
      "threshold_hours": 25,
      "level": "OK",
      "detail": "最新备份 lawtwin-backup-20260928.L1.tar.gz.enc 距今 14.3h（新鲜）"
    }
  },
  "pii_safe": true
}
{
  "schema": "lawtwin-health-v1",
  "scanned_at": "2026-09-28T23:16:22",
  "overall": "OK",
  "probes": {
    "lti_gate": {
      "alive": true,
      "level": "OK",
      "detail": "lti-gate 守护进程存活"
    },
    "crypto_perms": {
      "exists": true,
      "perms": "0o600",
      "expected": "0o600",
      "level": "OK",
      "detail": "L1 密钥脚本权限合规"
    },
    "desensitize": {
      "present": true,
      "level": "OK",
      "detail": "脱敏门禁脚本在位"
    },
    "m1_mode": {
      "mode": "local-only",
      "level": "OK",
      "detail": "M1 网络模式=local-only（whitelist 更严，allow_external 为默认）"
    },
    "d3_freshness": {
      "present": true,
      "latest": "lawtwin-backup-20260928.L1.tar.gz.enc",
      "age_hours": 14.5,
      "threshold_hours": 25,
      "level": "OK",
      "detail": "最新备份 lawtwin-backup-20260928.L1.tar.gz.enc 距今 14.5h（新鲜）"
    }
  },
  "pii_safe": true
}
{
  "schema": "lawtwin-health-v1",
  "scanned_at": "2026-09-28T23:26:23",
  "overall": "OK",
  "probes": {
    "lti_gate": {
      "alive": true,
      "level": "OK",
      "detail": "lti-gate 守护进程存活"
    },
    "crypto_perms": {
      "exists": true,
      "perms": "0o600",
      "expected": "0o600",
      "level": "OK",
      "detail": "L1 密钥脚本权限合规"
    },
    "desensitize": {
      "present": true,
      "level": "OK",
      "detail": "脱敏门禁脚本在位"
    },
    "m1_mode": {
      "mode": "local-only",
      "level": "OK",
      "detail": "M1 网络模式=local-only（whitelist 更严，allow_external 为默认）"
    },
    "d3_freshness": {
      "present": true,
      "latest": "lawtwin-backup-20260928.L1.tar.gz.enc",
      "age_hours": 14.7,
      "threshold_hours": 25,
      "level": "OK",
      "detail": "最新备份 lawtwin-backup-20260928.L1.tar.gz.enc 距今 14.7h（新鲜）"
    }
  },
  "pii_safe": true
}
{
  "schema": "lawtwin-health-v1",
  "scanned_at": "2026-09-28T23:36:23",
  "overall": "OK",
  "probes": {
    "lti_gate": {
      "alive": true,
      "level": "OK",
      "detail": "lti-gate 守护进程存活"
    },
    "crypto_perms": {
      "exists": true,
      "perms": "0o600",
      "expected": "0o600",
      "level": "OK",
      "detail": "L1 密钥脚本权限合规"
    },
    "desensitize": {
      "present": true,
      "level": "OK",
      "detail": "脱敏门禁脚本在位"
    },
    "m1_mode": {
      "mode": "local-only",
      "level": "OK",
      "detail": "M1 网络模式=local-only（whitelist 更严，allow_external 为默认）"
    },
    "d3_freshness": {
      "present": true,
      "latest": "lawtwin-backup-20260928.L1.tar.gz.enc",
      "age_hours": 14.8,
      "threshold_hours": 25,
      "level": "OK",
      "detail": "最新备份 lawtwin-backup-20260928.L1.tar.gz.enc 距今 14.8h（新鲜）"
    }
  },
  "pii_safe": true
}
{
  "schema": "lawtwin-health-v1",
  "scanned_at": "2026-09-28T23:46:23",
  "overall": "OK",
  "probes": {
    "lti_gate": {
      "alive": true,
      "level": "OK",
      "detail": "lti-gate 守护进程存活"
    },
    "crypto_perms": {
      "exists": true,
      "perms": "0o600",
      "expected": "0o600",
      "level": "OK",
      "detail": "L1 密钥脚本权限合规"
    },
    "desensitize": {
      "present": true,
      "level": "OK",
      "detail": "脱敏门禁脚本在位"
    },
    "m1_mode": {
      "mode": "local-only",
      "level": "OK",
      "detail": "M1 网络模式=local-only（whitelist 更严，allow_external 为默认）"
    },
    "d3_freshness": {
      "present": true,
      "latest": "lawtwin-backup-20260928.L1.tar.gz.enc",
      "age_hours": 15.0,
      "threshold_hours": 25,
      "level": "OK",
      "detail": "最新备份 lawtwin-backup-20260928.L1.tar.gz.enc 距今 15.0h（新鲜）"
    }
  },
  "pii_safe": true
}
{
  "schema": "lawtwin-health-v1",
  "scanned_at": "2026-09-28T23:56:23",
  "overall": "OK",
  "probes": {
    "lti_gate": {
      "alive": true,
      "level": "OK",
      "detail": "lti-gate 守护进程存活"
    },
    "crypto_perms": {
      "exists": true,
      "perms": "0o600",
      "expected": "0o600",
      "level": "OK",
      "detail": "L1 密钥脚本权限合规"
    },
    "desensitize": {
      "present": true,
      "level": "OK",
      "detail": "脱敏门禁脚本在位"
    },
    "m1_mode": {
      "mode": "local-only",
      "level": "OK",
      "detail": "M1 网络模式=local-only（whitelist 更严，allow_external 为默认）"
    },
    "d3_freshness": {
      "present": true,
      "latest": "lawtwin-backup-20260928.L1.tar.gz.enc",
      "age_hours": 15.2,
      "threshold_hours": 25,
      "level": "OK",
      "detail": "最新备份 lawtwin-backup-20260928.L1.tar.gz.enc 距今 15.2h（新鲜）"
    }
  },
  "pii_safe": true
}
{
  "schema": "lawtwin-health-v1",
  "scanned_at": "2026-09-29T00:06:23",
  "overall": "OK",
  "probes": {
    "lti_gate": {
      "alive": true,
      "level": "OK",
      "detail": "lti-gate 守护进程存活"
    },
    "crypto_perms": {
      "exists": true,
      "perms": "0o600",
      "expected": "0o600",
      "level": "OK",
      "detail": "L1 密钥脚本权限合规"
    },
    "desensitize": {
      "present": true,
      "level": "OK",
      "detail": "脱敏门禁脚本在位"
    },
    "m1_mode": {
      "mode": "local-only",
      "level": "OK",
      "detail": "M1 网络模式=local-only（whitelist 更严，allow_external 为默认）"
    },
    "d3_freshness": {
      "present": true,
      "latest": "lawtwin-backup-20260928.L1.tar.gz.enc",
      "age_hours": 15.3,
      "threshold_hours": 25,
      "level": "OK",
      "detail": "最新备份 lawtwin-backup-20260928.L1.tar.gz.enc 距今 15.3h（新鲜）"
    }
  },
  "pii_safe": true
}
{
  "schema": "lawtwin-health-v1",
  "scanned_at": "2026-09-29T00:16:23",
  "overall": "OK",
  "probes": {
    "lti_gate": {
      "alive": true,
      "level": "OK",
      "detail": "lti-gate 守护进程存活"
    },
    "crypto_perms": {
      "exists": true,
      "perms": "0o600",
      "expected": "0o600",
      "level": "OK",
      "detail": "L1 密钥脚本权限合规"
    },
    "desensitize": {
      "present": true,
      "level": "OK",
      "detail": "脱敏门禁脚本在位"
    },
    "m1_mode": {
      "mode": "local-only",
      "level": "OK",
      "detail": "M1 网络模式=local-only（whitelist 更严，allow_external 为默认）"
    },
    "d3_freshness": {
      "present": true,
      "latest": "lawtwin-backup-20260928.L1.tar.gz.enc",
      "age_hours": 15.5,
      "threshold_hours": 25,
      "level": "OK",
      "detail": "最新备份 lawtwin-backup-20260928.L1.tar.gz.enc 距今 15.5h（新鲜）"
    }
  },
  "pii_safe": true
}
{
  "schema": "lawtwin-health-v1",
  "scanned_at": "2026-09-29T00:26:24",
  "overall": "OK",
  "probes": {
    "lti_gate": {
      "alive": true,
      "level": "OK",
      "detail": "lti-gate 守护进程存活"
    },
    "crypto_perms": {
      "exists": true,
      "perms": "0o600",
      "expected": "0o600",
      "level": "OK",
      "detail": "L1 密钥脚本权限合规"
    },
    "desensitize": {
      "present": true,
      "level": "OK",
      "detail": "脱敏门禁脚本在位"
    },
    "m1_mode": {
      "mode": "local-only",
      "level": "OK",
      "detail": "M1 网络模式=local-only（whitelist 更严，allow_external 为默认）"
    },
    "d3_freshness": {
      "present": true,
      "latest": "lawtwin-backup-20260928.L1.tar.gz.enc",
      "age_hours": 15.7,
      "threshold_hours": 25,
      "level": "OK",
      "detail": "最新备份 lawtwin-backup-20260928.L1.tar.gz.enc 距今 15.7h（新鲜）"
    }
  },
  "pii_safe": true
}
{
  "schema": "lawtwin-health-v1",
  "scanned_at": "2026-09-29T01:04:06",
  "overall": "P0",
  "probes": {
    "lti_gate": {
      "alive": false,
      "level": "P0",
      "detail": "lti-gate 守护进程未探活（门禁可能未启动）"
    },
    "crypto_perms": {
      "exists": true,
      "perms": "0o600",
      "expected": "0o600",
      "level": "OK",
      "detail": "L1 密钥脚本权限合规"
    },
    "desensitize": {
      "present": true,
      "level": "OK",
      "detail": "脱敏门禁脚本在位"
    },
    "m1_mode": {
      "mode": "local-only",
      "level": "OK",
      "detail": "M1 网络模式=local-only（whitelist 更严，allow_external 为默认）"
    },
    "d3_freshness": {
      "present": true,
      "latest": "lawtwin-backup-20260928.L1.tar.gz.enc",
      "age_hours": 16.3,
      "threshold_hours": 25,
      "level": "OK",
      "detail": "最新备份 lawtwin-backup-20260928.L1.tar.gz.enc 距今 16.3h（新鲜）"
    }
  },
  "pii_safe": true
}
{
  "schema": "lawtwin-health-v1",
  "scanned_at": "2026-09-29T01:45:34",
  "overall": "P0",
  "probes": {
    "lti_gate": {
      "alive": false,
      "level": "P0",
      "detail": "lti-gate 守护进程未探活（门禁可能未启动）"
    },
    "crypto_perms": {
      "exists": true,
      "perms": "0o600",
      "expected": "0o600",
      "level": "OK",
      "detail": "L1 密钥脚本权限合规"
    },
    "desensitize": {
      "present": true,
      "level": "OK",
      "detail": "脱敏门禁脚本在位"
    },
    "m1_mode": {
      "mode": "local-only",
      "level": "OK",
      "detail": "M1 网络模式=local-only（whitelist 更严，allow_external 为默认）"
    },
    "d3_freshness": {
      "present": true,
      "latest": "lawtwin-backup-20260928.L1.tar.gz.enc",
      "age_hours": 17.0,
      "threshold_hours": 25,
      "level": "OK",
      "detail": "最新备份 lawtwin-backup-20260928.L1.tar.gz.enc 距今 17.0h（新鲜）"
    }
  },
  "pii_safe": true
}
{
  "schema": "lawtwin-health-v1",
  "scanned_at": "2026-09-29T02:26:35",
  "overall": "P0",
  "probes": {
    "lti_gate": {
      "alive": false,
      "level": "P0",
      "detail": "lti-gate 守护进程未探活（门禁可能未启动）"
    },
    "crypto_perms": {
      "exists": true,
      "perms": "0o600",
      "expected": "0o600",
      "level": "OK",
      "detail": "L1 密钥脚本权限合规"
    },
    "desensitize": {
      "present": true,
      "level": "OK",
      "detail": "脱敏门禁脚本在位"
    },
    "m1_mode": {
      "mode": "local-only",
      "level": "OK",
      "detail": "M1 网络模式=local-only（whitelist 更严，allow_external 为默认）"
    },
    "d3_freshness": {
      "present": true,
      "latest": "lawtwin-backup-20260928.L1.tar.gz.enc",
      "age_hours": 17.7,
      "threshold_hours": 25,
      "level": "OK",
      "detail": "最新备份 lawtwin-backup-20260928.L1.tar.gz.enc 距今 17.7h（新鲜）"
    }
  },
  "pii_safe": true
}
{
  "schema": "lawtwin-health-v1",
  "scanned_at": "2026-09-29T03:07:58",
  "overall": "P0",
  "probes": {
    "lti_gate": {
      "alive": false,
      "level": "P0",
      "detail": "lti-gate 守护进程未探活（门禁可能未启动）"
    },
    "crypto_perms": {
      "exists": true,
      "perms": "0o600",
      "expected": "0o600",
      "level": "OK",
      "detail": "L1 密钥脚本权限合规"
    },
    "desensitize": {
      "present": true,
      "level": "OK",
      "detail": "脱敏门禁脚本在位"
    },
    "m1_mode": {
      "mode": "local-only",
      "level": "OK",
      "detail": "M1 网络模式=local-only（whitelist 更严，allow_external 为默认）"
    },
    "d3_freshness": {
      "present": true,
      "latest": "lawtwin-backup-20260928.L1.tar.gz.enc",
      "age_hours": 18.4,
      "threshold_hours": 25,
      "level": "OK",
      "detail": "最新备份 lawtwin-backup-20260928.L1.tar.gz.enc 距今 18.4h（新鲜）"
    }
  },
  "pii_safe": true
}
{
  "schema": "lawtwin-health-v1",
  "scanned_at": "2026-09-29T03:50:31",
  "overall": "P0",
  "probes": {
    "lti_gate": {
      "alive": false,
      "level": "P0",
      "detail": "lti-gate 守护进程未探活（门禁可能未启动）"
    },
    "crypto_perms": {
      "exists": true,
      "perms": "0o600",
      "expected": "0o600",
      "level": "OK",
      "detail": "L1 密钥脚本权限合规"
    },
    "desensitize": {
      "present": true,
      "level": "OK",
      "detail": "脱敏门禁脚本在位"
    },
    "m1_mode": {
      "mode": "local-only",
      "level": "OK",
      "detail": "M1 网络模式=local-only（whitelist 更严，allow_external 为默认）"
    },
    "d3_freshness": {
      "present": true,
      "latest": "lawtwin-backup-20260928.L1.tar.gz.enc",
      "age_hours": 19.1,
      "threshold_hours": 25,
      "level": "OK",
      "detail": "最新备份 lawtwin-backup-20260928.L1.tar.gz.enc 距今 19.1h（新鲜）"
    }
  },
  "pii_safe": true
}
{
  "schema": "lawtwin-health-v1",
  "scanned_at": "2026-09-29T04:52:07",
  "overall": "P0",
  "probes": {
    "lti_gate": {
      "alive": false,
      "level": "P0",
      "detail": "lti-gate 守护进程未探活（门禁可能未启动）"
    },
    "crypto_perms": {
      "exists": true,
      "perms": "0o600",
      "expected": "0o600",
      "level": "OK",
      "detail": "L1 密钥脚本权限合规"
    },
    "desensitize": {
      "present": true,
      "level": "OK",
      "detail": "脱敏门禁脚本在位"
    },
    "m1_mode": {
      "mode": "local-only",
      "level": "OK",
      "detail": "M1 网络模式=local-only（whitelist 更严，allow_external 为默认）"
    },
    "d3_freshness": {
      "present": true,
      "latest": "lawtwin-backup-20260928.L1.tar.gz.enc",
      "age_hours": 20.1,
      "threshold_hours": 25,
      "level": "OK",
      "detail": "最新备份 lawtwin-backup-20260928.L1.tar.gz.enc 距今 20.1h（新鲜）"
    }
  },
  "pii_safe": true
}
{
  "schema": "lawtwin-health-v1",
  "scanned_at": "2026-09-29T05:33:36",
  "overall": "P0",
  "probes": {
    "lti_gate": {
      "alive": false,
      "level": "P0",
      "detail": "lti-gate 守护进程未探活（门禁可能未启动）"
    },
    "crypto_perms": {
      "exists": true,
      "perms": "0o600",
      "expected": "0o600",
      "level": "OK",
      "detail": "L1 密钥脚本权限合规"
    },
    "desensitize": {
      "present": true,
      "level": "OK",
      "detail": "脱敏门禁脚本在位"
    },
    "m1_mode": {
      "mode": "local-only",
      "level": "OK",
      "detail": "M1 网络模式=local-only（whitelist 更严，allow_external 为默认）"
    },
    "d3_freshness": {
      "present": true,
      "latest": "lawtwin-backup-20260928.L1.tar.gz.enc",
      "age_hours": 20.8,
      "threshold_hours": 25,
      "level": "OK",
      "detail": "最新备份 lawtwin-backup-20260928.L1.tar.gz.enc 距今 20.8h（新鲜）"
    }
  },
  "pii_safe": true
}
{
  "schema": "lawtwin-health-v1",
  "scanned_at": "2026-09-29T05:59:52",
  "overall": "P0",
  "probes": {
    "lti_gate": {
      "alive": false,
      "level": "P0",
      "detail": "lti-gate 守护进程未探活（门禁可能未启动）"
    },
    "crypto_perms": {
      "exists": true,
      "perms": "0o600",
      "expected": "0o600",
      "level": "OK",
      "detail": "L1 密钥脚本权限合规"
    },
    "desensitize": {
      "present": true,
      "level": "OK",
      "detail": "脱敏门禁脚本在位"
    },
    "m1_mode": {
      "mode": "local-only",
      "level": "OK",
      "detail": "M1 网络模式=local-only（whitelist 更严，allow_external 为默认）"
    },
    "d3_freshness": {
      "present": true,
      "latest": "lawtwin-backup-20260928.L1.tar.gz.enc",
      "age_hours": 21.2,
      "threshold_hours": 25,
      "level": "OK",
      "detail": "最新备份 lawtwin-backup-20260928.L1.tar.gz.enc 距今 21.2h（新鲜）"
    }
  },
  "pii_safe": true
}
{
  "schema": "lawtwin-health-v1",
  "scanned_at": "2026-09-29T06:56:58",
  "overall": "P0",
  "probes": {
    "lti_gate": {
      "alive": false,
      "level": "P0",
      "detail": "lti-gate 守护进程未探活（门禁可能未启动）"
    },
    "crypto_perms": {
      "exists": true,
      "perms": "0o600",
      "expected": "0o600",
      "level": "OK",
      "detail": "L1 密钥脚本权限合规"
    },
    "desensitize": {
      "present": true,
      "level": "OK",
      "detail": "脱敏门禁脚本在位"
    },
    "m1_mode": {
      "mode": "local-only",
      "level": "OK",
      "detail": "M1 网络模式=local-only（whitelist 更严，allow_external 为默认）"
    },
    "d3_freshness": {
      "present": true,
      "latest": "lawtwin-backup-20260928.L1.tar.gz.enc",
      "age_hours": 22.2,
      "threshold_hours": 25,
      "level": "OK",
      "detail": "最新备份 lawtwin-backup-20260928.L1.tar.gz.enc 距今 22.2h（新鲜）"
    }
  },
  "pii_safe": true
}
{
  "schema": "lawtwin-health-v1",
  "scanned_at": "2026-09-29T07:30:05",
  "overall": "P0",
  "probes": {
    "lti_gate": {
      "alive": false,
      "level": "P0",
      "detail": "lti-gate 守护进程未探活（门禁可能未启动）"
    },
    "crypto_perms": {
      "exists": true,
      "perms": "0o600",
      "expected": "0o600",
      "level": "OK",
      "detail": "L1 密钥脚本权限合规"
    },
    "desensitize": {
      "present": true,
      "level": "OK",
      "detail": "脱敏门禁脚本在位"
    },
    "m1_mode": {
      "mode": "local-only",
      "level": "OK",
      "detail": "M1 网络模式=local-only（whitelist 更严，allow_external 为默认）"
    },
    "d3_freshness": {
      "present": true,
      "latest": "lawtwin-backup-20260928.L1.tar.gz.enc",
      "age_hours": 22.7,
      "threshold_hours": 25,
      "level": "OK",
      "detail": "最新备份 lawtwin-backup-20260928.L1.tar.gz.enc 距今 22.7h（新鲜）"
    }
  },
  "pii_safe": true
}
{
  "schema": "lawtwin-health-v1",
  "scanned_at": "2026-09-29T07:45:27",
  "overall": "P0",
  "probes": {
    "lti_gate": {
      "alive": false,
      "level": "P0",
      "detail": "lti-gate 守护进程未探活（门禁可能未启动）"
    },
    "crypto_perms": {
      "exists": true,
      "perms": "0o600",
      "expected": "0o600",
      "level": "OK",
      "detail": "L1 密钥脚本权限合规"
    },
    "desensitize": {
      "present": true,
      "level": "OK",
      "detail": "脱敏门禁脚本在位"
    },
    "m1_mode": {
      "mode": "local-only",
      "level": "OK",
      "detail": "M1 网络模式=local-only（whitelist 更严，allow_external 为默认）"
    },
    "d3_freshness": {
      "present": true,
      "latest": "lawtwin-backup-20260928.L1.tar.gz.enc",
      "age_hours": 23.0,
      "threshold_hours": 25,
      "level": "OK",
      "detail": "最新备份 lawtwin-backup-20260928.L1.tar.gz.enc 距今 23.0h（新鲜）"
    }
  },
  "pii_safe": true
}
{
  "schema": "lawtwin-health-v1",
  "scanned_at": "2026-09-29T08:20:02",
  "overall": "P0",
  "probes": {
    "lti_gate": {
      "alive": false,
      "level": "P0",
      "detail": "lti-gate 守护进程未探活（门禁可能未启动）"
    },
    "crypto_perms": {
      "exists": true,
      "perms": "0o600",
      "expected": "0o600",
      "level": "OK",
      "detail": "L1 密钥脚本权限合规"
    },
    "desensitize": {
      "present": true,
      "level": "OK",
      "detail": "脱敏门禁脚本在位"
    },
    "m1_mode": {
      "mode": "local-only",
      "level": "OK",
      "detail": "M1 网络模式=local-only（whitelist 更严，allow_external 为默认）"
    },
    "d3_freshness": {
      "present": true,
      "latest": "lawtwin-backup-20260928.L1.tar.gz.enc",
      "age_hours": 23.6,
      "threshold_hours": 25,
      "level": "OK",
      "detail": "最新备份 lawtwin-backup-20260928.L1.tar.gz.enc 距今 23.6h（新鲜）"
    }
  },
  "pii_safe": true
}
{
  "schema": "lawtwin-health-v1",
  "scanned_at": "2026-09-29T08:30:02",
  "overall": "P0",
  "probes": {
    "lti_gate": {
      "alive": false,
      "level": "P0",
      "detail": "lti-gate 守护进程未探活（门禁可能未启动）"
    },
    "crypto_perms": {
      "exists": true,
      "perms": "0o600",
      "expected": "0o600",
      "level": "OK",
      "detail": "L1 密钥脚本权限合规"
    },
    "desensitize": {
      "present": true,
      "level": "OK",
      "detail": "脱敏门禁脚本在位"
    },
    "m1_mode": {
      "mode": "local-only",
      "level": "OK",
      "detail": "M1 网络模式=local-only（whitelist 更严，allow_external 为默认）"
    },
    "d3_freshness": {
      "present": true,
      "latest": "lawtwin-backup-20260928.L1.tar.gz.enc",
      "age_hours": 23.7,
      "threshold_hours": 25,
      "level": "OK",
      "detail": "最新备份 lawtwin-backup-20260928.L1.tar.gz.enc 距今 23.7h（新鲜）"
    }
  },
  "pii_safe": true
}
{
  "schema": "lawtwin-health-v1",
  "scanned_at": "2026-09-29T08:40:03",
  "overall": "P0",
  "probes": {
    "lti_gate": {
      "alive": false,
      "level": "P0",
      "detail": "lti-gate 守护进程未探活（门禁可能未启动）"
    },
    "crypto_perms": {
      "exists": true,
      "perms": "0o600",
      "expected": "0o600",
      "level": "OK",
      "detail": "L1 密钥脚本权限合规"
    },
    "desensitize": {
      "present": true,
      "level": "OK",
      "detail": "脱敏门禁脚本在位"
    },
    "m1_mode": {
      "mode": "local-only",
      "level": "OK",
      "detail": "M1 网络模式=local-only（whitelist 更严，allow_external 为默认）"
    },
    "d3_freshness": {
      "present": true,
      "latest": "lawtwin-backup-20260928.L1.tar.gz.enc",
      "age_hours": 23.9,
      "threshold_hours": 25,
      "level": "OK",
      "detail": "最新备份 lawtwin-backup-20260928.L1.tar.gz.enc 距今 23.9h（新鲜）"
    }
  },
  "pii_safe": true
}
{
  "schema": "lawtwin-health-v1",
  "scanned_at": "2026-09-29T08:50:03",
  "overall": "P0",
  "probes": {
    "lti_gate": {
      "alive": false,
      "level": "P0",
      "detail": "lti-gate 守护进程未探活（门禁可能未启动）"
    },
    "crypto_perms": {
      "exists": true,
      "perms": "0o600",
      "expected": "0o600",
      "level": "OK",
      "detail": "L1 密钥脚本权限合规"
    },
    "desensitize": {
      "present": true,
      "level": "OK",
      "detail": "脱敏门禁脚本在位"
    },
    "m1_mode": {
      "mode": "local-only",
      "level": "OK",
      "detail": "M1 网络模式=local-only（whitelist 更严，allow_external 为默认）"
    },
    "d3_freshness": {
      "present": true,
      "latest": "lawtwin-backup-20260928.L1.tar.gz.enc",
      "age_hours": 24.1,
      "threshold_hours": 25,
      "level": "OK",
      "detail": "最新备份 lawtwin-backup-20260928.L1.tar.gz.enc 距今 24.1h（新鲜）"
    }
  },
  "pii_safe": true
}
{
  "schema": "lawtwin-health-v1",
  "scanned_at": "2026-09-29T09:00:03",
  "overall": "P0",
  "probes": {
    "lti_gate": {
      "alive": false,
      "level": "P0",
      "detail": "lti-gate 守护进程未探活（门禁可能未启动）"
    },
    "crypto_perms": {
      "exists": true,
      "perms": "0o600",
      "expected": "0o600",
      "level": "OK",
      "detail": "L1 密钥脚本权限合规"
    },
    "desensitize": {
      "present": true,
      "level": "OK",
      "detail": "脱敏门禁脚本在位"
    },
    "m1_mode": {
      "mode": "local-only",
      "level": "OK",
      "detail": "M1 网络模式=local-only（whitelist 更严，allow_external 为默认）"
    },
    "d3_freshness": {
      "present": true,
      "latest": "lawtwin-backup-20260928.L1.tar.gz.enc",
      "age_hours": 24.2,
      "threshold_hours": 25,
      "level": "OK",
      "detail": "最新备份 lawtwin-backup-20260928.L1.tar.gz.enc 距今 24.2h（新鲜）"
    }
  },
  "pii_safe": true
}
{
  "schema": "lawtwin-health-v1",
  "scanned_at": "2026-09-29T09:10:03",
  "overall": "P0",
  "probes": {
    "lti_gate": {
      "alive": false,
      "level": "P0",
      "detail": "lti-gate 守护进程未探活（门禁可能未启动）"
    },
    "crypto_perms": {
      "exists": true,
      "perms": "0o600",
      "expected": "0o600",
      "level": "OK",
      "detail": "L1 密钥脚本权限合规"
    },
    "desensitize": {
      "present": true,
      "level": "OK",
      "detail": "脱敏门禁脚本在位"
    },
    "m1_mode": {
      "mode": "local-only",
      "level": "OK",
      "detail": "M1 网络模式=local-only（whitelist 更严，allow_external 为默认）"
    },
    "d3_freshness": {
      "present": true,
      "latest": "lawtwin-backup-20260928.L1.tar.gz.enc",
      "age_hours": 24.4,
      "threshold_hours": 25,
      "level": "OK",
      "detail": "最新备份 lawtwin-backup-20260928.L1.tar.gz.enc 距今 24.4h（新鲜）"
    }
  },
  "pii_safe": true
}
{
  "schema": "lawtwin-health-v1",
  "scanned_at": "2026-09-29T09:20:04",
  "overall": "P0",
  "probes": {
    "lti_gate": {
      "alive": false,
      "level": "P0",
      "detail": "lti-gate 守护进程未探活（门禁可能未启动）"
    },
    "crypto_perms": {
      "exists": true,
      "perms": "0o600",
      "expected": "0o600",
      "level": "OK",
      "detail": "L1 密钥脚本权限合规"
    },
    "desensitize": {
      "present": true,
      "level": "OK",
      "detail": "脱敏门禁脚本在位"
    },
    "m1_mode": {
      "mode": "local-only",
      "level": "OK",
      "detail": "M1 网络模式=local-only（whitelist 更严，allow_external 为默认）"
    },
    "d3_freshness": {
      "present": true,
      "latest": "lawtwin-backup-20260928.L1.tar.gz.enc",
      "age_hours": 24.6,
      "threshold_hours": 25,
      "level": "OK",
      "detail": "最新备份 lawtwin-backup-20260928.L1.tar.gz.enc 距今 24.6h（新鲜）"
    }
  },
  "pii_safe": true
}
{
  "schema": "lawtwin-health-v1",
  "scanned_at": "2026-09-29T09:30:04",
  "overall": "P0",
  "probes": {
    "lti_gate": {
      "alive": false,
      "level": "P0",
      "detail": "lti-gate 守护进程未探活（门禁可能未启动）"
    },
    "crypto_perms": {
      "exists": true,
      "perms": "0o600",
      "expected": "0o600",
      "level": "OK",
      "detail": "L1 密钥脚本权限合规"
    },
    "desensitize": {
      "present": true,
      "level": "OK",
      "detail": "脱敏门禁脚本在位"
    },
    "m1_mode": {
      "mode": "local-only",
      "level": "OK",
      "detail": "M1 网络模式=local-only（whitelist 更严，allow_external 为默认）"
    },
    "d3_freshness": {
      "present": true,
      "latest": "lawtwin-backup-20260928.L1.tar.gz.enc",
      "age_hours": 24.7,
      "threshold_hours": 25,
      "level": "OK",
      "detail": "最新备份 lawtwin-backup-20260928.L1.tar.gz.enc 距今 24.7h（新鲜）"
    }
  },
  "pii_safe": true
}
{
  "schema": "lawtwin-health-v1",
  "scanned_at": "2026-09-29T09:40:04",
  "overall": "P0",
  "probes": {
    "lti_gate": {
      "alive": false,
      "level": "P0",
      "detail": "lti-gate 守护进程未探活（门禁可能未启动）"
    },
    "crypto_perms": {
      "exists": true,
      "perms": "0o600",
      "expected": "0o600",
      "level": "OK",
      "detail": "L1 密钥脚本权限合规"
    },
    "desensitize": {
      "present": true,
      "level": "OK",
      "detail": "脱敏门禁脚本在位"
    },
    "m1_mode": {
      "mode": "local-only",
      "level": "OK",
      "detail": "M1 网络模式=local-only（whitelist 更严，allow_external 为默认）"
    },
    "d3_freshness": {
      "present": true,
      "latest": "lawtwin-backup-20260928.L1.tar.gz.enc",
      "age_hours": 24.9,
      "threshold_hours": 25,
      "level": "OK",
      "detail": "最新备份 lawtwin-backup-20260928.L1.tar.gz.enc 距今 24.9h（新鲜）"
    }
  },
  "pii_safe": true
}
{
  "schema": "lawtwin-health-v1",
  "scanned_at": "2026-09-29T10:15:55",
  "overall": "P0",
  "probes": {
    "lti_gate": {
      "alive": false,
      "level": "P0",
      "detail": "lti-gate 守护进程未探活（门禁可能未启动）"
    },
    "crypto_perms": {
      "exists": true,
      "perms": "0o600",
      "expected": "0o600",
      "level": "OK",
      "detail": "L1 密钥脚本权限合规"
    },
    "desensitize": {
      "present": true,
      "level": "OK",
      "detail": "脱敏门禁脚本在位"
    },
    "m1_mode": {
      "mode": "local-only",
      "level": "OK",
      "detail": "M1 网络模式=local-only（whitelist 更严，allow_external 为默认）"
    },
    "d3_freshness": {
      "present": true,
      "latest": "lawtwin-backup-20260928.L1.tar.gz.enc",
      "age_hours": 25.5,
      "threshold_hours": 25,
      "level": "P0",
      "detail": "最新备份 lawtwin-backup-20260928.L1.tar.gz.enc 距今 25.5h（超阈值，备份可能失败）"
    }
  },
  "pii_safe": true
}
{
  "schema": "lawtwin-health-v1",
  "scanned_at": "2026-09-29T10:25:55",
  "overall": "P0",
  "probes": {
    "lti_gate": {
      "alive": false,
      "level": "P0",
      "detail": "lti-gate 守护进程未探活（门禁可能未启动）"
    },
    "crypto_perms": {
      "exists": true,
      "perms": "0o600",
      "expected": "0o600",
      "level": "OK",
      "detail": "L1 密钥脚本权限合规"
    },
    "desensitize": {
      "present": true,
      "level": "OK",
      "detail": "脱敏门禁脚本在位"
    },
    "m1_mode": {
      "mode": "local-only",
      "level": "OK",
      "detail": "M1 网络模式=local-only（whitelist 更严，allow_external 为默认）"
    },
    "d3_freshness": {
      "present": true,
      "latest": "lawtwin-backup-20260928.L1.tar.gz.enc",
      "age_hours": 25.7,
      "threshold_hours": 25,
      "level": "P0",
      "detail": "最新备份 lawtwin-backup-20260928.L1.tar.gz.enc 距今 25.7h（超阈值，备份可能失败）"
    }
  },
  "pii_safe": true
}
{
  "schema": "lawtwin-health-v1",
  "scanned_at": "2026-09-29T10:35:55",
  "overall": "P0",
  "probes": {
    "lti_gate": {
      "alive": false,
      "level": "P0",
      "detail": "lti-gate 守护进程未探活（门禁可能未启动）"
    },
    "crypto_perms": {
      "exists": true,
      "perms": "0o600",
      "expected": "0o600",
      "level": "OK",
      "detail": "L1 密钥脚本权限合规"
    },
    "desensitize": {
      "present": true,
      "level": "OK",
      "detail": "脱敏门禁脚本在位"
    },
    "m1_mode": {
      "mode": "local-only",
      "level": "OK",
      "detail": "M1 网络模式=local-only（whitelist 更严，allow_external 为默认）"
    },
    "d3_freshness": {
      "present": true,
      "latest": "lawtwin-backup-20260928.L1.tar.gz.enc",
      "age_hours": 25.8,
      "threshold_hours": 25,
      "level": "P0",
      "detail": "最新备份 lawtwin-backup-20260928.L1.tar.gz.enc 距今 25.8h（超阈值，备份可能失败）"
    }
  },
  "pii_safe": true
}
{
  "schema": "lawtwin-health-v1",
  "scanned_at": "2026-09-29T10:45:55",
  "overall": "P0",
  "probes": {
    "lti_gate": {
      "alive": true,
      "level": "OK",
      "detail": "lti-gate 守护进程存活"
    },
    "crypto_perms": {
      "exists": true,
      "perms": "0o600",
      "expected": "0o600",
      "level": "OK",
      "detail": "L1 密钥脚本权限合规"
    },
    "desensitize": {
      "present": true,
      "level": "OK",
      "detail": "脱敏门禁脚本在位"
    },
    "m1_mode": {
      "mode": "local-only",
      "level": "OK",
      "detail": "M1 网络模式=local-only（whitelist 更严，allow_external 为默认）"
    },
    "d3_freshness": {
      "present": true,
      "latest": "lawtwin-backup-20260928.L1.tar.gz.enc",
      "age_hours": 26.0,
      "threshold_hours": 25,
      "level": "P0",
      "detail": "最新备份 lawtwin-backup-20260928.L1.tar.gz.enc 距今 26.0h（超阈值，备份可能失败）"
    }
  },
  "pii_safe": true
}
{
  "schema": "lawtwin-health-v1",
  "scanned_at": "2026-09-29T10:55:56",
  "overall": "P0",
  "probes": {
    "lti_gate": {
      "alive": true,
      "level": "OK",
      "detail": "lti-gate 守护进程存活"
    },
    "crypto_perms": {
      "exists": true,
      "perms": "0o600",
      "expected": "0o600",
      "level": "OK",
      "detail": "L1 密钥脚本权限合规"
    },
    "desensitize": {
      "present": true,
      "level": "OK",
      "detail": "脱敏门禁脚本在位"
    },
    "m1_mode": {
      "mode": "local-only",
      "level": "OK",
      "detail": "M1 网络模式=local-only（whitelist 更严，allow_external 为默认）"
    },
    "d3_freshness": {
      "present": true,
      "latest": "lawtwin-backup-20260928.L1.tar.gz.enc",
      "age_hours": 26.2,
      "threshold_hours": 25,
      "level": "P0",
      "detail": "最新备份 lawtwin-backup-20260928.L1.tar.gz.enc 距今 26.2h（超阈值，备份可能失败）"
    }
  },
  "pii_safe": true
}
{
  "schema": "lawtwin-health-v1",
  "scanned_at": "2026-09-29T11:06:40",
  "overall": "P0",
  "probes": {
    "lti_gate": {
      "alive": false,
      "level": "P0",
      "detail": "lti-gate 守护进程未探活（门禁可能未启动）"
    },
    "crypto_perms": {
      "exists": true,
      "perms": "0o600",
      "expected": "0o600",
      "level": "OK",
      "detail": "L1 密钥脚本权限合规"
    },
    "desensitize": {
      "present": true,
      "level": "OK",
      "detail": "脱敏门禁脚本在位"
    },
    "m1_mode": {
      "mode": "local-only",
      "level": "OK",
      "detail": "M1 网络模式=local-only（whitelist 更严，allow_external 为默认）"
    },
    "d3_freshness": {
      "present": true,
      "latest": "lawtwin-backup-20260928.L1.tar.gz.enc",
      "age_hours": 26.3,
      "threshold_hours": 25,
      "level": "P0",
      "detail": "最新备份 lawtwin-backup-20260928.L1.tar.gz.enc 距今 26.3h（超阈值，备份可能失败）"
    }
  },
  "pii_safe": true
}
{
  "schema": "lawtwin-health-v1",
  "scanned_at": "2026-09-29T11:16:56",
  "overall": "P0",
  "probes": {
    "lti_gate": {
      "alive": false,
      "level": "P0",
      "detail": "lti-gate 守护进程未探活（门禁可能未启动）"
    },
    "crypto_perms": {
      "exists": true,
      "perms": "0o600",
      "expected": "0o600",
      "level": "OK",
      "detail": "L1 密钥脚本权限合规"
    },
    "desensitize": {
      "present": true,
      "level": "OK",
      "detail": "脱敏门禁脚本在位"
    },
    "m1_mode": {
      "mode": "local-only",
      "level": "OK",
      "detail": "M1 网络模式=local-only（whitelist 更严，allow_external 为默认）"
    },
    "d3_freshness": {
      "present": true,
      "latest": "lawtwin-backup-20260928.L1.tar.gz.enc",
      "age_hours": 26.5,
      "threshold_hours": 25,
      "level": "P0",
      "detail": "最新备份 lawtwin-backup-20260928.L1.tar.gz.enc 距今 26.5h（超阈值，备份可能失败）"
    }
  },
  "pii_safe": true
}
{
  "schema": "lawtwin-health-v1",
  "scanned_at": "2026-09-29T11:26:56",
  "overall": "P0",
  "probes": {
    "lti_gate": {
      "alive": true,
      "level": "OK",
      "detail": "lti-gate 守护进程存活"
    },
    "crypto_perms": {
      "exists": true,
      "perms": "0o600",
      "expected": "0o600",
      "level": "OK",
      "detail": "L1 密钥脚本权限合规"
    },
    "desensitize": {
      "present": true,
      "level": "OK",
      "detail": "脱敏门禁脚本在位"
    },
    "m1_mode": {
      "mode": "local-only",
      "level": "OK",
      "detail": "M1 网络模式=local-only（whitelist 更严，allow_external 为默认）"
    },
    "d3_freshness": {
      "present": true,
      "latest": "lawtwin-backup-20260928.L1.tar.gz.enc",
      "age_hours": 26.7,
      "threshold_hours": 25,
      "level": "P0",
      "detail": "最新备份 lawtwin-backup-20260928.L1.tar.gz.enc 距今 26.7h（超阈值，备份可能失败）"
    }
  },
  "pii_safe": true
}
{
  "schema": "lawtwin-health-v1",
  "scanned_at": "2026-09-29T11:36:56",
  "overall": "P0",
  "probes": {
    "lti_gate": {
      "alive": true,
      "level": "OK",
      "detail": "lti-gate 守护进程存活"
    },
    "crypto_perms": {
      "exists": true,
      "perms": "0o600",
      "expected": "0o600",
      "level": "OK",
      "detail": "L1 密钥脚本权限合规"
    },
    "desensitize": {
      "present": true,
      "level": "OK",
      "detail": "脱敏门禁脚本在位"
    },
    "m1_mode": {
      "mode": "local-only",
      "level": "OK",
      "detail": "M1 网络模式=local-only（whitelist 更严，allow_external 为默认）"
    },
    "d3_freshness": {
      "present": true,
      "latest": "lawtwin-backup-20260928.L1.tar.gz.enc",
      "age_hours": 26.9,
      "threshold_hours": 25,
      "level": "P0",
      "detail": "最新备份 lawtwin-backup-20260928.L1.tar.gz.enc 距今 26.9h（超阈值，备份可能失败）"
    }
  },
  "pii_safe": true
}
{
  "schema": "lawtwin-health-v1",
  "scanned_at": "2026-09-29T11:46:56",
  "overall": "P0",
  "probes": {
    "lti_gate": {
      "alive": true,
      "level": "OK",
      "detail": "lti-gate 守护进程存活"
    },
    "crypto_perms": {
      "exists": true,
      "perms": "0o600",
      "expected": "0o600",
      "level": "OK",
      "detail": "L1 密钥脚本权限合规"
    },
    "desensitize": {
      "present": true,
      "level": "OK",
      "detail": "脱敏门禁脚本在位"
    },
    "m1_mode": {
      "mode": "local-only",
      "level": "OK",
      "detail": "M1 网络模式=local-only（whitelist 更严，allow_external 为默认）"
    },
    "d3_freshness": {
      "present": true,
      "latest": "lawtwin-backup-20260928.L1.tar.gz.enc",
      "age_hours": 27.0,
      "threshold_hours": 25,
      "level": "P0",
      "detail": "最新备份 lawtwin-backup-20260928.L1.tar.gz.enc 距今 27.0h（超阈值，备份可能失败）"
    }
  },
  "pii_safe": true
}
{
  "schema": "lawtwin-health-v1",
  "scanned_at": "2026-09-29T11:56:56",
  "overall": "P0",
  "probes": {
    "lti_gate": {
      "alive": true,
      "level": "OK",
      "detail": "lti-gate 守护进程存活"
    },
    "crypto_perms": {
      "exists": true,
      "perms": "0o600",
      "expected": "0o600",
      "level": "OK",
      "detail": "L1 密钥脚本权限合规"
    },
    "desensitize": {
      "present": true,
      "level": "OK",
      "detail": "脱敏门禁脚本在位"
    },
    "m1_mode": {
      "mode": "local-only",
      "level": "OK",
      "detail": "M1 网络模式=local-only（whitelist 更严，allow_external 为默认）"
    },
    "d3_freshness": {
      "present": true,
      "latest": "lawtwin-backup-20260928.L1.tar.gz.enc",
      "age_hours": 27.2,
      "threshold_hours": 25,
      "level": "P0",
      "detail": "最新备份 lawtwin-backup-20260928.L1.tar.gz.enc 距今 27.2h（超阈值，备份可能失败）"
    }
  },
  "pii_safe": true
}
{
  "schema": "lawtwin-health-v1",
  "scanned_at": "2026-09-29T12:06:57",
  "overall": "P0",
  "probes": {
    "lti_gate": {
      "alive": false,
      "level": "P0",
      "detail": "lti-gate 守护进程未探活（门禁可能未启动）"
    },
    "crypto_perms": {
      "exists": true,
      "perms": "0o600",
      "expected": "0o600",
      "level": "OK",
      "detail": "L1 密钥脚本权限合规"
    },
    "desensitize": {
      "present": true,
      "level": "OK",
      "detail": "脱敏门禁脚本在位"
    },
    "m1_mode": {
      "mode": "local-only",
      "level": "OK",
      "detail": "M1 网络模式=local-only（whitelist 更严，allow_external 为默认）"
    },
    "d3_freshness": {
      "present": true,
      "latest": "lawtwin-backup-20260928.L1.tar.gz.enc",
      "age_hours": 27.4,
      "threshold_hours": 25,
      "level": "P0",
      "detail": "最新备份 lawtwin-backup-20260928.L1.tar.gz.enc 距今 27.4h（超阈值，备份可能失败）"
    }
  },
  "pii_safe": true
}
{
  "schema": "lawtwin-health-v1",
  "scanned_at": "2026-09-29T12:16:57",
  "overall": "P0",
  "probes": {
    "lti_gate": {
      "alive": false,
      "level": "P0",
      "detail": "lti-gate 守护进程未探活（门禁可能未启动）"
    },
    "crypto_perms": {
      "exists": true,
      "perms": "0o600",
      "expected": "0o600",
      "level": "OK",
      "detail": "L1 密钥脚本权限合规"
    },
    "desensitize": {
      "present": true,
      "level": "OK",
      "detail": "脱敏门禁脚本在位"
    },
    "m1_mode": {
      "mode": "local-only",
      "level": "OK",
      "detail": "M1 网络模式=local-only（whitelist 更严，allow_external 为默认）"
    },
    "d3_freshness": {
      "present": true,
      "latest": "lawtwin-backup-20260928.L1.tar.gz.enc",
      "age_hours": 27.5,
      "threshold_hours": 25,
      "level": "P0",
      "detail": "最新备份 lawtwin-backup-20260928.L1.tar.gz.enc 距今 27.5h（超阈值，备份可能失败）"
    }
  },
  "pii_safe": true
}
{
  "schema": "lawtwin-health-v1",
  "scanned_at": "2026-09-29T12:26:57",
  "overall": "P0",
  "probes": {
    "lti_gate": {
      "alive": true,
      "level": "OK",
      "detail": "lti-gate 守护进程存活"
    },
    "crypto_perms": {
      "exists": true,
      "perms": "0o600",
      "expected": "0o600",
      "level": "OK",
      "detail": "L1 密钥脚本权限合规"
    },
    "desensitize": {
      "present": true,
      "level": "OK",
      "detail": "脱敏门禁脚本在位"
    },
    "m1_mode": {
      "mode": "local-only",
      "level": "OK",
      "detail": "M1 网络模式=local-only（whitelist 更严，allow_external 为默认）"
    },
    "d3_freshness": {
      "present": true,
      "latest": "lawtwin-backup-20260928.L1.tar.gz.enc",
      "age_hours": 27.7,
      "threshold_hours": 25,
      "level": "P0",
      "detail": "最新备份 lawtwin-backup-20260928.L1.tar.gz.enc 距今 27.7h（超阈值，备份可能失败）"
    }
  },
  "pii_safe": true
}
{
  "schema": "lawtwin-health-v1",
  "scanned_at": "2026-09-29T12:36:57",
  "overall": "P0",
  "probes": {
    "lti_gate": {
      "alive": true,
      "level": "OK",
      "detail": "lti-gate 守护进程存活"
    },
    "crypto_perms": {
      "exists": true,
      "perms": "0o600",
      "expected": "0o600",
      "level": "OK",
      "detail": "L1 密钥脚本权限合规"
    },
    "desensitize": {
      "present": true,
      "level": "OK",
      "detail": "脱敏门禁脚本在位"
    },
    "m1_mode": {
      "mode": "local-only",
      "level": "OK",
      "detail": "M1 网络模式=local-only（whitelist 更严，allow_external 为默认）"
    },
    "d3_freshness": {
      "present": true,
      "latest": "lawtwin-backup-20260928.L1.tar.gz.enc",
      "age_hours": 27.9,
      "threshold_hours": 25,
      "level": "P0",
      "detail": "最新备份 lawtwin-backup-20260928.L1.tar.gz.enc 距今 27.9h（超阈值，备份可能失败）"
    }
  },
  "pii_safe": true
}
{
  "schema": "lawtwin-health-v1",
  "scanned_at": "2026-09-29T17:20:34",
  "overall": "P0",
  "probes": {
    "lti_gate": {
      "alive": true,
      "level": "OK",
      "detail": "lti-gate 守护进程存活"
    },
    "crypto_perms": {
      "exists": true,
      "perms": "0o600",
      "expected": "0o600",
      "level": "OK",
      "detail": "L1 密钥脚本权限合规"
    },
    "desensitize": {
      "present": true,
      "level": "OK",
      "detail": "脱敏门禁脚本在位"
    },
    "m1_mode": {
      "mode": "local-only",
      "level": "OK",
      "detail": "M1 网络模式=local-only（whitelist 更严，allow_external 为默认）"
    },
    "d3_freshness": {
      "present": true,
      "latest": "lawtwin-backup-20260928.L1.tar.gz.enc",
      "age_hours": 32.6,
      "threshold_hours": 25,
      "level": "P0",
      "detail": "最新备份 lawtwin-backup-20260928.L1.tar.gz.enc 距今 32.6h（超阈值，备份可能失败）"
    }
  },
  "pii_safe": true
}
{
  "schema": "lawtwin-health-v1",
  "scanned_at": "2026-09-29T17:30:34",
  "overall": "P0",
  "probes": {
    "lti_gate": {
      "alive": true,
      "level": "OK",
      "detail": "lti-gate 守护进程存活"
    },
    "crypto_perms": {
      "exists": true,
      "perms": "0o600",
      "expected": "0o600",
      "level": "OK",
      "detail": "L1 密钥脚本权限合规"
    },
    "desensitize": {
      "present": true,
      "level": "OK",
      "detail": "脱敏门禁脚本在位"
    },
    "m1_mode": {
      "mode": "local-only",
      "level": "OK",
      "detail": "M1 网络模式=local-only（whitelist 更严，allow_external 为默认）"
    },
    "d3_freshness": {
      "present": true,
      "latest": "lawtwin-backup-20260928.L1.tar.gz.enc",
      "age_hours": 32.7,
      "threshold_hours": 25,
      "level": "P0",
      "detail": "最新备份 lawtwin-backup-20260928.L1.tar.gz.enc 距今 32.7h（超阈值，备份可能失败）"
    }
  },
  "pii_safe": true
}
{
  "schema": "lawtwin-health-v1",
  "scanned_at": "2026-09-29T17:40:34",
  "overall": "P0",
  "probes": {
    "lti_gate": {
      "alive": true,
      "level": "OK",
      "detail": "lti-gate 守护进程存活"
    },
    "crypto_perms": {
      "exists": true,
      "perms": "0o600",
      "expected": "0o600",
      "level": "OK",
      "detail": "L1 密钥脚本权限合规"
    },
    "desensitize": {
      "present": true,
      "level": "OK",
      "detail": "脱敏门禁脚本在位"
    },
    "m1_mode": {
      "mode": "local-only",
      "level": "OK",
      "detail": "M1 网络模式=local-only（whitelist 更严，allow_external 为默认）"
    },
    "d3_freshness": {
      "present": true,
      "latest": "lawtwin-backup-20260928.L1.tar.gz.enc",
      "age_hours": 32.9,
      "threshold_hours": 25,
      "level": "P0",
      "detail": "最新备份 lawtwin-backup-20260928.L1.tar.gz.enc 距今 32.9h（超阈值，备份可能失败）"
    }
  },
  "pii_safe": true
}
{
  "schema": "lawtwin-health-v1",
  "scanned_at": "2026-09-29T18:30:51",
  "overall": "P0",
  "probes": {
    "lti_gate": {
      "alive": false,
      "level": "P0",
      "detail": "lti-gate 守护进程未探活（门禁可能未启动）"
    },
    "crypto_perms": {
      "exists": true,
      "perms": "0o600",
      "expected": "0o600",
      "level": "OK",
      "detail": "L1 密钥脚本权限合规"
    },
    "desensitize": {
      "present": true,
      "level": "OK",
      "detail": "脱敏门禁脚本在位"
    },
    "m1_mode": {
      "mode": "local-only",
      "level": "OK",
      "detail": "M1 网络模式=local-only（whitelist 更严，allow_external 为默认）"
    },
    "d3_freshness": {
      "present": true,
      "latest": "lawtwin-backup-20260928.L1.tar.gz.enc",
      "age_hours": 33.7,
      "threshold_hours": 25,
      "level": "P0",
      "detail": "最新备份 lawtwin-backup-20260928.L1.tar.gz.enc 距今 33.7h（超阈值，备份可能失败）"
    }
  },
  "pii_safe": true
}
{
  "schema": "lawtwin-health-v1",
  "scanned_at": "2026-09-29T18:48:53",
  "overall": "P0",
  "probes": {
    "lti_gate": {
      "alive": false,
      "level": "P0",
      "detail": "lti-gate 守护进程未探活（门禁可能未启动）"
    },
    "crypto_perms": {
      "exists": true,
      "perms": "0o600",
      "expected": "0o600",
      "level": "OK",
      "detail": "L1 密钥脚本权限合规"
    },
    "desensitize": {
      "present": true,
      "level": "OK",
      "detail": "脱敏门禁脚本在位"
    },
    "m1_mode": {
      "mode": "local-only",
      "level": "OK",
      "detail": "M1 网络模式=local-only（whitelist 更严，allow_external 为默认）"
    },
    "d3_freshness": {
      "present": true,
      "latest": "lawtwin-backup-20260928.L1.tar.gz.enc",
      "age_hours": 34.1,
      "threshold_hours": 25,
      "level": "P0",
      "detail": "最新备份 lawtwin-backup-20260928.L1.tar.gz.enc 距今 34.1h（超阈值，备份可能失败）"
    }
  },
  "pii_safe": true
}
{
  "schema": "lawtwin-health-v1",
  "scanned_at": "2026-09-29T22:33:11",
  "overall": "P0",
  "probes": {
    "lti_gate": {
      "alive": false,
      "level": "P0",
      "detail": "lti-gate 守护进程未探活（门禁可能未启动）"
    },
    "crypto_perms": {
      "exists": true,
      "perms": "0o600",
      "expected": "0o600",
      "level": "OK",
      "detail": "L1 密钥脚本权限合规"
    },
    "desensitize": {
      "present": true,
      "level": "OK",
      "detail": "脱敏门禁脚本在位"
    },
    "m1_mode": {
      "mode": "local-only",
      "level": "OK",
      "detail": "M1 网络模式=local-only（whitelist 更严，allow_external 为默认）"
    },
    "d3_freshness": {
      "present": true,
      "latest": "lawtwin-backup-20260928.L1.tar.gz.enc",
      "age_hours": 37.8,
      "threshold_hours": 25,
      "level": "P0",
      "detail": "最新备份 lawtwin-backup-20260928.L1.tar.gz.enc 距今 37.8h（超阈值，备份可能失败）"
    }
  },
  "pii_safe": true
}
{
  "schema": "lawtwin-health-v1",
  "scanned_at": "2026-09-29T22:43:11",
  "overall": "P0",
  "probes": {
    "lti_gate": {
      "alive": false,
      "level": "P0",
      "detail": "lti-gate 守护进程未探活（门禁可能未启动）"
    },
    "crypto_perms": {
      "exists": true,
      "perms": "0o600",
      "expected": "0o600",
      "level": "OK",
      "detail": "L1 密钥脚本权限合规"
    },
    "desensitize": {
      "present": true,
      "level": "OK",
      "detail": "脱敏门禁脚本在位"
    },
    "m1_mode": {
      "mode": "local-only",
      "level": "OK",
      "detail": "M1 网络模式=local-only（whitelist 更严，allow_external 为默认）"
    },
    "d3_freshness": {
      "present": true,
      "latest": "lawtwin-backup-20260928.L1.tar.gz.enc",
      "age_hours": 38.0,
      "threshold_hours": 25,
      "level": "P0",
      "detail": "最新备份 lawtwin-backup-20260928.L1.tar.gz.enc 距今 38.0h（超阈值，备份可能失败）"
    }
  },
  "pii_safe": true
}
{
  "schema": "lawtwin-health-v1",
  "scanned_at": "2026-09-30T00:28:25",
  "overall": "P0",
  "probes": {
    "lti_gate": {
      "alive": true,
      "level": "OK",
      "detail": "lti-gate 守护进程存活"
    },
    "crypto_perms": {
      "exists": true,
      "perms": "0o600",
      "expected": "0o600",
      "level": "OK",
      "detail": "L1 密钥脚本权限合规"
    },
    "desensitize": {
      "present": true,
      "level": "OK",
      "detail": "脱敏门禁脚本在位"
    },
    "m1_mode": {
      "mode": "local-only",
      "level": "OK",
      "detail": "M1 网络模式=local-only（whitelist 更严，allow_external 为默认）"
    },
    "d3_freshness": {
      "present": true,
      "latest": "lawtwin-backup-20260928.L1.tar.gz.enc",
      "age_hours": 39.7,
      "threshold_hours": 25,
      "level": "P0",
      "detail": "最新备份 lawtwin-backup-20260928.L1.tar.gz.enc 距今 39.7h（超阈值，备份可能失败）"
    }
  },
  "pii_safe": true
}
{
  "schema": "lawtwin-health-v1",
  "scanned_at": "2026-09-30T03:20:22",
  "overall": "P0",
  "probes": {
    "lti_gate": {
      "alive": true,
      "level": "OK",
      "detail": "lti-gate 守护进程存活"
    },
    "crypto_perms": {
      "exists": true,
      "perms": "0o600",
      "expected": "0o600",
      "level": "OK",
      "detail": "L1 密钥脚本权限合规"
    },
    "desensitize": {
      "present": true,
      "level": "OK",
      "detail": "脱敏门禁脚本在位"
    },
    "m1_mode": {
      "mode": "local-only",
      "level": "OK",
      "detail": "M1 网络模式=local-only（whitelist 更严，allow_external 为默认）"
    },
    "d3_freshness": {
      "present": true,
      "latest": "lawtwin-backup-20260928.L1.tar.gz.enc",
      "age_hours": 42.6,
      "threshold_hours": 25,
      "level": "P0",
      "detail": "最新备份 lawtwin-backup-20260928.L1.tar.gz.enc 距今 42.6h（超阈值，备份可能失败）"
    }
  },
  "pii_safe": true
}
{
  "schema": "lawtwin-health-v1",
  "scanned_at": "2026-09-30T06:10:09",
  "overall": "P0",
  "probes": {
    "lti_gate": {
      "alive": true,
      "level": "OK",
      "detail": "lti-gate 守护进程存活"
    },
    "crypto_perms": {
      "exists": true,
      "perms": "0o600",
      "expected": "0o600",
      "level": "OK",
      "detail": "L1 密钥脚本权限合规"
    },
    "desensitize": {
      "present": true,
      "level": "OK",
      "detail": "脱敏门禁脚本在位"
    },
    "m1_mode": {
      "mode": "local-only",
      "level": "OK",
      "detail": "M1 网络模式=local-only（whitelist 更严，allow_external 为默认）"
    },
    "d3_freshness": {
      "present": true,
      "latest": "lawtwin-backup-20260928.L1.tar.gz.enc",
      "age_hours": 45.4,
      "threshold_hours": 25,
      "level": "P0",
      "detail": "最新备份 lawtwin-backup-20260928.L1.tar.gz.enc 距今 45.4h（超阈值，备份可能失败）"
    }
  },
  "pii_safe": true
}
{
  "schema": "lawtwin-health-v1",
  "scanned_at": "2026-09-30T07:36:40",
  "overall": "P0",
  "probes": {
    "lti_gate": {
      "alive": true,
      "level": "OK",
      "detail": "lti-gate 守护进程存活"
    },
    "crypto_perms": {
      "exists": true,
      "perms": "0o600",
      "expected": "0o600",
      "level": "OK",
      "detail": "L1 密钥脚本权限合规"
    },
    "desensitize": {
      "present": true,
      "level": "OK",
      "detail": "脱敏门禁脚本在位"
    },
    "m1_mode": {
      "mode": "local-only",
      "level": "OK",
      "detail": "M1 网络模式=local-only（whitelist 更严，allow_external 为默认）"
    },
    "d3_freshness": {
      "present": true,
      "latest": "lawtwin-backup-20260928.L1.tar.gz.enc",
      "age_hours": 46.8,
      "threshold_hours": 25,
      "level": "P0",
      "detail": "最新备份 lawtwin-backup-20260928.L1.tar.gz.enc 距今 46.8h（超阈值，备份可能失败）"
    }
  },
  "pii_safe": true
}
{
  "schema": "lawtwin-health-v1",
  "scanned_at": "2026-09-30T07:46:40",
  "overall": "P0",
  "probes": {
    "lti_gate": {
      "alive": false,
      "level": "P0",
      "detail": "lti-gate 守护进程未探活（门禁可能未启动）"
    },
    "crypto_perms": {
      "exists": true,
      "perms": "0o600",
      "expected": "0o600",
      "level": "OK",
      "detail": "L1 密钥脚本权限合规"
    },
    "desensitize": {
      "present": true,
      "level": "OK",
      "detail": "脱敏门禁脚本在位"
    },
    "m1_mode": {
      "mode": "local-only",
      "level": "OK",
      "detail": "M1 网络模式=local-only（whitelist 更严，allow_external 为默认）"
    },
    "d3_freshness": {
      "present": true,
      "latest": "lawtwin-backup-20260928.L1.tar.gz.enc",
      "age_hours": 47.0,
      "threshold_hours": 25,
      "level": "P0",
      "detail": "最新备份 lawtwin-backup-20260928.L1.tar.gz.enc 距今 47.0h（超阈值，备份可能失败）"
    }
  },
  "pii_safe": true
}
{
  "schema": "lawtwin-health-v1",
  "scanned_at": "2026-09-30T07:56:41",
  "overall": "P0",
  "probes": {
    "lti_gate": {
      "alive": false,
      "level": "P0",
      "detail": "lti-gate 守护进程未探活（门禁可能未启动）"
    },
    "crypto_perms": {
      "exists": true,
      "perms": "0o600",
      "expected": "0o600",
      "level": "OK",
      "detail": "L1 密钥脚本权限合规"
    },
    "desensitize": {
      "present": true,
      "level": "OK",
      "detail": "脱敏门禁脚本在位"
    },
    "m1_mode": {
      "mode": "local-only",
      "level": "OK",
      "detail": "M1 网络模式=local-only（whitelist 更严，allow_external 为默认）"
    },
    "d3_freshness": {
      "present": true,
      "latest": "lawtwin-backup-20260928.L1.tar.gz.enc",
      "age_hours": 47.2,
      "threshold_hours": 25,
      "level": "P0",
      "detail": "最新备份 lawtwin-backup-20260928.L1.tar.gz.enc 距今 47.2h（超阈值，备份可能失败）"
    }
  },
  "pii_safe": true
}
{
  "schema": "lawtwin-health-v1",
  "scanned_at": "2026-09-30T08:21:39",
  "overall": "P0",
  "probes": {
    "lti_gate": {
      "alive": false,
      "level": "P0",
      "detail": "lti-gate 守护进程未探活（门禁可能未启动）"
    },
    "crypto_perms": {
      "exists": true,
      "perms": "0o600",
      "expected": "0o600",
      "level": "OK",
      "detail": "L1 密钥脚本权限合规"
    },
    "desensitize": {
      "present": true,
      "level": "OK",
      "detail": "脱敏门禁脚本在位"
    },
    "m1_mode": {
      "mode": "local-only",
      "level": "OK",
      "detail": "M1 网络模式=local-only（whitelist 更严，allow_external 为默认）"
    },
    "d3_freshness": {
      "present": true,
      "latest": "lawtwin-backup-20260928.L1.tar.gz.enc",
      "age_hours": 47.6,
      "threshold_hours": 25,
      "level": "P0",
      "detail": "最新备份 lawtwin-backup-20260928.L1.tar.gz.enc 距今 47.6h（超阈值，备份可能失败）"
    }
  },
  "pii_safe": true
}
{
  "schema": "lawtwin-health-v1",
  "scanned_at": "2026-09-30T08:31:40",
  "overall": "P0",
  "probes": {
    "lti_gate": {
      "alive": false,
      "level": "P0",
      "detail": "lti-gate 守护进程未探活（门禁可能未启动）"
    },
    "crypto_perms": {
      "exists": true,
      "perms": "0o600",
      "expected": "0o600",
      "level": "OK",
      "detail": "L1 密钥脚本权限合规"
    },
    "desensitize": {
      "present": true,
      "level": "OK",
      "detail": "脱敏门禁脚本在位"
    },
    "m1_mode": {
      "mode": "local-only",
      "level": "OK",
      "detail": "M1 网络模式=local-only（whitelist 更严，allow_external 为默认）"
    },
    "d3_freshness": {
      "present": true,
      "latest": "lawtwin-backup-20260928.L1.tar.gz.enc",
      "age_hours": 47.8,
      "threshold_hours": 25,
      "level": "P0",
      "detail": "最新备份 lawtwin-backup-20260928.L1.tar.gz.enc 距今 47.8h（超阈值，备份可能失败）"
    }
  },
  "pii_safe": true
}
{
  "schema": "lawtwin-health-v1",
  "scanned_at": "2026-09-30T08:41:40",
  "overall": "P0",
  "probes": {
    "lti_gate": {
      "alive": false,
      "level": "P0",
      "detail": "lti-gate 守护进程未探活（门禁可能未启动）"
    },
    "crypto_perms": {
      "exists": true,
      "perms": "0o600",
      "expected": "0o600",
      "level": "OK",
      "detail": "L1 密钥脚本权限合规"
    },
    "desensitize": {
      "present": true,
      "level": "OK",
      "detail": "脱敏门禁脚本在位"
    },
    "m1_mode": {
      "mode": "local-only",
      "level": "OK",
      "detail": "M1 网络模式=local-only（whitelist 更严，allow_external 为默认）"
    },
    "d3_freshness": {
      "present": true,
      "latest": "lawtwin-backup-20260928.L1.tar.gz.enc",
      "age_hours": 47.9,
      "threshold_hours": 25,
      "level": "P0",
      "detail": "最新备份 lawtwin-backup-20260928.L1.tar.gz.enc 距今 47.9h（超阈值，备份可能失败）"
    }
  },
  "pii_safe": true
}
{
  "schema": "lawtwin-health-v1",
  "scanned_at": "2026-09-30T09:06:39",
  "overall": "P0",
  "probes": {
    "lti_gate": {
      "alive": false,
      "level": "P0",
      "detail": "lti-gate 守护进程未探活（门禁可能未启动）"
    },
    "crypto_perms": {
      "exists": true,
      "perms": "0o600",
      "expected": "0o600",
      "level": "OK",
      "detail": "L1 密钥脚本权限合规"
    },
    "desensitize": {
      "present": true,
      "level": "OK",
      "detail": "脱敏门禁脚本在位"
    },
    "m1_mode": {
      "mode": "local-only",
      "level": "OK",
      "detail": "M1 网络模式=local-only（whitelist 更严，allow_external 为默认）"
    },
    "d3_freshness": {
      "present": true,
      "latest": "lawtwin-backup-20260928.L1.tar.gz.enc",
      "age_hours": 48.3,
      "threshold_hours": 25,
      "level": "P0",
      "detail": "最新备份 lawtwin-backup-20260928.L1.tar.gz.enc 距今 48.3h（超阈值，备份可能失败）"
    }
  },
  "pii_safe": true
}
{
  "schema": "lawtwin-health-v1",
  "scanned_at": "2026-09-30T09:16:39",
  "overall": "P0",
  "probes": {
    "lti_gate": {
      "alive": false,
      "level": "P0",
      "detail": "lti-gate 守护进程未探活（门禁可能未启动）"
    },
    "crypto_perms": {
      "exists": true,
      "perms": "0o600",
      "expected": "0o600",
      "level": "OK",
      "detail": "L1 密钥脚本权限合规"
    },
    "desensitize": {
      "present": true,
      "level": "OK",
      "detail": "脱敏门禁脚本在位"
    },
    "m1_mode": {
      "mode": "local-only",
      "level": "OK",
      "detail": "M1 网络模式=local-only（whitelist 更严，allow_external 为默认）"
    },
    "d3_freshness": {
      "present": true,
      "latest": "lawtwin-backup-20260928.L1.tar.gz.enc",
      "age_hours": 48.5,
      "threshold_hours": 25,
      "level": "P0",
      "detail": "最新备份 lawtwin-backup-20260928.L1.tar.gz.enc 距今 48.5h（超阈值，备份可能失败）"
    }
  },
  "pii_safe": true
}
{
  "schema": "lawtwin-health-v1",
  "scanned_at": "2026-09-30T09:57:34",
  "overall": "P0",
  "probes": {
    "lti_gate": {
      "alive": false,
      "level": "P0",
      "detail": "lti-gate 守护进程未探活（门禁可能未启动）"
    },
    "crypto_perms": {
      "exists": true,
      "perms": "0o600",
      "expected": "0o600",
      "level": "OK",
      "detail": "L1 密钥脚本权限合规"
    },
    "desensitize": {
      "present": true,
      "level": "OK",
      "detail": "脱敏门禁脚本在位"
    },
    "m1_mode": {
      "mode": "local-only",
      "level": "OK",
      "detail": "M1 网络模式=local-only（whitelist 更严，allow_external 为默认）"
    },
    "d3_freshness": {
      "present": true,
      "latest": "lawtwin-backup-20260928.L1.tar.gz.enc",
      "age_hours": 49.2,
      "threshold_hours": 25,
      "level": "P0",
      "detail": "最新备份 lawtwin-backup-20260928.L1.tar.gz.enc 距今 49.2h（超阈值，备份可能失败）"
    }
  },
  "pii_safe": true
}
{
  "schema": "lawtwin-health-v1",
  "scanned_at": "2026-09-30T10:07:34",
  "overall": "P0",
  "probes": {
    "lti_gate": {
      "alive": false,
      "level": "P0",
      "detail": "lti-gate 守护进程未探活（门禁可能未启动）"
    },
    "crypto_perms": {
      "exists": true,
      "perms": "0o600",
      "expected": "0o600",
      "level": "OK",
      "detail": "L1 密钥脚本权限合规"
    },
    "desensitize": {
      "present": true,
      "level": "OK",
      "detail": "脱敏门禁脚本在位"
    },
    "m1_mode": {
      "mode": "local-only",
      "level": "OK",
      "detail": "M1 网络模式=local-only（whitelist 更严，allow_external 为默认）"
    },
    "d3_freshness": {
      "present": true,
      "latest": "lawtwin-backup-20260928.L1.tar.gz.enc",
      "age_hours": 49.4,
      "threshold_hours": 25,
      "level": "P0",
      "detail": "最新备份 lawtwin-backup-20260928.L1.tar.gz.enc 距今 49.4h（超阈值，备份可能失败）"
    }
  },
  "pii_safe": true
}
{
  "schema": "lawtwin-health-v1",
  "scanned_at": "2026-09-30T10:17:34",
  "overall": "P0",
  "probes": {
    "lti_gate": {
      "alive": false,
      "level": "P0",
      "detail": "lti-gate 守护进程未探活（门禁可能未启动）"
    },
    "crypto_perms": {
      "exists": true,
      "perms": "0o600",
      "expected": "0o600",
      "level": "OK",
      "detail": "L1 密钥脚本权限合规"
    },
    "desensitize": {
      "present": true,
      "level": "OK",
      "detail": "脱敏门禁脚本在位"
    },
    "m1_mode": {
      "mode": "local-only",
      "level": "OK",
      "detail": "M1 网络模式=local-only（whitelist 更严，allow_external 为默认）"
    },
    "d3_freshness": {
      "present": true,
      "latest": "lawtwin-backup-20260928.L1.tar.gz.enc",
      "age_hours": 49.5,
      "threshold_hours": 25,
      "level": "P0",
      "detail": "最新备份 lawtwin-backup-20260928.L1.tar.gz.enc 距今 49.5h（超阈值，备份可能失败）"
    }
  },
  "pii_safe": true
}
{
  "schema": "lawtwin-health-v1",
  "scanned_at": "2026-09-30T10:27:34",
  "overall": "P0",
  "probes": {
    "lti_gate": {
      "alive": false,
      "level": "P0",
      "detail": "lti-gate 守护进程未探活（门禁可能未启动）"
    },
    "crypto_perms": {
      "exists": true,
      "perms": "0o600",
      "expected": "0o600",
      "level": "OK",
      "detail": "L1 密钥脚本权限合规"
    },
    "desensitize": {
      "present": true,
      "level": "OK",
      "detail": "脱敏门禁脚本在位"
    },
    "m1_mode": {
      "mode": "local-only",
      "level": "OK",
      "detail": "M1 网络模式=local-only（whitelist 更严，allow_external 为默认）"
    },
    "d3_freshness": {
      "present": true,
      "latest": "lawtwin-backup-20260928.L1.tar.gz.enc",
      "age_hours": 49.7,
      "threshold_hours": 25,
      "level": "P0",
      "detail": "最新备份 lawtwin-backup-20260928.L1.tar.gz.enc 距今 49.7h（超阈值，备份可能失败）"
    }
  },
  "pii_safe": true
}
{
  "schema": "lawtwin-health-v1",
  "scanned_at": "2026-09-30T10:37:34",
  "overall": "P0",
  "probes": {
    "lti_gate": {
      "alive": false,
      "level": "P0",
      "detail": "lti-gate 守护进程未探活（门禁可能未启动）"
    },
    "crypto_perms": {
      "exists": true,
      "perms": "0o600",
      "expected": "0o600",
      "level": "OK",
      "detail": "L1 密钥脚本权限合规"
    },
    "desensitize": {
      "present": true,
      "level": "OK",
      "detail": "脱敏门禁脚本在位"
    },
    "m1_mode": {
      "mode": "local-only",
      "level": "OK",
      "detail": "M1 网络模式=local-only（whitelist 更严，allow_external 为默认）"
    },
    "d3_freshness": {
      "present": true,
      "latest": "lawtwin-backup-20260928.L1.tar.gz.enc",
      "age_hours": 49.9,
      "threshold_hours": 25,
      "level": "P0",
      "detail": "最新备份 lawtwin-backup-20260928.L1.tar.gz.enc 距今 49.9h（超阈值，备份可能失败）"
    }
  },
  "pii_safe": true
}
{
  "schema": "lawtwin-health-v1",
  "scanned_at": "2026-09-30T10:47:35",
  "overall": "P0",
  "probes": {
    "lti_gate": {
      "alive": false,
      "level": "P0",
      "detail": "lti-gate 守护进程未探活（门禁可能未启动）"
    },
    "crypto_perms": {
      "exists": true,
      "perms": "0o600",
      "expected": "0o600",
      "level": "OK",
      "detail": "L1 密钥脚本权限合规"
    },
    "desensitize": {
      "present": true,
      "level": "OK",
      "detail": "脱敏门禁脚本在位"
    },
    "m1_mode": {
      "mode": "local-only",
      "level": "OK",
      "detail": "M1 网络模式=local-only（whitelist 更严，allow_external 为默认）"
    },
    "d3_freshness": {
      "present": true,
      "latest": "lawtwin-backup-20260928.L1.tar.gz.enc",
      "age_hours": 50.0,
      "threshold_hours": 25,
      "level": "P0",
      "detail": "最新备份 lawtwin-backup-20260928.L1.tar.gz.enc 距今 50.0h（超阈值，备份可能失败）"
    }
  },
  "pii_safe": true
}
{
  "schema": "lawtwin-health-v1",
  "scanned_at": "2026-09-30T10:57:35",
  "overall": "P0",
  "probes": {
    "lti_gate": {
      "alive": false,
      "level": "P0",
      "detail": "lti-gate 守护进程未探活（门禁可能未启动）"
    },
    "crypto_perms": {
      "exists": true,
      "perms": "0o600",
      "expected": "0o600",
      "level": "OK",
      "detail": "L1 密钥脚本权限合规"
    },
    "desensitize": {
      "present": true,
      "level": "OK",
      "detail": "脱敏门禁脚本在位"
    },
    "m1_mode": {
      "mode": "local-only",
      "level": "OK",
      "detail": "M1 网络模式=local-only（whitelist 更严，allow_external 为默认）"
    },
    "d3_freshness": {
      "present": true,
      "latest": "lawtwin-backup-20260928.L1.tar.gz.enc",
      "age_hours": 50.2,
      "threshold_hours": 25,
      "level": "P0",
      "detail": "最新备份 lawtwin-backup-20260928.L1.tar.gz.enc 距今 50.2h（超阈值，备份可能失败）"
    }
  },
  "pii_safe": true
}
{
  "schema": "lawtwin-health-v1",
  "scanned_at": "2026-09-30T11:07:35",
  "overall": "P0",
  "probes": {
    "lti_gate": {
      "alive": false,
      "level": "P0",
      "detail": "lti-gate 守护进程未探活（门禁可能未启动）"
    },
    "crypto_perms": {
      "exists": true,
      "perms": "0o600",
      "expected": "0o600",
      "level": "OK",
      "detail": "L1 密钥脚本权限合规"
    },
    "desensitize": {
      "present": true,
      "level": "OK",
      "detail": "脱敏门禁脚本在位"
    },
    "m1_mode": {
      "mode": "local-only",
      "level": "OK",
      "detail": "M1 网络模式=local-only（whitelist 更严，allow_external 为默认）"
    },
    "d3_freshness": {
      "present": true,
      "latest": "lawtwin-backup-20260928.L1.tar.gz.enc",
      "age_hours": 50.4,
      "threshold_hours": 25,
      "level": "P0",
      "detail": "最新备份 lawtwin-backup-20260928.L1.tar.gz.enc 距今 50.4h（超阈值，备份可能失败）"
    }
  },
  "pii_safe": true
}
{
  "schema": "lawtwin-health-v1",
  "scanned_at": "2026-09-30T11:17:35",
  "overall": "P0",
  "probes": {
    "lti_gate": {
      "alive": false,
      "level": "P0",
      "detail": "lti-gate 守护进程未探活（门禁可能未启动）"
    },
    "crypto_perms": {
      "exists": true,
      "perms": "0o600",
      "expected": "0o600",
      "level": "OK",
      "detail": "L1 密钥脚本权限合规"
    },
    "desensitize": {
      "present": true,
      "level": "OK",
      "detail": "脱敏门禁脚本在位"
    },
    "m1_mode": {
      "mode": "local-only",
      "level": "OK",
      "detail": "M1 网络模式=local-only（whitelist 更严，allow_external 为默认）"
    },
    "d3_freshness": {
      "present": true,
      "latest": "lawtwin-backup-20260928.L1.tar.gz.enc",
      "age_hours": 50.5,
      "threshold_hours": 25,
      "level": "P0",
      "detail": "最新备份 lawtwin-backup-20260928.L1.tar.gz.enc 距今 50.5h（超阈值，备份可能失败）"
    }
  },
  "pii_safe": true
}
{
  "schema": "lawtwin-health-v1",
  "scanned_at": "2026-09-30T11:27:35",
  "overall": "P0",
  "probes": {
    "lti_gate": {
      "alive": false,
      "level": "P0",
      "detail": "lti-gate 守护进程未探活（门禁可能未启动）"
    },
    "crypto_perms": {
      "exists": true,
      "perms": "0o600",
      "expected": "0o600",
      "level": "OK",
      "detail": "L1 密钥脚本权限合规"
    },
    "desensitize": {
      "present": true,
      "level": "OK",
      "detail": "脱敏门禁脚本在位"
    },
    "m1_mode": {
      "mode": "local-only",
      "level": "OK",
      "detail": "M1 网络模式=local-only（whitelist 更严，allow_external 为默认）"
    },
    "d3_freshness": {
      "present": true,
      "latest": "lawtwin-backup-20260928.L1.tar.gz.enc",
      "age_hours": 50.7,
      "threshold_hours": 25,
      "level": "P0",
      "detail": "最新备份 lawtwin-backup-20260928.L1.tar.gz.enc 距今 50.7h（超阈值，备份可能失败）"
    }
  },
  "pii_safe": true
}
{
  "schema": "lawtwin-health-v1",
  "scanned_at": "2026-09-30T11:37:35",
  "overall": "P0",
  "probes": {
    "lti_gate": {
      "alive": false,
      "level": "P0",
      "detail": "lti-gate 守护进程未探活（门禁可能未启动）"
    },
    "crypto_perms": {
      "exists": true,
      "perms": "0o600",
      "expected": "0o600",
      "level": "OK",
      "detail": "L1 密钥脚本权限合规"
    },
    "desensitize": {
      "present": true,
      "level": "OK",
      "detail": "脱敏门禁脚本在位"
    },
    "m1_mode": {
      "mode": "local-only",
      "level": "OK",
      "detail": "M1 网络模式=local-only（whitelist 更严，allow_external 为默认）"
    },
    "d3_freshness": {
      "present": true,
      "latest": "lawtwin-backup-20260928.L1.tar.gz.enc",
      "age_hours": 50.9,
      "threshold_hours": 25,
      "level": "P0",
      "detail": "最新备份 lawtwin-backup-20260928.L1.tar.gz.enc 距今 50.9h（超阈值，备份可能失败）"
    }
  },
  "pii_safe": true
}
{
  "schema": "lawtwin-health-v1",
  "scanned_at": "2026-09-30T11:47:35",
  "overall": "P0",
  "probes": {
    "lti_gate": {
      "alive": false,
      "level": "P0",
      "detail": "lti-gate 守护进程未探活（门禁可能未启动）"
    },
    "crypto_perms": {
      "exists": true,
      "perms": "0o600",
      "expected": "0o600",
      "level": "OK",
      "detail": "L1 密钥脚本权限合规"
    },
    "desensitize": {
      "present": true,
      "level": "OK",
      "detail": "脱敏门禁脚本在位"
    },
    "m1_mode": {
      "mode": "local-only",
      "level": "OK",
      "detail": "M1 网络模式=local-only（whitelist 更严，allow_external 为默认）"
    },
    "d3_freshness": {
      "present": true,
      "latest": "lawtwin-backup-20260928.L1.tar.gz.enc",
      "age_hours": 51.0,
      "threshold_hours": 25,
      "level": "P0",
      "detail": "最新备份 lawtwin-backup-20260928.L1.tar.gz.enc 距今 51.0h（超阈值，备份可能失败）"
    }
  },
  "pii_safe": true
}
{
  "schema": "lawtwin-health-v1",
  "scanned_at": "2026-09-30T11:57:36",
  "overall": "P0",
  "probes": {
    "lti_gate": {
      "alive": false,
      "level": "P0",
      "detail": "lti-gate 守护进程未探活（门禁可能未启动）"
    },
    "crypto_perms": {
      "exists": true,
      "perms": "0o600",
      "expected": "0o600",
      "level": "OK",
      "detail": "L1 密钥脚本权限合规"
    },
    "desensitize": {
      "present": true,
      "level": "OK",
      "detail": "脱敏门禁脚本在位"
    },
    "m1_mode": {
      "mode": "local-only",
      "level": "OK",
      "detail": "M1 网络模式=local-only（whitelist 更严，allow_external 为默认）"
    },
    "d3_freshness": {
      "present": true,
      "latest": "lawtwin-backup-20260928.L1.tar.gz.enc",
      "age_hours": 51.2,
      "threshold_hours": 25,
      "level": "P0",
      "detail": "最新备份 lawtwin-backup-20260928.L1.tar.gz.enc 距今 51.2h（超阈值，备份可能失败）"
    }
  },
  "pii_safe": true
}
{
  "schema": "lawtwin-health-v1",
  "scanned_at": "2026-09-30T12:07:36",
  "overall": "P0",
  "probes": {
    "lti_gate": {
      "alive": false,
      "level": "P0",
      "detail": "lti-gate 守护进程未探活（门禁可能未启动）"
    },
    "crypto_perms": {
      "exists": true,
      "perms": "0o600",
      "expected": "0o600",
      "level": "OK",
      "detail": "L1 密钥脚本权限合规"
    },
    "desensitize": {
      "present": true,
      "level": "OK",
      "detail": "脱敏门禁脚本在位"
    },
    "m1_mode": {
      "mode": "local-only",
      "level": "OK",
      "detail": "M1 网络模式=local-only（whitelist 更严，allow_external 为默认）"
    },
    "d3_freshness": {
      "present": true,
      "latest": "lawtwin-backup-20260928.L1.tar.gz.enc",
      "age_hours": 51.4,
      "threshold_hours": 25,
      "level": "P0",
      "detail": "最新备份 lawtwin-backup-20260928.L1.tar.gz.enc 距今 51.4h（超阈值，备份可能失败）"
    }
  },
  "pii_safe": true
}
{
  "schema": "lawtwin-health-v1",
  "scanned_at": "2026-09-30T12:17:36",
  "overall": "P0",
  "probes": {
    "lti_gate": {
      "alive": false,
      "level": "P0",
      "detail": "lti-gate 守护进程未探活（门禁可能未启动）"
    },
    "crypto_perms": {
      "exists": true,
      "perms": "0o600",
      "expected": "0o600",
      "level": "OK",
      "detail": "L1 密钥脚本权限合规"
    },
    "desensitize": {
      "present": true,
      "level": "OK",
      "detail": "脱敏门禁脚本在位"
    },
    "m1_mode": {
      "mode": "local-only",
      "level": "OK",
      "detail": "M1 网络模式=local-only（whitelist 更严，allow_external 为默认）"
    },
    "d3_freshness": {
      "present": true,
      "latest": "lawtwin-backup-20260928.L1.tar.gz.enc",
      "age_hours": 51.5,
      "threshold_hours": 25,
      "level": "P0",
      "detail": "最新备份 lawtwin-backup-20260928.L1.tar.gz.enc 距今 51.5h（超阈值，备份可能失败）"
    }
  },
  "pii_safe": true
}
{
  "schema": "lawtwin-health-v1",
  "scanned_at": "2026-09-30T12:27:36",
  "overall": "P0",
  "probes": {
    "lti_gate": {
      "alive": false,
      "level": "P0",
      "detail": "lti-gate 守护进程未探活（门禁可能未启动）"
    },
    "crypto_perms": {
      "exists": true,
      "perms": "0o600",
      "expected": "0o600",
      "level": "OK",
      "detail": "L1 密钥脚本权限合规"
    },
    "desensitize": {
      "present": true,
      "level": "OK",
      "detail": "脱敏门禁脚本在位"
    },
    "m1_mode": {
      "mode": "local-only",
      "level": "OK",
      "detail": "M1 网络模式=local-only（whitelist 更严，allow_external 为默认）"
    },
    "d3_freshness": {
      "present": true,
      "latest": "lawtwin-backup-20260928.L1.tar.gz.enc",
      "age_hours": 51.7,
      "threshold_hours": 25,
      "level": "P0",
      "detail": "最新备份 lawtwin-backup-20260928.L1.tar.gz.enc 距今 51.7h（超阈值，备份可能失败）"
    }
  },
  "pii_safe": true
}
{
  "schema": "lawtwin-health-v1",
  "scanned_at": "2026-09-30T12:37:36",
  "overall": "P0",
  "probes": {
    "lti_gate": {
      "alive": false,
      "level": "P0",
      "detail": "lti-gate 守护进程未探活（门禁可能未启动）"
    },
    "crypto_perms": {
      "exists": true,
      "perms": "0o600",
      "expected": "0o600",
      "level": "OK",
      "detail": "L1 密钥脚本权限合规"
    },
    "desensitize": {
      "present": true,
      "level": "OK",
      "detail": "脱敏门禁脚本在位"
    },
    "m1_mode": {
      "mode": "local-only",
      "level": "OK",
      "detail": "M1 网络模式=local-only（whitelist 更严，allow_external 为默认）"
    },
    "d3_freshness": {
      "present": true,
      "latest": "lawtwin-backup-20260928.L1.tar.gz.enc",
      "age_hours": 51.9,
      "threshold_hours": 25,
      "level": "P0",
      "detail": "最新备份 lawtwin-backup-20260928.L1.tar.gz.enc 距今 51.9h（超阈值，备份可能失败）"
    }
  },
  "pii_safe": true
}
{
  "schema": "lawtwin-health-v1",
  "scanned_at": "2026-09-30T12:47:36",
  "overall": "P0",
  "probes": {
    "lti_gate": {
      "alive": false,
      "level": "P0",
      "detail": "lti-gate 守护进程未探活（门禁可能未启动）"
    },
    "crypto_perms": {
      "exists": true,
      "perms": "0o600",
      "expected": "0o600",
      "level": "OK",
      "detail": "L1 密钥脚本权限合规"
    },
    "desensitize": {
      "present": true,
      "level": "OK",
      "detail": "脱敏门禁脚本在位"
    },
    "m1_mode": {
      "mode": "local-only",
      "level": "OK",
      "detail": "M1 网络模式=local-only（whitelist 更严，allow_external 为默认）"
    },
    "d3_freshness": {
      "present": true,
      "latest": "lawtwin-backup-20260928.L1.tar.gz.enc",
      "age_hours": 52.0,
      "threshold_hours": 25,
      "level": "P0",
      "detail": "最新备份 lawtwin-backup-20260928.L1.tar.gz.enc 距今 52.0h（超阈值，备份可能失败）"
    }
  },
  "pii_safe": true
}
{
  "schema": "lawtwin-health-v1",
  "scanned_at": "2026-09-30T12:57:36",
  "overall": "P0",
  "probes": {
    "lti_gate": {
      "alive": false,
      "level": "P0",
      "detail": "lti-gate 守护进程未探活（门禁可能未启动）"
    },
    "crypto_perms": {
      "exists": true,
      "perms": "0o600",
      "expected": "0o600",
      "level": "OK",
      "detail": "L1 密钥脚本权限合规"
    },
    "desensitize": {
      "present": true,
      "level": "OK",
      "detail": "脱敏门禁脚本在位"
    },
    "m1_mode": {
      "mode": "local-only",
      "level": "OK",
      "detail": "M1 网络模式=local-only（whitelist 更严，allow_external 为默认）"
    },
    "d3_freshness": {
      "present": true,
      "latest": "lawtwin-backup-20260928.L1.tar.gz.enc",
      "age_hours": 52.2,
      "threshold_hours": 25,
      "level": "P0",
      "detail": "最新备份 lawtwin-backup-20260928.L1.tar.gz.enc 距今 52.2h（超阈值，备份可能失败）"
    }
  },
  "pii_safe": true
}
{
  "schema": "lawtwin-health-v1",
  "scanned_at": "2026-09-30T13:07:37",
  "overall": "P0",
  "probes": {
    "lti_gate": {
      "alive": false,
      "level": "P0",
      "detail": "lti-gate 守护进程未探活（门禁可能未启动）"
    },
    "crypto_perms": {
      "exists": true,
      "perms": "0o600",
      "expected": "0o600",
      "level": "OK",
      "detail": "L1 密钥脚本权限合规"
    },
    "desensitize": {
      "present": true,
      "level": "OK",
      "detail": "脱敏门禁脚本在位"
    },
    "m1_mode": {
      "mode": "local-only",
      "level": "OK",
      "detail": "M1 网络模式=local-only（whitelist 更严，allow_external 为默认）"
    },
    "d3_freshness": {
      "present": true,
      "latest": "lawtwin-backup-20260928.L1.tar.gz.enc",
      "age_hours": 52.4,
      "threshold_hours": 25,
      "level": "P0",
      "detail": "最新备份 lawtwin-backup-20260928.L1.tar.gz.enc 距今 52.4h（超阈值，备份可能失败）"
    }
  },
  "pii_safe": true
}
{
  "schema": "lawtwin-health-v1",
  "scanned_at": "2026-09-30T13:46:15",
  "overall": "P0",
  "probes": {
    "lti_gate": {
      "alive": false,
      "level": "P0",
      "detail": "lti-gate 守护进程未探活（门禁可能未启动）"
    },
    "crypto_perms": {
      "exists": true,
      "perms": "0o600",
      "expected": "0o600",
      "level": "OK",
      "detail": "L1 密钥脚本权限合规"
    },
    "desensitize": {
      "present": true,
      "level": "OK",
      "detail": "脱敏门禁脚本在位"
    },
    "m1_mode": {
      "mode": "local-only",
      "level": "OK",
      "detail": "M1 网络模式=local-only（whitelist 更严，allow_external 为默认）"
    },
    "d3_freshness": {
      "present": true,
      "latest": "lawtwin-backup-20260928.L1.tar.gz.enc",
      "age_hours": 53.0,
      "threshold_hours": 25,
      "level": "P0",
      "detail": "最新备份 lawtwin-backup-20260928.L1.tar.gz.enc 距今 53.0h（超阈值，备份可能失败）"
    }
  },
  "pii_safe": true
}
{
  "schema": "lawtwin-health-v1",
  "scanned_at": "2026-09-30T13:56:16",
  "overall": "P0",
  "probes": {
    "lti_gate": {
      "alive": false,
      "level": "P0",
      "detail": "lti-gate 守护进程未探活（门禁可能未启动）"
    },
    "crypto_perms": {
      "exists": true,
      "perms": "0o600",
      "expected": "0o600",
      "level": "OK",
      "detail": "L1 密钥脚本权限合规"
    },
    "desensitize": {
      "present": true,
      "level": "OK",
      "detail": "脱敏门禁脚本在位"
    },
    "m1_mode": {
      "mode": "local-only",
      "level": "OK",
      "detail": "M1 网络模式=local-only（whitelist 更严，allow_external 为默认）"
    },
    "d3_freshness": {
      "present": true,
      "latest": "lawtwin-backup-20260928.L1.tar.gz.enc",
      "age_hours": 53.2,
      "threshold_hours": 25,
      "level": "P0",
      "detail": "最新备份 lawtwin-backup-20260928.L1.tar.gz.enc 距今 53.2h（超阈值，备份可能失败）"
    }
  },
  "pii_safe": true
}
{
  "schema": "lawtwin-health-v1",
  "scanned_at": "2026-09-30T14:06:16",
  "overall": "P0",
  "probes": {
    "lti_gate": {
      "alive": false,
      "level": "P0",
      "detail": "lti-gate 守护进程未探活（门禁可能未启动）"
    },
    "crypto_perms": {
      "exists": true,
      "perms": "0o600",
      "expected": "0o600",
      "level": "OK",
      "detail": "L1 密钥脚本权限合规"
    },
    "desensitize": {
      "present": true,
      "level": "OK",
      "detail": "脱敏门禁脚本在位"
    },
    "m1_mode": {
      "mode": "local-only",
      "level": "OK",
      "detail": "M1 网络模式=local-only（whitelist 更严，allow_external 为默认）"
    },
    "d3_freshness": {
      "present": true,
      "latest": "lawtwin-backup-20260928.L1.tar.gz.enc",
      "age_hours": 53.3,
      "threshold_hours": 25,
      "level": "P0",
      "detail": "最新备份 lawtwin-backup-20260928.L1.tar.gz.enc 距今 53.3h（超阈值，备份可能失败）"
    }
  },
  "pii_safe": true
}
{
  "schema": "lawtwin-health-v1",
  "scanned_at": "2026-09-30T14:16:16",
  "overall": "P0",
  "probes": {
    "lti_gate": {
      "alive": false,
      "level": "P0",
      "detail": "lti-gate 守护进程未探活（门禁可能未启动）"
    },
    "crypto_perms": {
      "exists": true,
      "perms": "0o600",
      "expected": "0o600",
      "level": "OK",
      "detail": "L1 密钥脚本权限合规"
    },
    "desensitize": {
      "present": true,
      "level": "OK",
      "detail": "脱敏门禁脚本在位"
    },
    "m1_mode": {
      "mode": "local-only",
      "level": "OK",
      "detail": "M1 网络模式=local-only（whitelist 更严，allow_external 为默认）"
    },
    "d3_freshness": {
      "present": true,
      "latest": "lawtwin-backup-20260928.L1.tar.gz.enc",
      "age_hours": 53.5,
      "threshold_hours": 25,
      "level": "P0",
      "detail": "最新备份 lawtwin-backup-20260928.L1.tar.gz.enc 距今 53.5h（超阈值，备份可能失败）"
    }
  },
  "pii_safe": true
}
{
  "schema": "lawtwin-health-v1",
  "scanned_at": "2026-09-30T14:26:16",
  "overall": "P0",
  "probes": {
    "lti_gate": {
      "alive": false,
      "level": "P0",
      "detail": "lti-gate 守护进程未探活（门禁可能未启动）"
    },
    "crypto_perms": {
      "exists": true,
      "perms": "0o600",
      "expected": "0o600",
      "level": "OK",
      "detail": "L1 密钥脚本权限合规"
    },
    "desensitize": {
      "present": true,
      "level": "OK",
      "detail": "脱敏门禁脚本在位"
    },
    "m1_mode": {
      "mode": "local-only",
      "level": "OK",
      "detail": "M1 网络模式=local-only（whitelist 更严，allow_external 为默认）"
    },
    "d3_freshness": {
      "present": true,
      "latest": "lawtwin-backup-20260928.L1.tar.gz.enc",
      "age_hours": 53.7,
      "threshold_hours": 25,
      "level": "P0",
      "detail": "最新备份 lawtwin-backup-20260928.L1.tar.gz.enc 距今 53.7h（超阈值，备份可能失败）"
    }
  },
  "pii_safe": true
}
{
  "schema": "lawtwin-health-v1",
  "scanned_at": "2026-09-30T14:36:17",
  "overall": "P0",
  "probes": {
    "lti_gate": {
      "alive": false,
      "level": "P0",
      "detail": "lti-gate 守护进程未探活（门禁可能未启动）"
    },
    "crypto_perms": {
      "exists": true,
      "perms": "0o600",
      "expected": "0o600",
      "level": "OK",
      "detail": "L1 密钥脚本权限合规"
    },
    "desensitize": {
      "present": true,
      "level": "OK",
      "detail": "脱敏门禁脚本在位"
    },
    "m1_mode": {
      "mode": "local-only",
      "level": "OK",
      "detail": "M1 网络模式=local-only（whitelist 更严，allow_external 为默认）"
    },
    "d3_freshness": {
      "present": true,
      "latest": "lawtwin-backup-20260928.L1.tar.gz.enc",
      "age_hours": 53.8,
      "threshold_hours": 25,
      "level": "P0",
      "detail": "最新备份 lawtwin-backup-20260928.L1.tar.gz.enc 距今 53.8h（超阈值，备份可能失败）"
    }
  },
  "pii_safe": true
}
{
  "schema": "lawtwin-health-v1",
  "scanned_at": "2026-09-30T16:45:51",
  "overall": "P0",
  "probes": {
    "lti_gate": {
      "alive": false,
      "level": "P0",
      "detail": "lti-gate 守护进程未探活（门禁可能未启动）"
    },
    "crypto_perms": {
      "exists": true,
      "perms": "0o600",
      "expected": "0o600",
      "level": "OK",
      "detail": "L1 密钥脚本权限合规"
    },
    "desensitize": {
      "present": true,
      "level": "OK",
      "detail": "脱敏门禁脚本在位"
    },
    "m1_mode": {
      "mode": "local-only",
      "level": "OK",
      "detail": "M1 网络模式=local-only（whitelist 更严，allow_external 为默认）"
    },
    "d3_freshness": {
      "present": true,
      "latest": "lawtwin-backup-20260928.L1.tar.gz.enc",
      "age_hours": 56.0,
      "threshold_hours": 25,
      "level": "P0",
      "detail": "最新备份 lawtwin-backup-20260928.L1.tar.gz.enc 距今 56.0h（超阈值，备份可能失败）"
    }
  },
  "pii_safe": true
}
{
  "schema": "lawtwin-health-v1",
  "scanned_at": "2026-09-30T17:06:31",
  "overall": "P0",
  "probes": {
    "lti_gate": {
      "alive": false,
      "level": "P0",
      "detail": "lti-gate 守护进程未探活（门禁可能未启动）"
    },
    "crypto_perms": {
      "exists": true,
      "perms": "0o600",
      "expected": "0o600",
      "level": "OK",
      "detail": "L1 密钥脚本权限合规"
    },
    "desensitize": {
      "present": true,
      "level": "OK",
      "detail": "脱敏门禁脚本在位"
    },
    "m1_mode": {
      "mode": "local-only",
      "level": "OK",
      "detail": "M1 网络模式=local-only（whitelist 更严，allow_external 为默认）"
    },
    "d3_freshness": {
      "present": true,
      "latest": "lawtwin-backup-20260928.L1.tar.gz.enc",
      "age_hours": 56.3,
      "threshold_hours": 25,
      "level": "P0",
      "detail": "最新备份 lawtwin-backup-20260928.L1.tar.gz.enc 距今 56.3h（超阈值，备份可能失败）"
    }
  },
  "pii_safe": true
}
{
  "schema": "lawtwin-health-v1",
  "scanned_at": "2026-09-30T17:16:31",
  "overall": "P0",
  "probes": {
    "lti_gate": {
      "alive": false,
      "level": "P0",
      "detail": "lti-gate 守护进程未探活（门禁可能未启动）"
    },
    "crypto_perms": {
      "exists": true,
      "perms": "0o600",
      "expected": "0o600",
      "level": "OK",
      "detail": "L1 密钥脚本权限合规"
    },
    "desensitize": {
      "present": true,
      "level": "OK",
      "detail": "脱敏门禁脚本在位"
    },
    "m1_mode": {
      "mode": "local-only",
      "level": "OK",
      "detail": "M1 网络模式=local-only（whitelist 更严，allow_external 为默认）"
    },
    "d3_freshness": {
      "present": true,
      "latest": "lawtwin-backup-20260928.L1.tar.gz.enc",
      "age_hours": 56.5,
      "threshold_hours": 25,
      "level": "P0",
      "detail": "最新备份 lawtwin-backup-20260928.L1.tar.gz.enc 距今 56.5h（超阈值，备份可能失败）"
    }
  },
  "pii_safe": true
}
{
  "schema": "lawtwin-health-v1",
  "scanned_at": "2026-09-30T17:26:31",
  "overall": "P0",
  "probes": {
    "lti_gate": {
      "alive": false,
      "level": "P0",
      "detail": "lti-gate 守护进程未探活（门禁可能未启动）"
    },
    "crypto_perms": {
      "exists": true,
      "perms": "0o600",
      "expected": "0o600",
      "level": "OK",
      "detail": "L1 密钥脚本权限合规"
    },
    "desensitize": {
      "present": true,
      "level": "OK",
      "detail": "脱敏门禁脚本在位"
    },
    "m1_mode": {
      "mode": "local-only",
      "level": "OK",
      "detail": "M1 网络模式=local-only（whitelist 更严，allow_external 为默认）"
    },
    "d3_freshness": {
      "present": true,
      "latest": "lawtwin-backup-20260928.L1.tar.gz.enc",
      "age_hours": 56.7,
      "threshold_hours": 25,
      "level": "P0",
      "detail": "最新备份 lawtwin-backup-20260928.L1.tar.gz.enc 距今 56.7h（超阈值，备份可能失败）"
    }
  },
  "pii_safe": true
}
{
  "schema": "lawtwin-health-v1",
  "scanned_at": "2026-09-30T17:36:32",
  "overall": "P0",
  "probes": {
    "lti_gate": {
      "alive": false,
      "level": "P0",
      "detail": "lti-gate 守护进程未探活（门禁可能未启动）"
    },
    "crypto_perms": {
      "exists": true,
      "perms": "0o600",
      "expected": "0o600",
      "level": "OK",
      "detail": "L1 密钥脚本权限合规"
    },
    "desensitize": {
      "present": true,
      "level": "OK",
      "detail": "脱敏门禁脚本在位"
    },
    "m1_mode": {
      "mode": "local-only",
      "level": "OK",
      "detail": "M1 网络模式=local-only（whitelist 更严，allow_external 为默认）"
    },
    "d3_freshness": {
      "present": true,
      "latest": "lawtwin-backup-20260928.L1.tar.gz.enc",
      "age_hours": 56.8,
      "threshold_hours": 25,
      "level": "P0",
      "detail": "最新备份 lawtwin-backup-20260928.L1.tar.gz.enc 距今 56.8h（超阈值，备份可能失败）"
    }
  },
  "pii_safe": true
}
{
  "schema": "lawtwin-health-v1",
  "scanned_at": "2026-09-30T17:46:32",
  "overall": "P0",
  "probes": {
    "lti_gate": {
      "alive": false,
      "level": "P0",
      "detail": "lti-gate 守护进程未探活（门禁可能未启动）"
    },
    "crypto_perms": {
      "exists": true,
      "perms": "0o600",
      "expected": "0o600",
      "level": "OK",
      "detail": "L1 密钥脚本权限合规"
    },
    "desensitize": {
      "present": true,
      "level": "OK",
      "detail": "脱敏门禁脚本在位"
    },
    "m1_mode": {
      "mode": "local-only",
      "level": "OK",
      "detail": "M1 网络模式=local-only（whitelist 更严，allow_external 为默认）"
    },
    "d3_freshness": {
      "present": true,
      "latest": "lawtwin-backup-20260928.L1.tar.gz.enc",
      "age_hours": 57.0,
      "threshold_hours": 25,
      "level": "P0",
      "detail": "最新备份 lawtwin-backup-20260928.L1.tar.gz.enc 距今 57.0h（超阈值，备份可能失败）"
    }
  },
  "pii_safe": true
}
{
  "schema": "lawtwin-health-v1",
  "scanned_at": "2026-09-30T20:43:02",
  "overall": "P0",
  "probes": {
    "lti_gate": {
      "alive": false,
      "level": "P0",
      "detail": "lti-gate 守护进程未探活（门禁可能未启动）"
    },
    "crypto_perms": {
      "exists": true,
      "perms": "0o600",
      "expected": "0o600",
      "level": "OK",
      "detail": "L1 密钥脚本权限合规"
    },
    "desensitize": {
      "present": true,
      "level": "OK",
      "detail": "脱敏门禁脚本在位"
    },
    "m1_mode": {
      "mode": "local-only",
      "level": "OK",
      "detail": "M1 网络模式=local-only（whitelist 更严，allow_external 为默认）"
    },
    "d3_freshness": {
      "present": true,
      "latest": "lawtwin-backup-20260928.L1.tar.gz.enc",
      "age_hours": 60.0,
      "threshold_hours": 25,
      "level": "P0",
      "detail": "最新备份 lawtwin-backup-20260928.L1.tar.gz.enc 距今 60.0h（超阈值，备份可能失败）"
    }
  },
  "pii_safe": true
}
{
  "schema": "lawtwin-health-v1",
  "scanned_at": "2026-09-30T22:48:37",
  "overall": "P0",
  "probes": {
    "lti_gate": {
      "alive": false,
      "level": "P0",
      "detail": "lti-gate 守护进程未探活（门禁可能未启动）"
    },
    "crypto_perms": {
      "exists": true,
      "perms": "0o600",
      "expected": "0o600",
      "level": "OK",
      "detail": "L1 密钥脚本权限合规"
    },
    "desensitize": {
      "present": true,
      "level": "OK",
      "detail": "脱敏门禁脚本在位"
    },
    "m1_mode": {
      "mode": "local-only",
      "level": "OK",
      "detail": "M1 网络模式=local-only（whitelist 更严，allow_external 为默认）"
    },
    "d3_freshness": {
      "present": true,
      "latest": "lawtwin-backup-20260928.L1.tar.gz.enc",
      "age_hours": 62.0,
      "threshold_hours": 25,
      "level": "P0",
      "detail": "最新备份 lawtwin-backup-20260928.L1.tar.gz.enc 距今 62.0h（超阈值，备份可能失败）"
    }
  },
  "pii_safe": true
}
{
  "schema": "lawtwin-health-v1",
  "scanned_at": "2026-10-01T01:36:06",
  "overall": "P0",
  "probes": {
    "lti_gate": {
      "alive": false,
      "level": "P0",
      "detail": "lti-gate 守护进程未探活（门禁可能未启动）"
    },
    "crypto_perms": {
      "exists": true,
      "perms": "0o600",
      "expected": "0o600",
      "level": "OK",
      "detail": "L1 密钥脚本权限合规"
    },
    "desensitize": {
      "present": true,
      "level": "OK",
      "detail": "脱敏门禁脚本在位"
    },
    "m1_mode": {
      "mode": "local-only",
      "level": "OK",
      "detail": "M1 网络模式=local-only（whitelist 更严，allow_external 为默认）"
    },
    "d3_freshness": {
      "present": true,
      "latest": "lawtwin-backup-20260928.L1.tar.gz.enc",
      "age_hours": 64.8,
      "threshold_hours": 25,
      "level": "P0",
      "detail": "最新备份 lawtwin-backup-20260928.L1.tar.gz.enc 距今 64.8h（超阈值，备份可能失败）"
    }
  },
  "pii_safe": true
}
{
  "schema": "lawtwin-health-v1",
  "scanned_at": "2026-10-01T04:51:50",
  "overall": "P0",
  "probes": {
    "lti_gate": {
      "alive": true,
      "level": "OK",
      "detail": "lti-gate 守护进程存活"
    },
    "crypto_perms": {
      "exists": true,
      "perms": "0o600",
      "expected": "0o600",
      "level": "OK",
      "detail": "L1 密钥脚本权限合规"
    },
    "desensitize": {
      "present": true,
      "level": "OK",
      "detail": "脱敏门禁脚本在位"
    },
    "m1_mode": {
      "mode": "local-only",
      "level": "OK",
      "detail": "M1 网络模式=local-only（whitelist 更严，allow_external 为默认）"
    },
    "d3_freshness": {
      "present": true,
      "latest": "lawtwin-backup-20260928.L1.tar.gz.enc",
      "age_hours": 68.1,
      "threshold_hours": 25,
      "level": "P0",
      "detail": "最新备份 lawtwin-backup-20260928.L1.tar.gz.enc 距今 68.1h（超阈值，备份可能失败）"
    }
  },
  "pii_safe": true
}
{
  "schema": "lawtwin-health-v1",
  "scanned_at": "2026-10-01T07:51:25",
  "overall": "P0",
  "probes": {
    "lti_gate": {
      "alive": true,
      "level": "OK",
      "detail": "lti-gate 守护进程存活"
    },
    "crypto_perms": {
      "exists": true,
      "perms": "0o600",
      "expected": "0o600",
      "level": "OK",
      "detail": "L1 密钥脚本权限合规"
    },
    "desensitize": {
      "present": true,
      "level": "OK",
      "detail": "脱敏门禁脚本在位"
    },
    "m1_mode": {
      "mode": "local-only",
      "level": "OK",
      "detail": "M1 网络模式=local-only（whitelist 更严，allow_external 为默认）"
    },
    "d3_freshness": {
      "present": true,
      "latest": "lawtwin-backup-20260928.L1.tar.gz.enc",
      "age_hours": 71.1,
      "threshold_hours": 25,
      "level": "P0",
      "detail": "最新备份 lawtwin-backup-20260928.L1.tar.gz.enc 距今 71.1h（超阈值，备份可能失败）"
    }
  },
  "pii_safe": true
}
{
  "schema": "lawtwin-health-v1",
  "scanned_at": "2026-10-01T10:24:22",
  "overall": "P0",
  "probes": {
    "lti_gate": {
      "alive": true,
      "level": "OK",
      "detail": "lti-gate 守护进程存活"
    },
    "crypto_perms": {
      "exists": true,
      "perms": "0o600",
      "expected": "0o600",
      "level": "OK",
      "detail": "L1 密钥脚本权限合规"
    },
    "desensitize": {
      "present": true,
      "level": "OK",
      "detail": "脱敏门禁脚本在位"
    },
    "m1_mode": {
      "mode": "local-only",
      "level": "OK",
      "detail": "M1 网络模式=local-only（whitelist 更严，allow_external 为默认）"
    },
    "d3_freshness": {
      "present": true,
      "latest": "lawtwin-backup-20260928.L1.tar.gz.enc",
      "age_hours": 73.6,
      "threshold_hours": 25,
      "level": "P0",
      "detail": "最新备份 lawtwin-backup-20260928.L1.tar.gz.enc 距今 73.6h（超阈值，备份可能失败）"
    }
  },
  "pii_safe": true
}
{
  "schema": "lawtwin-health-v1",
  "scanned_at": "2026-10-01T11:08:25",
  "overall": "P0",
  "probes": {
    "lti_gate": {
      "alive": false,
      "level": "P0",
      "detail": "lti-gate 守护进程未探活（门禁可能未启动）"
    },
    "crypto_perms": {
      "exists": true,
      "perms": "0o600",
      "expected": "0o600",
      "level": "OK",
      "detail": "L1 密钥脚本权限合规"
    },
    "desensitize": {
      "present": true,
      "level": "OK",
      "detail": "脱敏门禁脚本在位"
    },
    "m1_mode": {
      "mode": "local-only",
      "level": "OK",
      "detail": "M1 网络模式=local-only（whitelist 更严，allow_external 为默认）"
    },
    "d3_freshness": {
      "present": true,
      "latest": "lawtwin-backup-20260928.L1.tar.gz.enc",
      "age_hours": 74.4,
      "threshold_hours": 25,
      "level": "P0",
      "detail": "最新备份 lawtwin-backup-20260928.L1.tar.gz.enc 距今 74.4h（超阈值，备份可能失败）"
    }
  },
  "pii_safe": true
}
{
  "schema": "lawtwin-health-v1",
  "scanned_at": "2026-10-01T11:19:37",
  "overall": "P0",
  "probes": {
    "lti_gate": {
      "alive": true,
      "level": "OK",
      "detail": "lti-gate 守护进程存活"
    },
    "crypto_perms": {
      "exists": true,
      "perms": "0o600",
      "expected": "0o600",
      "level": "OK",
      "detail": "L1 密钥脚本权限合规"
    },
    "desensitize": {
      "present": true,
      "level": "OK",
      "detail": "脱敏门禁脚本在位"
    },
    "m1_mode": {
      "mode": "local-only",
      "level": "OK",
      "detail": "M1 网络模式=local-only（whitelist 更严，allow_external 为默认）"
    },
    "d3_freshness": {
      "present": true,
      "latest": "lawtwin-backup-20260928.L1.tar.gz.enc",
      "age_hours": 74.6,
      "threshold_hours": 25,
      "level": "P0",
      "detail": "最新备份 lawtwin-backup-20260928.L1.tar.gz.enc 距今 74.6h（超阈值，备份可能失败）"
    }
  },
  "pii_safe": true
}
{
  "schema": "lawtwin-health-v1",
  "scanned_at": "2026-10-01T11:29:37",
  "overall": "P0",
  "probes": {
    "lti_gate": {
      "alive": true,
      "level": "OK",
      "detail": "lti-gate 守护进程存活"
    },
    "crypto_perms": {
      "exists": true,
      "perms": "0o600",
      "expected": "0o600",
      "level": "OK",
      "detail": "L1 密钥脚本权限合规"
    },
    "desensitize": {
      "present": true,
      "level": "OK",
      "detail": "脱敏门禁脚本在位"
    },
    "m1_mode": {
      "mode": "local-only",
      "level": "OK",
      "detail": "M1 网络模式=local-only（whitelist 更严，allow_external 为默认）"
    },
    "d3_freshness": {
      "present": true,
      "latest": "lawtwin-backup-20260928.L1.tar.gz.enc",
      "age_hours": 74.7,
      "threshold_hours": 25,
      "level": "P0",
      "detail": "最新备份 lawtwin-backup-20260928.L1.tar.gz.enc 距今 74.7h（超阈值，备份可能失败）"
    }
  },
  "pii_safe": true
}
{
  "schema": "lawtwin-health-v1",
  "scanned_at": "2026-10-01T11:39:37",
  "overall": "P0",
  "probes": {
    "lti_gate": {
      "alive": true,
      "level": "OK",
      "detail": "lti-gate 守护进程存活"
    },
    "crypto_perms": {
      "exists": true,
      "perms": "0o600",
      "expected": "0o600",
      "level": "OK",
      "detail": "L1 密钥脚本权限合规"
    },
    "desensitize": {
      "present": true,
      "level": "OK",
      "detail": "脱敏门禁脚本在位"
    },
    "m1_mode": {
      "mode": "local-only",
      "level": "OK",
      "detail": "M1 网络模式=local-only（whitelist 更严，allow_external 为默认）"
    },
    "d3_freshness": {
      "present": true,
      "latest": "lawtwin-backup-20260928.L1.tar.gz.enc",
      "age_hours": 74.9,
      "threshold_hours": 25,
      "level": "P0",
      "detail": "最新备份 lawtwin-backup-20260928.L1.tar.gz.enc 距今 74.9h（超阈值，备份可能失败）"
    }
  },
  "pii_safe": true
}
{
  "schema": "lawtwin-health-v1",
  "scanned_at": "2026-10-01T11:50:23",
  "overall": "P0",
  "probes": {
    "lti_gate": {
      "alive": true,
      "level": "OK",
      "detail": "lti-gate 守护进程存活"
    },
    "crypto_perms": {
      "exists": true,
      "perms": "0o600",
      "expected": "0o600",
      "level": "OK",
      "detail": "L1 密钥脚本权限合规"
    },
    "desensitize": {
      "present": true,
      "level": "OK",
      "detail": "脱敏门禁脚本在位"
    },
    "m1_mode": {
      "mode": "local-only",
      "level": "OK",
      "detail": "M1 网络模式=local-only（whitelist 更严，allow_external 为默认）"
    },
    "d3_freshness": {
      "present": true,
      "latest": "lawtwin-backup-20260928.L1.tar.gz.enc",
      "age_hours": 75.1,
      "threshold_hours": 25,
      "level": "P0",
      "detail": "最新备份 lawtwin-backup-20260928.L1.tar.gz.enc 距今 75.1h（超阈值，备份可能失败）"
    }
  },
  "pii_safe": true
}
{
  "schema": "lawtwin-health-v1",
  "scanned_at": "2026-10-01T12:00:23",
  "overall": "P0",
  "probes": {
    "lti_gate": {
      "alive": true,
      "level": "OK",
      "detail": "lti-gate 守护进程存活"
    },
    "crypto_perms": {
      "exists": true,
      "perms": "0o600",
      "expected": "0o600",
      "level": "OK",
      "detail": "L1 密钥脚本权限合规"
    },
    "desensitize": {
      "present": true,
      "level": "OK",
      "detail": "脱敏门禁脚本在位"
    },
    "m1_mode": {
      "mode": "local-only",
      "level": "OK",
      "detail": "M1 网络模式=local-only（whitelist 更严，allow_external 为默认）"
    },
    "d3_freshness": {
      "present": true,
      "latest": "lawtwin-backup-20260928.L1.tar.gz.enc",
      "age_hours": 75.2,
      "threshold_hours": 25,
      "level": "P0",
      "detail": "最新备份 lawtwin-backup-20260928.L1.tar.gz.enc 距今 75.2h（超阈值，备份可能失败）"
    }
  },
  "pii_safe": true
}
{
  "schema": "lawtwin-health-v1",
  "scanned_at": "2026-10-01T12:40:41",
  "overall": "P0",
  "probes": {
    "lti_gate": {
      "alive": true,
      "level": "OK",
      "detail": "lti-gate 守护进程存活"
    },
    "crypto_perms": {
      "exists": true,
      "perms": "0o600",
      "expected": "0o600",
      "level": "OK",
      "detail": "L1 密钥脚本权限合规"
    },
    "desensitize": {
      "present": true,
      "level": "OK",
      "detail": "脱敏门禁脚本在位"
    },
    "m1_mode": {
      "mode": "local-only",
      "level": "OK",
      "detail": "M1 网络模式=local-only（whitelist 更严，allow_external 为默认）"
    },
    "d3_freshness": {
      "present": true,
      "latest": "lawtwin-backup-20260928.L1.tar.gz.enc",
      "age_hours": 75.9,
      "threshold_hours": 25,
      "level": "P0",
      "detail": "最新备份 lawtwin-backup-20260928.L1.tar.gz.enc 距今 75.9h（超阈值，备份可能失败）"
    }
  },
  "pii_safe": true
}
{
  "schema": "lawtwin-health-v1",
  "scanned_at": "2026-10-01T12:50:41",
  "overall": "P0",
  "probes": {
    "lti_gate": {
      "alive": true,
      "level": "OK",
      "detail": "lti-gate 守护进程存活"
    },
    "crypto_perms": {
      "exists": true,
      "perms": "0o600",
      "expected": "0o600",
      "level": "OK",
      "detail": "L1 密钥脚本权限合规"
    },
    "desensitize": {
      "present": true,
      "level": "OK",
      "detail": "脱敏门禁脚本在位"
    },
    "m1_mode": {
      "mode": "local-only",
      "level": "OK",
      "detail": "M1 网络模式=local-only（whitelist 更严，allow_external 为默认）"
    },
    "d3_freshness": {
      "present": true,
      "latest": "lawtwin-backup-20260928.L1.tar.gz.enc",
      "age_hours": 76.1,
      "threshold_hours": 25,
      "level": "P0",
      "detail": "最新备份 lawtwin-backup-20260928.L1.tar.gz.enc 距今 76.1h（超阈值，备份可能失败）"
    }
  },
  "pii_safe": true
}
{
  "schema": "lawtwin-health-v1",
  "scanned_at": "2026-10-01T13:00:41",
  "overall": "P0",
  "probes": {
    "lti_gate": {
      "alive": true,
      "level": "OK",
      "detail": "lti-gate 守护进程存活"
    },
    "crypto_perms": {
      "exists": true,
      "perms": "0o600",
      "expected": "0o600",
      "level": "OK",
      "detail": "L1 密钥脚本权限合规"
    },
    "desensitize": {
      "present": true,
      "level": "OK",
      "detail": "脱敏门禁脚本在位"
    },
    "m1_mode": {
      "mode": "local-only",
      "level": "OK",
      "detail": "M1 网络模式=local-only（whitelist 更严，allow_external 为默认）"
    },
    "d3_freshness": {
      "present": true,
      "latest": "lawtwin-backup-20260928.L1.tar.gz.enc",
      "age_hours": 76.2,
      "threshold_hours": 25,
      "level": "P0",
      "detail": "最新备份 lawtwin-backup-20260928.L1.tar.gz.enc 距今 76.2h（超阈值，备份可能失败）"
    }
  },
  "pii_safe": true
}
{
  "schema": "lawtwin-health-v1",
  "scanned_at": "2026-10-01T13:10:41",
  "overall": "P0",
  "probes": {
    "lti_gate": {
      "alive": true,
      "level": "OK",
      "detail": "lti-gate 守护进程存活"
    },
    "crypto_perms": {
      "exists": true,
      "perms": "0o600",
      "expected": "0o600",
      "level": "OK",
      "detail": "L1 密钥脚本权限合规"
    },
    "desensitize": {
      "present": true,
      "level": "OK",
      "detail": "脱敏门禁脚本在位"
    },
    "m1_mode": {
      "mode": "local-only",
      "level": "OK",
      "detail": "M1 网络模式=local-only（whitelist 更严，allow_external 为默认）"
    },
    "d3_freshness": {
      "present": true,
      "latest": "lawtwin-backup-20260928.L1.tar.gz.enc",
      "age_hours": 76.4,
      "threshold_hours": 25,
      "level": "P0",
      "detail": "最新备份 lawtwin-backup-20260928.L1.tar.gz.enc 距今 76.4h（超阈值，备份可能失败）"
    }
  },
  "pii_safe": true
}
{
  "schema": "lawtwin-health-v1",
  "scanned_at": "2026-10-01T13:20:42",
  "overall": "P0",
  "probes": {
    "lti_gate": {
      "alive": true,
      "level": "OK",
      "detail": "lti-gate 守护进程存活"
    },
    "crypto_perms": {
      "exists": true,
      "perms": "0o600",
      "expected": "0o600",
      "level": "OK",
      "detail": "L1 密钥脚本权限合规"
    },
    "desensitize": {
      "present": true,
      "level": "OK",
      "detail": "脱敏门禁脚本在位"
    },
    "m1_mode": {
      "mode": "local-only",
      "level": "OK",
      "detail": "M1 网络模式=local-only（whitelist 更严，allow_external 为默认）"
    },
    "d3_freshness": {
      "present": true,
      "latest": "lawtwin-backup-20260928.L1.tar.gz.enc",
      "age_hours": 76.6,
      "threshold_hours": 25,
      "level": "P0",
      "detail": "最新备份 lawtwin-backup-20260928.L1.tar.gz.enc 距今 76.6h（超阈值，备份可能失败）"
    }
  },
  "pii_safe": true
}
{
  "schema": "lawtwin-health-v1",
  "scanned_at": "2026-10-01T13:30:42",
  "overall": "P0",
  "probes": {
    "lti_gate": {
      "alive": true,
      "level": "OK",
      "detail": "lti-gate 守护进程存活"
    },
    "crypto_perms": {
      "exists": true,
      "perms": "0o600",
      "expected": "0o600",
      "level": "OK",
      "detail": "L1 密钥脚本权限合规"
    },
    "desensitize": {
      "present": true,
      "level": "OK",
      "detail": "脱敏门禁脚本在位"
    },
    "m1_mode": {
      "mode": "local-only",
      "level": "OK",
      "detail": "M1 网络模式=local-only（whitelist 更严，allow_external 为默认）"
    },
    "d3_freshness": {
      "present": true,
      "latest": "lawtwin-backup-20260928.L1.tar.gz.enc",
      "age_hours": 76.7,
      "threshold_hours": 25,
      "level": "P0",
      "detail": "最新备份 lawtwin-backup-20260928.L1.tar.gz.enc 距今 76.7h（超阈值，备份可能失败）"
    }
  },
  "pii_safe": true
}
{
  "schema": "lawtwin-health-v1",
  "scanned_at": "2026-10-01T13:40:42",
  "overall": "P0",
  "probes": {
    "lti_gate": {
      "alive": true,
      "level": "OK",
      "detail": "lti-gate 守护进程存活"
    },
    "crypto_perms": {
      "exists": true,
      "perms": "0o600",
      "expected": "0o600",
      "level": "OK",
      "detail": "L1 密钥脚本权限合规"
    },
    "desensitize": {
      "present": true,
      "level": "OK",
      "detail": "脱敏门禁脚本在位"
    },
    "m1_mode": {
      "mode": "local-only",
      "level": "OK",
      "detail": "M1 网络模式=local-only（whitelist 更严，allow_external 为默认）"
    },
    "d3_freshness": {
      "present": true,
      "latest": "lawtwin-backup-20260928.L1.tar.gz.enc",
      "age_hours": 76.9,
      "threshold_hours": 25,
      "level": "P0",
      "detail": "最新备份 lawtwin-backup-20260928.L1.tar.gz.enc 距今 76.9h（超阈值，备份可能失败）"
    }
  },
  "pii_safe": true
}
{
  "schema": "lawtwin-health-v1",
  "scanned_at": "2026-10-01T14:20:37",
  "overall": "P0",
  "probes": {
    "lti_gate": {
      "alive": true,
      "level": "OK",
      "detail": "lti-gate 守护进程存活"
    },
    "crypto_perms": {
      "exists": true,
      "perms": "0o600",
      "expected": "0o600",
      "level": "OK",
      "detail": "L1 密钥脚本权限合规"
    },
    "desensitize": {
      "present": true,
      "level": "OK",
      "detail": "脱敏门禁脚本在位"
    },
    "m1_mode": {
      "mode": "local-only",
      "level": "OK",
      "detail": "M1 网络模式=local-only（whitelist 更严，allow_external 为默认）"
    },
    "d3_freshness": {
      "present": true,
      "latest": "lawtwin-backup-20260928.L1.tar.gz.enc",
      "age_hours": 77.6,
      "threshold_hours": 25,
      "level": "P0",
      "detail": "最新备份 lawtwin-backup-20260928.L1.tar.gz.enc 距今 77.6h（超阈值，备份可能失败）"
    }
  },
  "pii_safe": true
}
{
  "schema": "lawtwin-health-v1",
  "scanned_at": "2026-10-01T14:30:37",
  "overall": "P0",
  "probes": {
    "lti_gate": {
      "alive": true,
      "level": "OK",
      "detail": "lti-gate 守护进程存活"
    },
    "crypto_perms": {
      "exists": true,
      "perms": "0o600",
      "expected": "0o600",
      "level": "OK",
      "detail": "L1 密钥脚本权限合规"
    },
    "desensitize": {
      "present": true,
      "level": "OK",
      "detail": "脱敏门禁脚本在位"
    },
    "m1_mode": {
      "mode": "local-only",
      "level": "OK",
      "detail": "M1 网络模式=local-only（whitelist 更严，allow_external 为默认）"
    },
    "d3_freshness": {
      "present": true,
      "latest": "lawtwin-backup-20260928.L1.tar.gz.enc",
      "age_hours": 77.7,
      "threshold_hours": 25,
      "level": "P0",
      "detail": "最新备份 lawtwin-backup-20260928.L1.tar.gz.enc 距今 77.7h（超阈值，备份可能失败）"
    }
  },
  "pii_safe": true
}
{
  "schema": "lawtwin-health-v1",
  "scanned_at": "2026-10-01T14:40:38",
  "overall": "P0",
  "probes": {
    "lti_gate": {
      "alive": true,
      "level": "OK",
      "detail": "lti-gate 守护进程存活"
    },
    "crypto_perms": {
      "exists": true,
      "perms": "0o600",
      "expected": "0o600",
      "level": "OK",
      "detail": "L1 密钥脚本权限合规"
    },
    "desensitize": {
      "present": true,
      "level": "OK",
      "detail": "脱敏门禁脚本在位"
    },
    "m1_mode": {
      "mode": "local-only",
      "level": "OK",
      "detail": "M1 网络模式=local-only（whitelist 更严，allow_external 为默认）"
    },
    "d3_freshness": {
      "present": true,
      "latest": "lawtwin-backup-20260928.L1.tar.gz.enc",
      "age_hours": 77.9,
      "threshold_hours": 25,
      "level": "P0",
      "detail": "最新备份 lawtwin-backup-20260928.L1.tar.gz.enc 距今 77.9h（超阈值，备份可能失败）"
    }
  },
  "pii_safe": true
}
{
  "schema": "lawtwin-health-v1",
  "scanned_at": "2026-10-01T14:50:38",
  "overall": "P0",
  "probes": {
    "lti_gate": {
      "alive": true,
      "level": "OK",
      "detail": "lti-gate 守护进程存活"
    },
    "crypto_perms": {
      "exists": true,
      "perms": "0o600",
      "expected": "0o600",
      "level": "OK",
      "detail": "L1 密钥脚本权限合规"
    },
    "desensitize": {
      "present": true,
      "level": "OK",
      "detail": "脱敏门禁脚本在位"
    },
    "m1_mode": {
      "mode": "local-only",
      "level": "OK",
      "detail": "M1 网络模式=local-only（whitelist 更严，allow_external 为默认）"
    },
    "d3_freshness": {
      "present": true,
      "latest": "lawtwin-backup-20260928.L1.tar.gz.enc",
      "age_hours": 78.1,
      "threshold_hours": 25,
      "level": "P0",
      "detail": "最新备份 lawtwin-backup-20260928.L1.tar.gz.enc 距今 78.1h（超阈值，备份可能失败）"
    }
  },
  "pii_safe": true
}
{
  "schema": "lawtwin-health-v1",
  "scanned_at": "2026-10-01T15:00:38",
  "overall": "P0",
  "probes": {
    "lti_gate": {
      "alive": true,
      "level": "OK",
      "detail": "lti-gate 守护进程存活"
    },
    "crypto_perms": {
      "exists": true,
      "perms": "0o600",
      "expected": "0o600",
      "level": "OK",
      "detail": "L1 密钥脚本权限合规"
    },
    "desensitize": {
      "present": true,
      "level": "OK",
      "detail": "脱敏门禁脚本在位"
    },
    "m1_mode": {
      "mode": "local-only",
      "level": "OK",
      "detail": "M1 网络模式=local-only（whitelist 更严，allow_external 为默认）"
    },
    "d3_freshness": {
      "present": true,
      "latest": "lawtwin-backup-20260928.L1.tar.gz.enc",
      "age_hours": 78.2,
      "threshold_hours": 25,
      "level": "P0",
      "detail": "最新备份 lawtwin-backup-20260928.L1.tar.gz.enc 距今 78.2h（超阈值，备份可能失败）"
    }
  },
  "pii_safe": true
}
{
  "schema": "lawtwin-health-v1",
  "scanned_at": "2026-10-01T15:16:13",
  "overall": "P0",
  "probes": {
    "lti_gate": {
      "alive": true,
      "level": "OK",
      "detail": "lti-gate 守护进程存活"
    },
    "crypto_perms": {
      "exists": true,
      "perms": "0o600",
      "expected": "0o600",
      "level": "OK",
      "detail": "L1 密钥脚本权限合规"
    },
    "desensitize": {
      "present": true,
      "level": "OK",
      "detail": "脱敏门禁脚本在位"
    },
    "m1_mode": {
      "mode": "local-only",
      "level": "OK",
      "detail": "M1 网络模式=local-only（whitelist 更严，allow_external 为默认）"
    },
    "d3_freshness": {
      "present": true,
      "latest": "lawtwin-backup-20260928.L1.tar.gz.enc",
      "age_hours": 78.5,
      "threshold_hours": 25,
      "level": "P0",
      "detail": "最新备份 lawtwin-backup-20260928.L1.tar.gz.enc 距今 78.5h（超阈值，备份可能失败）"
    }
  },
  "pii_safe": true
}
{
  "schema": "lawtwin-health-v1",
  "scanned_at": "2026-10-01T21:42:00",
  "overall": "P0",
  "probes": {
    "lti_gate": {
      "alive": false,
      "level": "P0",
      "detail": "lti-gate 守护进程未探活（门禁可能未启动）"
    },
    "crypto_perms": {
      "exists": true,
      "perms": "0o600",
      "expected": "0o600",
      "level": "OK",
      "detail": "L1 密钥脚本权限合规"
    },
    "desensitize": {
      "present": true,
      "level": "OK",
      "detail": "脱敏门禁脚本在位"
    },
    "m1_mode": {
      "mode": "local-only",
      "level": "OK",
      "detail": "M1 网络模式=local-only（whitelist 更严，allow_external 为默认）"
    },
    "d3_freshness": {
      "present": true,
      "latest": "lawtwin-backup-20260928.L1.tar.gz.enc",
      "age_hours": 84.9,
      "threshold_hours": 25,
      "level": "P0",
      "detail": "最新备份 lawtwin-backup-20260928.L1.tar.gz.enc 距今 84.9h（超阈值，备份可能失败）"
    }
  },
  "pii_safe": true
}
{
  "schema": "lawtwin-health-v1",
  "scanned_at": "2026-10-01T21:52:01",
  "overall": "P0",
  "probes": {
    "lti_gate": {
      "alive": false,
      "level": "P0",
      "detail": "lti-gate 守护进程未探活（门禁可能未启动）"
    },
    "crypto_perms": {
      "exists": true,
      "perms": "0o600",
      "expected": "0o600",
      "level": "OK",
      "detail": "L1 密钥脚本权限合规"
    },
    "desensitize": {
      "present": true,
      "level": "OK",
      "detail": "脱敏门禁脚本在位"
    },
    "m1_mode": {
      "mode": "local-only",
      "level": "OK",
      "detail": "M1 网络模式=local-only（whitelist 更严，allow_external 为默认）"
    },
    "d3_freshness": {
      "present": true,
      "latest": "lawtwin-backup-20260928.L1.tar.gz.enc",
      "age_hours": 85.1,
      "threshold_hours": 25,
      "level": "P0",
      "detail": "最新备份 lawtwin-backup-20260928.L1.tar.gz.enc 距今 85.1h（超阈值，备份可能失败）"
    }
  },
  "pii_safe": true
}
{
  "schema": "lawtwin-health-v1",
  "scanned_at": "2026-10-01T22:02:01",
  "overall": "P0",
  "probes": {
    "lti_gate": {
      "alive": false,
      "level": "P0",
      "detail": "lti-gate 守护进程未探活（门禁可能未启动）"
    },
    "crypto_perms": {
      "exists": true,
      "perms": "0o600",
      "expected": "0o600",
      "level": "OK",
      "detail": "L1 密钥脚本权限合规"
    },
    "desensitize": {
      "present": true,
      "level": "OK",
      "detail": "脱敏门禁脚本在位"
    },
    "m1_mode": {
      "mode": "local-only",
      "level": "OK",
      "detail": "M1 网络模式=local-only（whitelist 更严，allow_external 为默认）"
    },
    "d3_freshness": {
      "present": true,
      "latest": "lawtwin-backup-20260928.L1.tar.gz.enc",
      "age_hours": 85.3,
      "threshold_hours": 25,
      "level": "P0",
      "detail": "最新备份 lawtwin-backup-20260928.L1.tar.gz.enc 距今 85.3h（超阈值，备份可能失败）"
    }
  },
  "pii_safe": true
}
